experiment,study_title,type,authors,journal
bryan-johnson-blueprint,Acute and short-term efficacy of sauna treatment on cardiovascular function: A meta-analysis,MA,Health Commons,Review
bryan-johnson-blueprint,"Cardiovascular effects of atenolol, scopolamine and their combination on healthy men in Finnish sauna baths",MECH,Health Commons,Journal Article
bryan-johnson-blueprint,Comparison of short exposure to severe dry and wet heat in saunas,MECH,Health Commons,Journal Article
bryan-johnson-blueprint,Does the Combination of Finnish Sauna Bathing and Other Lifestyle Factors Confer Additional Health Benefits? A Review of the Evidence,REV,Health Commons,Review
bryan-johnson-blueprint,Effects of a Finnish sauna on the pharmacokinetics and haemodynamic actions of propranolol and captopril in healthy volunteers,INT,Health Commons,Journal Article
bryan-johnson-blueprint,Effects of exposure to Finnish sauna,MECH,Health Commons,Journal Article
bryan-johnson-blueprint,Effects of Post-Exercise Heat Exposure on Acute Recovery and Training-Induced Performance Adaptations: A Systematic Review,REV,Health Commons,Review
bryan-johnson-blueprint,Facts and fables about sauna,REV,Health Commons,Review
bryan-johnson-blueprint,Finnish sauna bathing does not increase or decrease the risk of cancer in men: A prospective cohort study,OBS,Health Commons,Journal Article
bryan-johnson-blueprint,Heat and Medications – Guidance for Clinicians,GUIDE,Health Commons,Guideline
bryan-johnson-blueprint,Heat exposure and drugs. A review of the effects of hyperthermia on pharmacokinetics,REV,Health Commons,Review
bryan-johnson-blueprint,Heat stress and fetal risk. Environmental limits for exercise and passive heat stress during pregnancy: a systematic review with best evidence synthesis,REV,Health Commons,Review
bryan-johnson-blueprint,Hematological Adaptations to Post-Exercise Sauna Bathing With No Fluid Intake: A Randomized Cross-Over Study,INT,Health Commons,Journal Article
bryan-johnson-blueprint,Human thermoregulation in sauna,REV,Health Commons,Review
bryan-johnson-blueprint,Maternal heat exposure and neural tube defects,OBS,Health Commons,Journal Article
bryan-johnson-blueprint,Maternal hyperthermia and the risk for neural tube defects in offspring: systematic review and meta-analysis,MA,Health Commons,Review
bryan-johnson-blueprint,Most people might miss the biggest benefit of sauna,SRC,Health Commons,External Protocol
bryan-johnson-blueprint,My #1 Longevity Protocol of 2025,SRC,Health Commons,External Protocol
bryan-johnson-blueprint,My Morning Routine (2026),SRC,Health Commons,External Protocol
bryan-johnson-blueprint,Non-acute effects of passive heating interventions on cardiometabolic risk and vascular health: systematic review and meta-analysis of randomized controlled trials,MA,Health Commons,Review
bryan-johnson-blueprint,"Sauna bathing, renal function and chronic kidney disease: Cross-sectional and longitudinal findings from the KIHD study",OBS,Health Commons,Journal Article
bryan-johnson-blueprint,Suggested limits to the use of the hot tub and sauna by pregnant women,MECH,Health Commons,Journal Article
bryan-johnson-blueprint,The effect of a single sauna exposure on spermatozoa,MECH,Health Commons,Journal Article
bryan-johnson-blueprint,The effect of heat therapy on blood pressure and peripheral vascular function: A systematic review and meta-analysis,MA,Health Commons,Review
bryan-johnson-blueprint,The effect of post-exercise heat exposure (passive heat acclimation) on exercise performance in healthy adults: a systematic review and meta-analysis,MA,Health Commons,Review
bryan-johnson-blueprint,The effect of prescription and over-the-counter medications on core temperature in adults during heat stress: a systematic review and meta-analysis,MA,Health Commons,Review
bryan-johnson-blueprint,The sauna and pregnancy,MECH,Health Commons,Journal Article
bryan-johnson-blueprint,Acute Finnish sauna heat exposure induces stronger immune cell than cytokine responses,MECH,Health Commons,Journal Article
bryan-johnson-blueprint,Effect of a single Finnish sauna session on white blood cell profile and cortisol levels in athletes and non-athletes,MECH,Health Commons,Journal Article
bryan-johnson-blueprint,The Effects of Repeated Thermal Stress on the Physiological Parameters of Young Physically Active Men Who Regularly Use the Sauna: A Multifactorial Assessment,MECH,Health Commons,Journal Article
bryan-johnson-blueprint,"Effect of a Four-Week Extreme Heat (100 ± 2 °C) Sauna Baths Program in Combination with Resistance Training on Lower Limb Strength and Body Composition: A Blinded, Randomized Study",RCT,Health Commons,Journal Article
bryan-johnson-blueprint,Effect of Waon Therapy in Individuals With Heart Failure: A Systematic Review,REV,Health Commons,Review
bryan-johnson-blueprint,Heat therapy: mechanistic underpinnings and applications to cardiovascular health,MECH,Health Commons,Review
bryan-johnson-blueprint,I think I need to be fired. I've done 232 dry sauna sessions,SRC,Health Commons,External Protocol
bryan-johnson-blueprint,Influence of genital heat stress on semen quality in humans,REV,Health Commons,Review
bryan-johnson-blueprint,"Passive heat therapy improves endothelial function, arterial stiffness and blood pressure in sedentary humans",RCT,Health Commons,Journal Article
bryan-johnson-blueprint,Sauna use as a lifestyle practice to extend healthspan,REV,Health Commons,Review
bryan-johnson-blueprint,The effects of hot-water immersion on cardiovascular and cardiorespiratory health of healthy adults: A systematic review and meta-analysis,MA,Health Commons,Review
bryan-johnson-blueprint,Benefits and risks of sauna bathing,REV,Health Commons,Review
bryan-johnson-blueprint,Cardiovascular and Other Health Benefits of Sauna Bathing: A Review of the Evidence,REV,Health Commons,Review
bryan-johnson-blueprint,Clinical Effects of Regular Dry Sauna Bathing: A Systematic Review,REV,Health Commons,Review
bryan-johnson-blueprint,Effects of sauna on sperm movement characteristics of normal men measured by computer-assisted sperm analysis,MECH,Health Commons,Journal Article
bryan-johnson-blueprint,Health effects and risks of sauna bathing,REV,Health Commons,Review
bryan-johnson-blueprint,Is sauna bathing protective of sudden cardiac death? A review of the evidence,REV,Health Commons,Review
bryan-johnson-blueprint,Seminal and molecular evidence that sauna exposure affects human spermatogenesis,MECH,Health Commons,Journal Article
bryan-johnson-blueprint,The influence of extreme thermal stress on the physiological and psychological characteristics of young women who sporadically use the sauna: practical implications for the safe use of the sauna,MECH,Health Commons,Journal Article
bryan-johnson-blueprint,The multifaceted benefits of passive heat therapies for extending the healthspan: A comprehensive review with a particular focus on Finnish sauna,REV,Health Commons,Review
bryan-johnson-blueprint,The sauna and body fluid balance,MECH,Health Commons,Journal Article
caffeine-curfew-dose-reset,Consumer Sleep Technology: An American Academy of Sleep Medicine Position Statement,GUIDE,Health Commons,Guideline
caffeine-curfew-dose-reset,Wearable Sleep Technology in Clinical and Research Settings,REV,Health Commons,Review
caffeine-curfew-dose-reset,"Use of Actigraphy for the Evaluation of Sleep Disorders and Circadian Rhythm Sleep-Wake Disorders: An American Academy of Sleep Medicine Systematic Review, Meta-Analysis, and GRADE Assessment",MA,Health Commons,Review
caffeine-curfew-dose-reset,Consumer sleep technology: A position statement from the National Sleep Foundation,GUIDE,Health Commons,Guideline
caffeine-curfew-dose-reset,"Deriving Accurate Nocturnal Heart Rate, rMSSD and Frequency HRV from the Oura Ring",SRC,Health Commons,Journal Article
caffeine-curfew-dose-reset,Evaluating reliability in wearable devices for sleep staging,REV,Health Commons,Review
caffeine-curfew-dose-reset,"Heart Rate Variability and Cardiac Vagal Tone in Psychophysiological Research – Recommendations for Experiment Planning, Data Analysis, and Data Reporting",GUIDE,Health Commons,Guideline
caffeine-curfew-dose-reset,"Measuring sleep: accuracy, sensitivity, and specificity of wrist actigraphy compared to polysomnography",SRC,Health Commons,Journal Article
caffeine-curfew-dose-reset,Practice parameters for the use of actigraphy in the assessment of sleep and sleep disorders: an update for 2007,GUIDE,Health Commons,Guideline
caffeine-curfew-dose-reset,The agreement between actigraphy and polysomnography in adults with chronic conditions: A systematic review and meta-analysis,MA,Health Commons,Review
caffeine-curfew-dose-reset,The role and validity of actigraphy in sleep medicine: an update,REV,Health Commons,Review
caffeine-curfew-dose-reset,Wearable technologies for developing sleep and circadian biomarkers: a summary of workshop discussions,REV,Health Commons,Review
consistent-wake-time,Acute sleep deprivation and culpable motor vehicle crash involvement,OBS,Health Commons,Journal Article
consistent-wake-time,Behavioral and psychological treatments for chronic insomnia disorder in adults: an American Academy of Sleep Medicine clinical practice guideline,GUIDE,Health Commons,Guideline
consistent-wake-time,Behavioral and psychophysiological correlates of irregularity in chronic sleep routines,OBS,Health Commons,Journal Article
consistent-wake-time,Beyond the mean: A systematic review on the correlates of daily intraindividual variability of sleep/wake patterns,REV,Health Commons,Review
consistent-wake-time,Consumer Sleep Technology: An American Academy of Sleep Medicine Position Statement,GUIDE,Health Commons,Guideline
consistent-wake-time,Daily associations between modifiable sleep behaviors and nighttime sleep among young adult drinkers with insomnia,OBS,Health Commons,Journal Article
consistent-wake-time,Management of Chronic Insomnia Disorder in Adults: A Clinical Practice Guideline From the American College of Physicians,GUIDE,Health Commons,Guideline
consistent-wake-time,Regularity and Timing of Sleep Patterns and Behavioral Health Among Adolescents,OBS,Health Commons,Journal Article
consistent-wake-time,School Start Times for Adolescents,GUIDE,Health Commons,Guideline
consistent-wake-time,Sleep Irregularity and Risk of Cardiovascular Events: The Multi-Ethnic Study of Atherosclerosis,OBS,Health Commons,Journal Article
consistent-wake-time,Sleep Irregularity and Subclinical Markers of Cardiovascular Disease: The Multi-Ethnic Study of Atherosclerosis,OBS,Health Commons,Journal Article
consistent-wake-time,Sleep Loss as a Trigger of Mood Episodes in Bipolar Disorder: Individual Differences Based on Diagnostic Subtype and Gender,OBS,Health Commons,Journal Article
consistent-wake-time,"Sleep regularity and major adverse cardiovascular events: a device-based prospective study in 72,269 UK adults",OBS,Health Commons,Journal Article
consistent-wake-time,Sleep regularity and mortality: a prospective analysis in the UK Biobank,OBS,Health Commons,Journal Article
consistent-wake-time,"Sleep regularity in healthy adolescents: Associations with sleep duration, sleep quality, and mental health",OBS,Health Commons,Journal Article
consistent-wake-time,Sleep regularity is a stronger predictor of mortality risk than sleep duration: A prospective cohort study,OBS,Health Commons,Journal Article
consistent-wake-time,"Sleep timing, sleep consistency, and health in adults: a systematic review",REV,Health Commons,Review
consistent-wake-time,Social Jetlag and Obesity,SRC,Health Commons,Journal Article
consistent-wake-time,Social jetlag: misalignment of biological and social time,OBS,Health Commons,Journal Article
consistent-wake-time,State of the science and recommendations for using wearable technology in sleep and circadian research,SRC,Health Commons,Journal Article
consistent-wake-time,The impacts of intra-individual daily sleep variability on daytime functioning and sleep architecture in healthy young adults: an experimental study,RCT,Health Commons,Journal Article
consistent-wake-time,Wearable Sleep Technology in Clinical and Research Settings,REV,Health Commons,Review
consistent-wake-time,Acute Sleep Deprivation and Risk of Motor Vehicle Crash Involvement,SRC,Health Commons,Web Page
consistent-wake-time,Association Between Social Jetlag and Components of Metabolic Syndrome: A Systematic Review and Meta-Analysis,MA,Health Commons,Review
consistent-wake-time,Association of social jetlag with metabolic syndrome among Japanese working population: the Furukawa Nutrition and Health Study,OBS,Health Commons,Journal Article
consistent-wake-time,Circadian Preference and Sleep-Wake Regularity: Associations With Self-Report Sleep Parameters in Daytime-Working Adults,OBS,Health Commons,Journal Article
consistent-wake-time,Clinical significance of night-to-night sleep variability in insomnia,OBS,Health Commons,Journal Article
consistent-wake-time,Greater bed- and wake-time variability is associated with less healthy lifestyle behaviors: a cross-sectional study,OBS,Health Commons,Journal Article
consistent-wake-time,Interpersonal and social rhythm therapy: an intervention addressing rhythm dysregulation in bipolar disorder,REV,Health Commons,Review
consistent-wake-time,Irregular sleep and cardiometabolic risk: Clinical evidence and mechanisms,REV,Health Commons,Review
consistent-wake-time,National Sleep Foundation's updated sleep duration recommendations: final report,GUIDE,Health Commons,Guideline
consistent-wake-time,Negative Impacts of Shiftwork and Long Work Hours,REV,Health Commons,Review
consistent-wake-time,Night-to-night sleep variability in older adults with and without chronic insomnia,OBS,Health Commons,Journal Article
consistent-wake-time,NIOSH Training for Nurses on Shift Work and Long Work Hours,GUIDE,Health Commons,Guideline
consistent-wake-time,"Sleep regularity in adolescents: Associations with sleep, rest-activity indices, and prospective mental health symptoms",OBS,Health Commons,Journal Article
consistent-wake-time,"Sleep regularity is associated with sleep-wake and circadian timing, and mediates daytime function in delayed sleep-wake phase disorder",OBS,Health Commons,Journal Article
consistent-wake-time,Sleep variability among older adults with insomnia: Associations with sleep quality and cardiometabolic disease risk,OBS,Health Commons,Journal Article
consistent-wake-time,"Sleep Variability, Sleep Irregularity, and Nighttime Blood Pressure Dipping",OBS,Health Commons,Journal Article
consistent-wake-time,The association between social jetlag and parameters of metabolic syndrome and type 2 diabetes: a systematic review and meta-analysis,MA,Health Commons,Review
consistent-wake-time,"The Association between Social Jetlag, the Metabolic Syndrome, and Type 2 Diabetes Mellitus in the General Population: The New Hoorn Study",OBS,Health Commons,Journal Article
consistent-wake-time,"Use of Actigraphy for the Evaluation of Sleep Disorders and Circadian Rhythm Sleep-Wake Disorders: An American Academy of Sleep Medicine Systematic Review, Meta-Analysis, and GRADE Assessment",MA,Health Commons,Review
consistent-wake-time,Confronting Drowsy Driving: The American Academy of Sleep Medicine Perspective,GUIDE,Health Commons,Guideline
consistent-wake-time,Effect of Posthospitalization Sleep Regularity on Clinical Events in Adults With Heart Failure,OBS,Health Commons,Journal Article
consistent-wake-time,"Effects of irregular versus regular sleep schedules on performance, mood and body temperature",INT,Health Commons,Journal Article
consistent-wake-time,Effects of regularizing sleep-wake schedules on daytime autonomic functions and psychological states in healthy university students with irregular sleep-wake habits,INT,Health Commons,Journal Article
consistent-wake-time,Irregular sleep/wake patterns are associated with poorer academic performance and delayed circadian and sleep/wake timing,OBS,Health Commons,Journal Article
consistent-wake-time,Measuring sleep regularity: theoretical properties and practical usage of existing metrics,SRC,Health Commons,Journal Article
consistent-wake-time,National Sleep Foundation's sleep time duration recommendations: methodology and results summary,GUIDE,Health Commons,Guideline
consistent-wake-time,Practice Parameters for the Role of Actigraphy in the Study of Sleep and Circadian Rhythms: An Update for 2002,GUIDE,Health Commons,Guideline
consistent-wake-time,Practice parameters for the use of actigraphy in the assessment of sleep and sleep disorders: an update for 2007,GUIDE,Health Commons,Guideline
consistent-wake-time,Recommended Amount of Sleep for a Healthy Adult: A Joint Consensus Statement of the American Academy of Sleep Medicine and Sleep Research Society,GUIDE,Health Commons,Guideline
consistent-wake-time,Recommended Amount of Sleep for Pediatric Populations: A Consensus Statement of the American Academy of Sleep Medicine,GUIDE,Health Commons,Guideline
consistent-wake-time,Reduced sleep irregularity does not impact peripheral vascular function before or following total sleep deprivation,INT,Health Commons,Journal Article
consistent-wake-time,Short-term reduction in sleep irregularity modulates cardiac autonomic function and central hemodynamic parameters at rest,INT,Health Commons,Journal Article
consistent-wake-time,"Sleep Restriction Therapy for Insomnia Is Associated With Reduced Objective Total Sleep Time, Increased Daytime Somnolence, and Objectively Impaired Vigilance",INT,Health Commons,Journal Article
consistent-wake-time,Social Jetlag and Related Risks for Human Health,REV,Health Commons,Review
consistent-wake-time,The consensus sleep diary: standardizing prospective sleep self-monitoring,SRC,Health Commons,Journal Article
consistent-wake-time,The effects of regularizing sleep-wake schedules on daytime sleepiness,INT,Health Commons,Journal Article
consistent-wake-time,The importance of sleep regularity: a consensus statement of the National Sleep Foundation sleep timing and variability panel,GUIDE,Health Commons,Guideline
consistent-wake-time,Treatment of central disorders of hypersomnolence: an American Academy of Sleep Medicine clinical practice guideline,GUIDE,Health Commons,Guideline
consistent-wake-time,Validation of the Sleep Regularity Index in Older Adults and Associations with Cardiometabolic Risk,OBS,Health Commons,Journal Article
consistent-wake-time,Effects of regularizing sleep-wake schedules on daytime autonomic functions and psychological states in healthy university students with irregular sleep-wake habits,INT,Health Commons,Journal Article
consistent-wake-time,Short-term reduction in sleep irregularity modulates cardiac autonomic function and central hemodynamic parameters at rest,INT,Health Commons,Journal Article
consistent-wake-time,Reduced sleep irregularity does not impact peripheral vascular function before or following total sleep deprivation,INT,Health Commons,Journal Article
consistent-wake-time,"Effects of irregular versus regular sleep schedules on performance, mood and body temperature",INT,Health Commons,Journal Article
consistent-wake-time,The effects of regularizing sleep-wake schedules on daytime sleepiness,INT,Health Commons,Journal Article
consistent-wake-time,Behavioral and psychophysiological correlates of irregularity in chronic sleep routines,OBS,Health Commons,Journal Article
consistent-wake-time,Daily associations between modifiable sleep behaviors and nighttime sleep among young adult drinkers with insomnia,OBS,Health Commons,Journal Article
consistent-wake-time,The impacts of intra-individual daily sleep variability on daytime functioning and sleep architecture in healthy young adults: an experimental study,RCT,Health Commons,Journal Article
consistent-wake-time,Practice Parameters for the Role of Actigraphy in the Study of Sleep and Circadian Rhythms: An Update for 2002,GUIDE,Health Commons,Guideline
consistent-wake-time,Practice parameters for the use of actigraphy in the assessment of sleep and sleep disorders: an update for 2007,GUIDE,Health Commons,Guideline
consistent-wake-time,The consensus sleep diary: standardizing prospective sleep self-monitoring,SRC,Health Commons,Journal Article
consistent-wake-time,Consumer Sleep Technology: An American Academy of Sleep Medicine Position Statement,GUIDE,Health Commons,Guideline
consistent-wake-time,"Use of Actigraphy for the Evaluation of Sleep Disorders and Circadian Rhythm Sleep-Wake Disorders: An American Academy of Sleep Medicine Systematic Review, Meta-Analysis, and GRADE Assessment",MA,Health Commons,Review
consistent-wake-time,Wearable Sleep Technology in Clinical and Research Settings,REV,Health Commons,Review
consistent-wake-time,Measuring sleep regularity: theoretical properties and practical usage of existing metrics,SRC,Health Commons,Journal Article
consistent-wake-time,The importance of sleep regularity: a consensus statement of the National Sleep Foundation sleep timing and variability panel,GUIDE,Health Commons,Guideline
consistent-wake-time,State of the science and recommendations for using wearable technology in sleep and circadian research,SRC,Health Commons,Journal Article
consistent-wake-time,Effect of Posthospitalization Sleep Regularity on Clinical Events in Adults With Heart Failure,OBS,Health Commons,Journal Article
consistent-wake-time,Circadian Preference and Sleep-Wake Regularity: Associations With Self-Report Sleep Parameters in Daytime-Working Adults,OBS,Health Commons,Journal Article
consistent-wake-time,Irregular sleep and cardiometabolic risk: Clinical evidence and mechanisms,REV,Health Commons,Review
consistent-wake-time,Beyond the mean: A systematic review on the correlates of daily intraindividual variability of sleep/wake patterns,REV,Health Commons,Review
consistent-wake-time,Greater bed- and wake-time variability is associated with less healthy lifestyle behaviors: a cross-sectional study,OBS,Health Commons,Journal Article
consistent-wake-time,Irregular sleep/wake patterns are associated with poorer academic performance and delayed circadian and sleep/wake timing,OBS,Health Commons,Journal Article
consistent-wake-time,Validation of the Sleep Regularity Index in Older Adults and Associations with Cardiometabolic Risk,OBS,Health Commons,Journal Article
consistent-wake-time,"Sleep regularity is associated with sleep-wake and circadian timing, and mediates daytime function in delayed sleep-wake phase disorder",OBS,Health Commons,Journal Article
consistent-wake-time,Sleep Irregularity and Risk of Cardiovascular Events: The Multi-Ethnic Study of Atherosclerosis,OBS,Health Commons,Journal Article
consistent-wake-time,"Sleep timing, sleep consistency, and health in adults: a systematic review",REV,Health Commons,Review
consistent-wake-time,Sleep Irregularity and Subclinical Markers of Cardiovascular Disease: The Multi-Ethnic Study of Atherosclerosis,OBS,Health Commons,Journal Article
consistent-wake-time,Sleep regularity is a stronger predictor of mortality risk than sleep duration: A prospective cohort study,OBS,Health Commons,Journal Article
consistent-wake-time,"Sleep Variability, Sleep Irregularity, and Nighttime Blood Pressure Dipping",OBS,Health Commons,Journal Article
consistent-wake-time,Sleep regularity and mortality: a prospective analysis in the UK Biobank,OBS,Health Commons,Journal Article
consistent-wake-time,"Sleep regularity and major adverse cardiovascular events: a device-based prospective study in 72,269 UK adults",OBS,Health Commons,Journal Article
consistent-wake-time,Social Jetlag and Related Risks for Human Health,REV,Health Commons,Review
consistent-wake-time,Social jetlag: misalignment of biological and social time,OBS,Health Commons,Journal Article
consistent-wake-time,Social Jetlag and Obesity,SRC,Health Commons,Journal Article
consistent-wake-time,School Start Times for Adolescents,GUIDE,Health Commons,Guideline
consistent-wake-time,"The Association between Social Jetlag, the Metabolic Syndrome, and Type 2 Diabetes Mellitus in the General Population: The New Hoorn Study",OBS,Health Commons,Journal Article
consistent-wake-time,Association of social jetlag with metabolic syndrome among Japanese working population: the Furukawa Nutrition and Health Study,OBS,Health Commons,Journal Article
consistent-wake-time,Regularity and Timing of Sleep Patterns and Behavioral Health Among Adolescents,OBS,Health Commons,Journal Article
consistent-wake-time,The association between social jetlag and parameters of metabolic syndrome and type 2 diabetes: a systematic review and meta-analysis,MA,Health Commons,Review
consistent-wake-time,"Sleep regularity in healthy adolescents: Associations with sleep duration, sleep quality, and mental health",OBS,Health Commons,Journal Article
consistent-wake-time,Association Between Social Jetlag and Components of Metabolic Syndrome: A Systematic Review and Meta-Analysis,MA,Health Commons,Review
consistent-wake-time,"Sleep regularity in adolescents: Associations with sleep, rest-activity indices, and prospective mental health symptoms",OBS,Health Commons,Journal Article
consistent-wake-time,Acute Sleep Deprivation and Risk of Motor Vehicle Crash Involvement,SRC,Health Commons,Web Page
consistent-wake-time,NIOSH Training for Nurses on Shift Work and Long Work Hours,GUIDE,Health Commons,Guideline
consistent-wake-time,Negative Impacts of Shiftwork and Long Work Hours,REV,Health Commons,Review
consistent-wake-time,Interpersonal and social rhythm therapy: an intervention addressing rhythm dysregulation in bipolar disorder,REV,Health Commons,Review
consistent-wake-time,Night-to-night sleep variability in older adults with and without chronic insomnia,OBS,Health Commons,Journal Article
consistent-wake-time,Clinical significance of night-to-night sleep variability in insomnia,OBS,Health Commons,Journal Article
consistent-wake-time,"Sleep Restriction Therapy for Insomnia Is Associated With Reduced Objective Total Sleep Time, Increased Daytime Somnolence, and Objectively Impaired Vigilance",INT,Health Commons,Journal Article
consistent-wake-time,Recommended Amount of Sleep for a Healthy Adult: A Joint Consensus Statement of the American Academy of Sleep Medicine and Sleep Research Society,GUIDE,Health Commons,Guideline
consistent-wake-time,Confronting Drowsy Driving: The American Academy of Sleep Medicine Perspective,GUIDE,Health Commons,Guideline
consistent-wake-time,Sleep variability among older adults with insomnia: Associations with sleep quality and cardiometabolic disease risk,OBS,Health Commons,Journal Article
consistent-wake-time,Management of Chronic Insomnia Disorder in Adults: A Clinical Practice Guideline From the American College of Physicians,GUIDE,Health Commons,Guideline
consistent-wake-time,Recommended Amount of Sleep for Pediatric Populations: A Consensus Statement of the American Academy of Sleep Medicine,GUIDE,Health Commons,Guideline
consistent-wake-time,Sleep Loss as a Trigger of Mood Episodes in Bipolar Disorder: Individual Differences Based on Diagnostic Subtype and Gender,OBS,Health Commons,Journal Article
consistent-wake-time,National Sleep Foundation's updated sleep duration recommendations: final report,GUIDE,Health Commons,Guideline
consistent-wake-time,National Sleep Foundation's sleep time duration recommendations: methodology and results summary,GUIDE,Health Commons,Guideline
consistent-wake-time,Acute sleep deprivation and culpable motor vehicle crash involvement,OBS,Health Commons,Journal Article
consistent-wake-time,Behavioral and psychological treatments for chronic insomnia disorder in adults: an American Academy of Sleep Medicine clinical practice guideline,GUIDE,Health Commons,Guideline
consistent-wake-time,Treatment of central disorders of hypersomnolence: an American Academy of Sleep Medicine clinical practice guideline,GUIDE,Health Commons,Guideline
digital-sunset,Consumer Sleep Technology: An American Academy of Sleep Medicine Position Statement,GUIDE,Health Commons,Guideline
digital-sunset,Management of Chronic Insomnia Disorder in Adults: A Clinical Practice Guideline From the American College of Physicians,GUIDE,Health Commons,Guideline
digital-sunset,Sleep Loss as a Trigger of Mood Episodes in Bipolar Disorder: Individual Differences Based on Diagnostic Subtype and Gender,OBS,Health Commons,Journal Article
digital-sunset,Confronting Drowsy Driving: The American Academy of Sleep Medicine Perspective,GUIDE,Health Commons,Guideline
digital-sunset,Irregular sleep/wake patterns are associated with poorer academic performance and delayed circadian and sleep/wake timing,OBS,Health Commons,Journal Article
digital-sunset,On-call work and sleep: the importance of switching on during a callout and switching off after a call,REV,Health Commons,Journal Article
digital-sunset,Recommended Amount of Sleep for a Healthy Adult: A Joint Consensus Statement of the American Academy of Sleep Medicine and Sleep Research Society,GUIDE,Health Commons,Guideline
digital-sunset,Sleep and circadian disruption in bipolar disorders: From psychopathology to digital phenotyping in clinical practice,REV,Health Commons,Review
digital-sunset,Sleep-deprived motor vehicle operators are unfit to drive: a multidisciplinary expert consensus statement on drowsy driving,GUIDE,Health Commons,Guideline
digital-sunset,The consensus sleep diary: standardizing prospective sleep self-monitoring,SRC,Health Commons,Journal Article
digital-sunset,The Effect of Working On-Call on Stress Physiology and Sleep: A Systematic Review,REV,Health Commons,Review
digital-sunset,Treating Circadian Rhythm Disruption in Bipolar Disorder,REV,Health Commons,Review
digital-sunset,The consensus sleep diary: standardizing prospective sleep self-monitoring,SRC,Health Commons,Journal Article
digital-sunset,Consumer Sleep Technology: An American Academy of Sleep Medicine Position Statement,GUIDE,Health Commons,Guideline
digital-sunset,The consensus sleep diary: standardizing prospective sleep self-monitoring,SRC,Health Commons,Journal Article
digital-sunset,Recommended Amount of Sleep for a Healthy Adult: A Joint Consensus Statement of the American Academy of Sleep Medicine and Sleep Research Society,GUIDE,Health Commons,Guideline
digital-sunset,Confronting Drowsy Driving: The American Academy of Sleep Medicine Perspective,GUIDE,Health Commons,Guideline
digital-sunset,Management of Chronic Insomnia Disorder in Adults: A Clinical Practice Guideline From the American College of Physicians,GUIDE,Health Commons,Guideline
digital-sunset,Sleep-deprived motor vehicle operators are unfit to drive: a multidisciplinary expert consensus statement on drowsy driving,GUIDE,Health Commons,Guideline
digital-sunset,Consumer Sleep Technology: An American Academy of Sleep Medicine Position Statement,GUIDE,Health Commons,Guideline
digital-sunset,Sleep and circadian disruption in bipolar disorders: From psychopathology to digital phenotyping in clinical practice,REV,Health Commons,Review
digital-sunset,Management of Chronic Insomnia Disorder in Adults: A Clinical Practice Guideline From the American College of Physicians,GUIDE,Health Commons,Guideline
digital-sunset,The Effect of Working On-Call on Stress Physiology and Sleep: A Systematic Review,REV,Health Commons,Review
digital-sunset,Irregular sleep/wake patterns are associated with poorer academic performance and delayed circadian and sleep/wake timing,OBS,Health Commons,Journal Article
digital-sunset,Sleep Loss as a Trigger of Mood Episodes in Bipolar Disorder: Individual Differences Based on Diagnostic Subtype and Gender,OBS,Health Commons,Journal Article
digital-sunset,Treating Circadian Rhythm Disruption in Bipolar Disorder,REV,Health Commons,Review
digital-sunset,On-call work and sleep: the importance of switching on during a callout and switching off after a call,REV,Health Commons,Journal Article
digital-sunset,Sleep and circadian disruption in bipolar disorders: From psychopathology to digital phenotyping in clinical practice,REV,Health Commons,Review
finnish-sauna,2021 European Society of Hypertension practice guidelines for office and out-of-office blood pressure measurement,GUIDE,Health Commons,Guideline
finnish-sauna,Acute and short-term efficacy of sauna treatment on cardiovascular function: A meta-analysis,MA,Health Commons,Review
finnish-sauna,American College of Sports Medicine position stand. Exertional heat illness during training and competition,GUIDE,Health Commons,Guideline
finnish-sauna,Build a Sauna,GUIDE,Health Commons,Web Page
finnish-sauna,Can I use a sauna or hot tub early in pregnancy?,GUIDE,Health Commons,Web Page
finnish-sauna,"Cardiovascular effects of atenolol, scopolamine and their combination on healthy men in Finnish sauna baths",MECH,Health Commons,Journal Article
finnish-sauna,Clinical Overview of Heat and Pregnancy,GUIDE,Health Commons,Guideline
finnish-sauna,Comparison of short exposure to severe dry and wet heat in saunas,MECH,Health Commons,Journal Article
finnish-sauna,Consensus recommendations on training and competing in the heat,GUIDE,Health Commons,Guideline
finnish-sauna,Death in Sauna Associated With a Transdermal Fentanyl Patch,SRC,Health Commons,Journal Article
finnish-sauna,Deliberate Heat Exposure Protocols for Health & Performance,SRC,Health Commons,External Protocol
finnish-sauna,"Differential effects of sauna-, diuretic-, and exercise-induced hypohydration",MECH,Health Commons,Journal Article
finnish-sauna,Does the Combination of Finnish Sauna Bathing and Other Lifestyle Factors Confer Additional Health Benefits? A Review of the Evidence,REV,Health Commons,Review
finnish-sauna,DON'T DIE Protocol: Sauna,SRC,Health Commons,External Protocol
finnish-sauna,Effects of a Finnish sauna on the pharmacokinetics and haemodynamic actions of propranolol and captopril in healthy volunteers,INT,Health Commons,Journal Article
finnish-sauna,Effects of exposure to Finnish sauna,MECH,Health Commons,Journal Article
finnish-sauna,"Effects of heat and cold on health, with special reference to Finnish sauna bathing",REV,Health Commons,Review
finnish-sauna,Effects of heat exposure in a Finnish sauna on the pharmacokinetics and metabolism of midazolam,MECH,Health Commons,Journal Article
finnish-sauna,Effects of Post-Exercise Heat Exposure on Acute Recovery and Training-Induced Performance Adaptations: A Systematic Review,REV,Health Commons,Review
finnish-sauna,Facts and fables about sauna,REV,Health Commons,Review
finnish-sauna,Fimea issues a warning: Wearing an opioid patch in the sauna may cause life-threatening poisoning,GUIDE,Health Commons,Web Page
finnish-sauna,Finnish sauna,GUIDE,Health Commons,Guideline
finnish-sauna,Finnish sauna bathing does not increase or decrease the risk of cancer in men: A prospective cohort study,OBS,Health Commons,Journal Article
finnish-sauna,Guidelines for bathing in the sauna,GUIDE,Health Commons,Guideline
finnish-sauna,Guidelines for safe recreational water environments. Volume 2: Swimming pools and similar environments,GUIDE,Health Commons,Guideline
finnish-sauna,Heat and Medications – Guidance for Clinicians,GUIDE,Health Commons,Guideline
finnish-sauna,Heat exposure and drugs. A review of the effects of hyperthermia on pharmacokinetics,REV,Health Commons,Review
finnish-sauna,Heat stress and fetal risk. Environmental limits for exercise and passive heat stress during pregnancy: a systematic review with best evidence synthesis,REV,Health Commons,Review
finnish-sauna,Heat thermotherapy to improve cardiovascular function and cardiometabolic health: A systematic review and meta-analysis,MA,Health Commons,Review
finnish-sauna,Hematological Adaptations to Post-Exercise Sauna Bathing With No Fluid Intake: A Randomized Cross-Over Study,INT,Health Commons,Journal Article
finnish-sauna,"Home blood pressure monitoring: methodology, clinical relevance and practical application: a 2021 position paper by the Working Group on Blood Pressure Monitoring and Cardiovascular Variability of the European Society of Hypertension",GUIDE,Health Commons,Guideline
finnish-sauna,Human thermoregulation in sauna,REV,Health Commons,Review
finnish-sauna,Instructions How to enjoy a Finnish Sauna Bath,GUIDE,Health Commons,Web Page
finnish-sauna,Maternal heat exposure and neural tube defects,OBS,Health Commons,Journal Article
finnish-sauna,Maternal hyperthermia and the risk for neural tube defects in offspring: systematic review and meta-analysis,MA,Health Commons,Review
finnish-sauna,Measurement of Blood Pressure in Humans: A Scientific Statement From the American Heart Association,GUIDE,Health Commons,Guideline
finnish-sauna,Most people might miss the biggest benefit of sauna,SRC,Health Commons,External Protocol
finnish-sauna,My #1 Longevity Protocol of 2025,SRC,Health Commons,External Protocol
finnish-sauna,My Morning Routine (2026),SRC,Health Commons,External Protocol
finnish-sauna,Non-acute effects of passive heating interventions on cardiometabolic risk and vascular health: systematic review and meta-analysis of randomized controlled trials,MA,Health Commons,Review
finnish-sauna,Passive Heating: Reviewing Practical Heat Acclimation Strategies for Endurance Athletes,REV,Health Commons,Review
finnish-sauna,Physical Activity and Exercise During Pregnancy and the Postpartum Period,GUIDE,Health Commons,Guideline
finnish-sauna,"Pool Standards, July 2014 (Amended 2017)",GUIDE,Health Commons,Guideline
finnish-sauna,Rapid review: Environmental health risks and safety considerations in saunas,REV,Health Commons,Guideline
finnish-sauna,Repeated waon therapy improves pulmonary hypertension during exercise in patients with severe chronic obstructive pulmonary disease,SRC,Health Commons,Journal Article
finnish-sauna,Sauna bather's circulation,REV,Health Commons,Review
finnish-sauna,"Sauna bathing, renal function and chronic kidney disease: Cross-sectional and longitudinal findings from the KIHD study",OBS,Health Commons,Journal Article
finnish-sauna,Sauna Experience,GUIDE,Health Commons,External Protocol
finnish-sauna,Sauna-Induced Body Mass Loss in Young Sedentary Women and Men,MECH,Health Commons,Journal Article
finnish-sauna,Suggested limits to the use of the hot tub and sauna by pregnant women,MECH,Health Commons,Journal Article
finnish-sauna,The effect of a single sauna exposure on spermatozoa,MECH,Health Commons,Journal Article
finnish-sauna,The effect of heat therapy on blood pressure and peripheral vascular function: A systematic review and meta-analysis,MA,Health Commons,Review
finnish-sauna,The effect of post-exercise heat exposure (passive heat acclimation) on exercise performance in healthy adults: a systematic review and meta-analysis,MA,Health Commons,Review
finnish-sauna,The effect of prescription and over-the-counter medications on core temperature in adults during heat stress: a systematic review and meta-analysis,MA,Health Commons,Review
finnish-sauna,"The effect of six-weeks of sauna on treatment autonomic nervous system, peak nasal inspiratory flow and lung functions of allergic rhinitis Thai patients",RCT,Health Commons,Journal Article
finnish-sauna,The sauna and pregnancy,MECH,Health Commons,Journal Article
finnish-sauna,"The sauna, skin and skin diseases",REV,Health Commons,Review
finnish-sauna,Acute effects of exercise and sauna as a single intervention on arterial compliance,MECH,Health Commons,Journal Article
finnish-sauna,Acute Finnish sauna heat exposure induces stronger immune cell than cytokine responses,MECH,Health Commons,Journal Article
finnish-sauna,Effect of a single Finnish sauna session on white blood cell profile and cortisol levels in athletes and non-athletes,MECH,Health Commons,Journal Article
finnish-sauna,Effect of regular sauna on epidermal barrier function and stratum corneum water-holding capacity in vivo in humans: a controlled study,MECH,Health Commons,Journal Article
finnish-sauna,Effect of repeated alternative thermal stress on the physiological and body composition characteristics of young women sporadically using sauna,MECH,Health Commons,Journal Article
finnish-sauna,Endocrine effects of repeated sauna bathing,MECH,Health Commons,Journal Article
finnish-sauna,"Response of plasma endorphins, prolactin and catecholamines in women to intense heat in a sauna",MECH,Health Commons,Journal Article
finnish-sauna,The Effects of Repeated Thermal Stress on the Physiological Parameters of Young Physically Active Men Who Regularly Use the Sauna: A Multifactorial Assessment,MECH,Health Commons,Journal Article
finnish-sauna,A systematic review of the role of heat therapy for patients with intermittent claudication due to peripheral artery disease,REV,Health Commons,Review
finnish-sauna,Adaptations and mechanisms of human heat acclimation: applications for competitive athletes and sports,REV,Health Commons,Review
finnish-sauna,Before-bedtime passive body heating by warm shower or bath to improve sleep: a systematic review and meta-analysis,MA,Health Commons,Review
finnish-sauna,Cardiovascular autonomic modulation during passive heating protocols: a systematic review,REV,Health Commons,Review
finnish-sauna,"Effect of a Four-Week Extreme Heat (100 ± 2 °C) Sauna Baths Program in Combination with Resistance Training on Lower Limb Strength and Body Composition: A Blinded, Randomized Study",RCT,Health Commons,Journal Article
finnish-sauna,Effect of Waon Therapy in Individuals With Heart Failure: A Systematic Review,REV,Health Commons,Review
finnish-sauna,Effects of Bathtub Bathing and Sauna Practices on Cardiovascular and Systemic Health: A Narrative Review,REV,Health Commons,Review
finnish-sauna,FAQs,GUIDE,Health Commons,Web Page
finnish-sauna,Far infrared radiation (FIR): its biological effects and medical applications,REV,Health Commons,Review
finnish-sauna,Far-infrared saunas for treatment of cardiovascular risk factors: summary of published evidence,REV,Health Commons,Review
finnish-sauna,From Lab to Real World: Heat Acclimation Considerations for Elite Athletes,REV,Health Commons,Review
finnish-sauna,Guidance on home blood pressure monitoring: A statement of the HOPE Asia Network,GUIDE,Health Commons,Guideline
finnish-sauna,Heat alleviation strategies for athletic performance: A review and practitioner guidelines,GUIDE,Health Commons,Guideline
finnish-sauna,Heat therapy shows benefit in patients with type 2 diabetes mellitus: a systematic review and meta-analysis,MA,Health Commons,Review
finnish-sauna,Heat therapy: mechanistic underpinnings and applications to cardiovascular health,MECH,Health Commons,Review
finnish-sauna,Home Blood Pressure Monitoring,REV,Health Commons,Review
finnish-sauna,How Sauna Detoxified My Body,SRC,Health Commons,Podcast
finnish-sauna,How the sauna affects the endocrine system,REV,Health Commons,Journal Article
finnish-sauna,I think I need to be fired. I've done 232 dry sauna sessions,SRC,Health Commons,External Protocol
finnish-sauna,Influence of genital heat stress on semen quality in humans,REV,Health Commons,Review
finnish-sauna,"Influence of the mode of heating on cerebral blood flow, non-invasive intracranial pressure and thermal tolerance in humans",INT,Health Commons,Journal Article
finnish-sauna,Passive heat therapy for cardiovascular disease,REV,Health Commons,Review
finnish-sauna,"Passive heat therapy improves endothelial function, arterial stiffness and blood pressure in sedentary humans",RCT,Health Commons,Journal Article
finnish-sauna,Sauna and Health effects,REV,Health Commons,Web Page
finnish-sauna,Sauna use as a lifestyle practice to extend healthspan,REV,Health Commons,Review
finnish-sauna,Sauna use as a novel management approach for cardiovascular health and peripheral arterial disease,REV,Health Commons,Review
finnish-sauna,The Cardiometabolic Health Benefits of Sauna Exposure in Individuals with High-Stress Occupations. A Mechanistic Review,REV,Health Commons,Review
finnish-sauna,The effects of hot-water immersion on cardiovascular and cardiorespiratory health of healthy adults: A systematic review and meta-analysis,MA,Health Commons,Review
finnish-sauna,"The Role of Sauna Bathing in Ischemic Heart Disease: A Narrative Review of Therapeutic Potential, Physiological Mechanisms, and Emerging Clinical Applications",REV,Health Commons,Review
finnish-sauna,Benefits and risks of sauna bathing,REV,Health Commons,Review
finnish-sauna,Cardiovascular and Other Health Benefits of Sauna Bathing: A Review of the Evidence,REV,Health Commons,Review
finnish-sauna,Clinical Effects of Regular Dry Sauna Bathing: A Systematic Review,REV,Health Commons,Review
finnish-sauna,Effects of sauna on sperm movement characteristics of normal men measured by computer-assisted sperm analysis,MECH,Health Commons,Journal Article
finnish-sauna,Health effects and risks of sauna bathing,REV,Health Commons,Review
finnish-sauna,Is sauna bathing protective of sudden cardiac death? A review of the evidence,REV,Health Commons,Review
finnish-sauna,Seminal and molecular evidence that sauna exposure affects human spermatogenesis,MECH,Health Commons,Journal Article
finnish-sauna,The influence of extreme thermal stress on the physiological and psychological characteristics of young women who sporadically use the sauna: practical implications for the safe use of the sauna,MECH,Health Commons,Journal Article
finnish-sauna,The multifaceted benefits of passive heat therapies for extending the healthspan: A comprehensive review with a particular focus on Finnish sauna,REV,Health Commons,Review
finnish-sauna,The sauna and body fluid balance,MECH,Health Commons,Journal Article
finnish-sauna,Non-acute effects of passive heating interventions on cardiometabolic risk and vascular health: systematic review and meta-analysis of randomized controlled trials,MA,Health Commons,Review
finnish-sauna,Clinical Effects of Regular Dry Sauna Bathing: A Systematic Review,REV,Health Commons,Review
finnish-sauna,Cardiovascular and Other Health Benefits of Sauna Bathing: A Review of the Evidence,REV,Health Commons,Review
finnish-sauna,The multifaceted benefits of passive heat therapies for extending the healthspan: A comprehensive review with a particular focus on Finnish sauna,REV,Health Commons,Review
finnish-sauna,Health effects and risks of sauna bathing,REV,Health Commons,Review
finnish-sauna,Benefits and risks of sauna bathing,REV,Health Commons,Review
finnish-sauna,Sauna use as a lifestyle practice to extend healthspan,REV,Health Commons,Review
finnish-sauna,Effects of Bathtub Bathing and Sauna Practices on Cardiovascular and Systemic Health: A Narrative Review,REV,Health Commons,Review
finnish-sauna,"Effects of heat and cold on health, with special reference to Finnish sauna bathing",REV,Health Commons,Review
finnish-sauna,Is sauna bathing protective of sudden cardiac death? A review of the evidence,REV,Health Commons,Review
finnish-sauna,The Cardiometabolic Health Benefits of Sauna Exposure in Individuals with High-Stress Occupations. A Mechanistic Review,REV,Health Commons,Review
finnish-sauna,Does the Combination of Finnish Sauna Bathing and Other Lifestyle Factors Confer Additional Health Benefits? A Review of the Evidence,REV,Health Commons,Review
finnish-sauna,"The Role of Sauna Bathing in Ischemic Heart Disease: A Narrative Review of Therapeutic Potential, Physiological Mechanisms, and Emerging Clinical Applications",REV,Health Commons,Review
finnish-sauna,Human thermoregulation in sauna,REV,Health Commons,Review
finnish-sauna,"The effect of six-weeks of sauna on treatment autonomic nervous system, peak nasal inspiratory flow and lung functions of allergic rhinitis Thai patients",RCT,Health Commons,Journal Article
finnish-sauna,Acute Finnish sauna heat exposure induces stronger immune cell than cytokine responses,MECH,Health Commons,Journal Article
finnish-sauna,The effect of heat therapy on blood pressure and peripheral vascular function: A systematic review and meta-analysis,MA,Health Commons,Review
finnish-sauna,Non-acute effects of passive heating interventions on cardiometabolic risk and vascular health: systematic review and meta-analysis of randomized controlled trials,MA,Health Commons,Review
finnish-sauna,Heat thermotherapy to improve cardiovascular function and cardiometabolic health: A systematic review and meta-analysis,MA,Health Commons,Review
finnish-sauna,Effect of a single Finnish sauna session on white blood cell profile and cortisol levels in athletes and non-athletes,MECH,Health Commons,Journal Article
finnish-sauna,The Effects of Repeated Thermal Stress on the Physiological Parameters of Young Physically Active Men Who Regularly Use the Sauna: A Multifactorial Assessment,MECH,Health Commons,Journal Article
finnish-sauna,Cardiovascular autonomic modulation during passive heating protocols: a systematic review,REV,Health Commons,Review
finnish-sauna,Sauna bather's circulation,REV,Health Commons,Review
finnish-sauna,How the sauna affects the endocrine system,REV,Health Commons,Journal Article
finnish-sauna,The Cardiometabolic Health Benefits of Sauna Exposure in Individuals with High-Stress Occupations. A Mechanistic Review,REV,Health Commons,Review
finnish-sauna,"Home blood pressure monitoring: methodology, clinical relevance and practical application: a 2021 position paper by the Working Group on Blood Pressure Monitoring and Cardiovascular Variability of the European Society of Hypertension",GUIDE,Health Commons,Guideline
finnish-sauna,Measurement of Blood Pressure in Humans: A Scientific Statement From the American Heart Association,GUIDE,Health Commons,Guideline
finnish-sauna,2021 European Society of Hypertension practice guidelines for office and out-of-office blood pressure measurement,GUIDE,Health Commons,Guideline
finnish-sauna,Guidance on home blood pressure monitoring: A statement of the HOPE Asia Network,GUIDE,Health Commons,Guideline
finnish-sauna,Home Blood Pressure Monitoring,REV,Health Commons,Review
finnish-sauna,"Response of plasma endorphins, prolactin and catecholamines in women to intense heat in a sauna",MECH,Health Commons,Journal Article
finnish-sauna,Before-bedtime passive body heating by warm shower or bath to improve sleep: a systematic review and meta-analysis,MA,Health Commons,Review
finnish-sauna,Heat therapy: mechanistic underpinnings and applications to cardiovascular health,MECH,Health Commons,Review
finnish-sauna,Endocrine effects of repeated sauna bathing,MECH,Health Commons,Journal Article
finnish-sauna,Human thermoregulation in sauna,REV,Health Commons,Review
finnish-sauna,Passive heat therapy for cardiovascular disease,REV,Health Commons,Review
finnish-sauna,Passive Heating: Reviewing Practical Heat Acclimation Strategies for Endurance Athletes,REV,Health Commons,Review
finnish-sauna,Acute and short-term efficacy of sauna treatment on cardiovascular function: A meta-analysis,MA,Health Commons,Review
finnish-sauna,Hematological Adaptations to Post-Exercise Sauna Bathing With No Fluid Intake: A Randomized Cross-Over Study,INT,Health Commons,Journal Article
finnish-sauna,"Effect of a Four-Week Extreme Heat (100 ± 2 °C) Sauna Baths Program in Combination with Resistance Training on Lower Limb Strength and Body Composition: A Blinded, Randomized Study",RCT,Health Commons,Journal Article
finnish-sauna,Repeated waon therapy improves pulmonary hypertension during exercise in patients with severe chronic obstructive pulmonary disease,SRC,Health Commons,Journal Article
finnish-sauna,The effects of hot-water immersion on cardiovascular and cardiorespiratory health of healthy adults: A systematic review and meta-analysis,MA,Health Commons,Review
finnish-sauna,Adaptations and mechanisms of human heat acclimation: applications for competitive athletes and sports,REV,Health Commons,Review
finnish-sauna,From Lab to Real World: Heat Acclimation Considerations for Elite Athletes,REV,Health Commons,Review
finnish-sauna,Acute effects of exercise and sauna as a single intervention on arterial compliance,MECH,Health Commons,Journal Article
finnish-sauna,Heat alleviation strategies for athletic performance: A review and practitioner guidelines,GUIDE,Health Commons,Guideline
finnish-sauna,A systematic review of the role of heat therapy for patients with intermittent claudication due to peripheral artery disease,REV,Health Commons,Review
finnish-sauna,Heat therapy shows benefit in patients with type 2 diabetes mellitus: a systematic review and meta-analysis,MA,Health Commons,Review
finnish-sauna,The effect of post-exercise heat exposure (passive heat acclimation) on exercise performance in healthy adults: a systematic review and meta-analysis,MA,Health Commons,Review
finnish-sauna,Effects of Post-Exercise Heat Exposure on Acute Recovery and Training-Induced Performance Adaptations: A Systematic Review,REV,Health Commons,Review
finnish-sauna,Instructions How to enjoy a Finnish Sauna Bath,GUIDE,Health Commons,Web Page
finnish-sauna,Finnish sauna,GUIDE,Health Commons,Guideline
finnish-sauna,Guidelines for bathing in the sauna,GUIDE,Health Commons,Guideline
finnish-sauna,Sauna and Health effects,REV,Health Commons,Web Page
finnish-sauna,Build a Sauna,GUIDE,Health Commons,Web Page
finnish-sauna,FAQs,GUIDE,Health Commons,Web Page
finnish-sauna,Sauna Experience,GUIDE,Health Commons,External Protocol
finnish-sauna,Does the Combination of Finnish Sauna Bathing and Other Lifestyle Factors Confer Additional Health Benefits? A Review of the Evidence,REV,Health Commons,Review
finnish-sauna,"Sauna bathing, renal function and chronic kidney disease: Cross-sectional and longitudinal findings from the KIHD study",OBS,Health Commons,Journal Article
finnish-sauna,Finnish sauna bathing does not increase or decrease the risk of cancer in men: A prospective cohort study,OBS,Health Commons,Journal Article
finnish-sauna,Fimea issues a warning: Wearing an opioid patch in the sauna may cause life-threatening poisoning,GUIDE,Health Commons,Web Page
finnish-sauna,Can I use a sauna or hot tub early in pregnancy?,GUIDE,Health Commons,Web Page
finnish-sauna,Death in Sauna Associated With a Transdermal Fentanyl Patch,SRC,Health Commons,Journal Article
finnish-sauna,Heat and Medications – Guidance for Clinicians,GUIDE,Health Commons,Guideline
finnish-sauna,Clinical Overview of Heat and Pregnancy,GUIDE,Health Commons,Guideline
finnish-sauna,The effect of prescription and over-the-counter medications on core temperature in adults during heat stress: a systematic review and meta-analysis,MA,Health Commons,Review
finnish-sauna,Maternal hyperthermia and the risk for neural tube defects in offspring: systematic review and meta-analysis,MA,Health Commons,Review
finnish-sauna,Maternal heat exposure and neural tube defects,OBS,Health Commons,Journal Article
finnish-sauna,Heat exposure and drugs. A review of the effects of hyperthermia on pharmacokinetics,REV,Health Commons,Review
finnish-sauna,Physical Activity and Exercise During Pregnancy and the Postpartum Period,GUIDE,Health Commons,Guideline
finnish-sauna,Effects of a Finnish sauna on the pharmacokinetics and haemodynamic actions of propranolol and captopril in healthy volunteers,INT,Health Commons,Journal Article
finnish-sauna,The influence of extreme thermal stress on the physiological and psychological characteristics of young women who sporadically use the sauna: practical implications for the safe use of the sauna,MECH,Health Commons,Journal Article
finnish-sauna,Heat stress and fetal risk. Environmental limits for exercise and passive heat stress during pregnancy: a systematic review with best evidence synthesis,REV,Health Commons,Review
finnish-sauna,Seminal and molecular evidence that sauna exposure affects human spermatogenesis,MECH,Health Commons,Journal Article
finnish-sauna,My #1 Longevity Protocol of 2025,SRC,Health Commons,External Protocol
finnish-sauna,Effects of exposure to Finnish sauna,MECH,Health Commons,Journal Article
finnish-sauna,Benefits and risks of sauna bathing,REV,Health Commons,Review
finnish-sauna,Is sauna bathing protective of sudden cardiac death? A review of the evidence,REV,Health Commons,Review
finnish-sauna,Comparison of short exposure to severe dry and wet heat in saunas,MECH,Health Commons,Journal Article
finnish-sauna,"Effects of heat and cold on health, with special reference to Finnish sauna bathing",REV,Health Commons,Review
finnish-sauna,Health effects and risks of sauna bathing,REV,Health Commons,Review
finnish-sauna,The sauna and body fluid balance,MECH,Health Commons,Journal Article
finnish-sauna,Endocrine effects of repeated sauna bathing,MECH,Health Commons,Journal Article
finnish-sauna,"Influence of the mode of heating on cerebral blood flow, non-invasive intracranial pressure and thermal tolerance in humans",INT,Health Commons,Journal Article
finnish-sauna,Hematological Adaptations to Post-Exercise Sauna Bathing With No Fluid Intake: A Randomized Cross-Over Study,INT,Health Commons,Journal Article
finnish-sauna,The sauna and pregnancy,MECH,Health Commons,Journal Article
finnish-sauna,Effect of repeated alternative thermal stress on the physiological and body composition characteristics of young women sporadically using sauna,MECH,Health Commons,Journal Article
finnish-sauna,Suggested limits to the use of the hot tub and sauna by pregnant women,MECH,Health Commons,Journal Article
finnish-sauna,Facts and fables about sauna,REV,Health Commons,Review
finnish-sauna,Sauna-Induced Body Mass Loss in Young Sedentary Women and Men,MECH,Health Commons,Journal Article
finnish-sauna,American College of Sports Medicine position stand. Exertional heat illness during training and competition,GUIDE,Health Commons,Guideline
finnish-sauna,"Passive heat therapy improves endothelial function, arterial stiffness and blood pressure in sedentary humans",RCT,Health Commons,Journal Article
finnish-sauna,Effects of sauna on sperm movement characteristics of normal men measured by computer-assisted sperm analysis,MECH,Health Commons,Journal Article
finnish-sauna,"The Role of Sauna Bathing in Ischemic Heart Disease: A Narrative Review of Therapeutic Potential, Physiological Mechanisms, and Emerging Clinical Applications",REV,Health Commons,Review
finnish-sauna,Effect of Waon Therapy in Individuals With Heart Failure: A Systematic Review,REV,Health Commons,Review
finnish-sauna,"Cardiovascular effects of atenolol, scopolamine and their combination on healthy men in Finnish sauna baths",MECH,Health Commons,Journal Article
finnish-sauna,Sauna use as a novel management approach for cardiovascular health and peripheral arterial disease,REV,Health Commons,Review
finnish-sauna,Far-infrared saunas for treatment of cardiovascular risk factors: summary of published evidence,REV,Health Commons,Review
finnish-sauna,Influence of genital heat stress on semen quality in humans,REV,Health Commons,Review
finnish-sauna,Consensus recommendations on training and competing in the heat,GUIDE,Health Commons,Guideline
finnish-sauna,The effect of a single sauna exposure on spermatozoa,MECH,Health Commons,Journal Article
finnish-sauna,Far infrared radiation (FIR): its biological effects and medical applications,REV,Health Commons,Review
finnish-sauna,Effects of heat exposure in a Finnish sauna on the pharmacokinetics and metabolism of midazolam,MECH,Health Commons,Journal Article
finnish-sauna,"The sauna, skin and skin diseases",REV,Health Commons,Review
finnish-sauna,Effect of regular sauna on epidermal barrier function and stratum corneum water-holding capacity in vivo in humans: a controlled study,MECH,Health Commons,Journal Article
finnish-sauna,"Differential effects of sauna-, diuretic-, and exercise-induced hypohydration",MECH,Health Commons,Journal Article
finnish-sauna,Rapid review: Environmental health risks and safety considerations in saunas,REV,Health Commons,Guideline
finnish-sauna,"Pool Standards, July 2014 (Amended 2017)",GUIDE,Health Commons,Guideline
finnish-sauna,Guidelines for safe recreational water environments. Volume 2: Swimming pools and similar environments,GUIDE,Health Commons,Guideline
finnish-sauna,My #1 Longevity Protocol of 2025,SRC,Health Commons,External Protocol
finnish-sauna,I think I need to be fired. I've done 232 dry sauna sessions,SRC,Health Commons,External Protocol
finnish-sauna,Deliberate Heat Exposure Protocols for Health & Performance,SRC,Health Commons,External Protocol
finnish-sauna,DON'T DIE Protocol: Sauna,SRC,Health Commons,External Protocol
finnish-sauna,How Sauna Detoxified My Body,SRC,Health Commons,Podcast
finnish-sauna,My Morning Routine (2026),SRC,Health Commons,External Protocol
finnish-sauna,I think I need to be fired. I've done 232 dry sauna sessions,SRC,Health Commons,External Protocol
finnish-sauna,Most people might miss the biggest benefit of sauna,SRC,Health Commons,External Protocol
finnish-sauna,I think I need to be fired. I've done 232 dry sauna sessions,SRC,Health Commons,External Protocol
finnish-sauna,Most people might miss the biggest benefit of sauna,SRC,Health Commons,External Protocol
hyperbaric-oxygen-therapy,Safety of hyperbaric medicine in clinical scenarios,REV,Health Commons,Review
hyperbaric-oxygen-therapy,Effects of Oxygen Therapy on Patients with a Chronic Wound: A Systematic Review and Meta-analysis,MA,Health Commons,Review
hyperbaric-oxygen-therapy,Systematic review of the effects of topical oxygen therapy on wound healing,REV,Health Commons,Review
hyperbaric-oxygen-therapy,A European code of good practice for hyperbaric oxygen therapy - Review 2022,GUIDE,Health Commons,Guideline
hyperbaric-oxygen-therapy,"A General Overview on the Hyperbaric Oxygen Therapy: Applications, Mechanisms and Translational Opportunities",REV,Health Commons,Review
hyperbaric-oxygen-therapy,Application of hyperbaric oxygen therapy in diabetic foot ulcers: A meta-analysis,MA,Health Commons,Review
hyperbaric-oxygen-therapy,Can Hyperbaric Oxygen Therapy Reverse Biological Aging?,SRC,Health Commons,Web Page
hyperbaric-oxygen-therapy,Decision Memo for Hyperbaric Oxygen Therapy (HBO) in Hypoxic Wounds and Diabetic Wounds of the Lower Extremities,GUIDE,Health Commons,Guideline
hyperbaric-oxygen-therapy,Efficacy and safety of hyperbaric oxygen therapy in the management of diabetic foot ulcers: A systematic review and meta-analysis,MA,Health Commons,Review
hyperbaric-oxygen-therapy,Exercise With Oxygen Therapy (EWOT),SRC,Health Commons,Web Page
hyperbaric-oxygen-therapy,"Hyperbaric Oxygen (HBO) Therapy (Section C, Topical Application of Oxygen) Decision Memo",GUIDE,Health Commons,Guideline
hyperbaric-oxygen-therapy,Hyperbaric Oxygen Therapy Indications,GUIDE,Health Commons,Guideline
hyperbaric-oxygen-therapy,Hyperbaric Oxygen Therapy: Exploring the Clinical Evidence,REV,Health Commons,Review
hyperbaric-oxygen-therapy,"Hyperbaric treatment for children with autism: a multicenter, randomized, double-blind, controlled trial",RCT,Health Commons,Journal Article
hyperbaric-oxygen-therapy,Just A Few Of The Amazing Benefits Of Mild Hyperbaric Wellness,SRC,Health Commons,Web Page
hyperbaric-oxygen-therapy,Mild Hyperbaric Oxygen Therapy | Benefits and What to Expect,SRC,Health Commons,Web Page
hyperbaric-oxygen-therapy,Office-based Hyperbaric Oxygen Facility Credentialing Guidelines,GUIDE,Health Commons,Guideline
hyperbaric-oxygen-therapy,Oxygen in acute and chronic wound healing,REV,Health Commons,Review
hyperbaric-oxygen-therapy,Physician Attendance and Supervision of Hyperbaric Oxygen Therapy,GUIDE,Health Commons,Guideline
hyperbaric-oxygen-therapy,The American College of Hyperbaric Medicine consensus statement on physician credentialing for hyperbaric oxygen therapy,GUIDE,Health Commons,Guideline
hyperbaric-oxygen-therapy,Topical oxygen wound therapies for chronic wounds: a review,REV,Health Commons,Review
hyperbaric-oxygen-therapy,"UHMS Guidelines for Credentialing, Privileging and Supervision of Hyperbaric Oxygen Therapy in the U.S.A.",GUIDE,Health Commons,Guideline
hyperbaric-oxygen-therapy,UHMS Position Statement: Physician's Duties in Hyperbaric Medicine - 99183,GUIDE,Health Commons,Guideline
hyperbaric-oxygen-therapy,What Are the Benefits of Exercise With Oxygen Therapy?,SRC,Health Commons,Web Page
hyperbaric-oxygen-therapy,Physician Attendance and Supervision of Hyperbaric Oxygen Therapy,GUIDE,Health Commons,Guideline
hyperbaric-oxygen-therapy,A European code of good practice for hyperbaric oxygen therapy - Review 2022,GUIDE,Health Commons,Guideline
hyperbaric-oxygen-therapy,UHMS Position Statement: Physician's Duties in Hyperbaric Medicine - 99183,GUIDE,Health Commons,Guideline
hyperbaric-oxygen-therapy,"UHMS Guidelines for Credentialing, Privileging and Supervision of Hyperbaric Oxygen Therapy in the U.S.A.",GUIDE,Health Commons,Guideline
hyperbaric-oxygen-therapy,"Hyperbaric Oxygen (HBO) Therapy (Section C, Topical Application of Oxygen) Decision Memo",GUIDE,Health Commons,Guideline
hyperbaric-oxygen-therapy,Can Hyperbaric Oxygen Therapy Reverse Biological Aging?,SRC,Health Commons,Web Page
hyperbaric-oxygen-therapy,What Are the Benefits of Exercise With Oxygen Therapy?,SRC,Health Commons,Web Page
hyperbaric-oxygen-therapy,Just A Few Of The Amazing Benefits Of Mild Hyperbaric Wellness,SRC,Health Commons,Web Page
hyperbaric-oxygen-therapy,"Hyperbaric treatment for children with autism: a multicenter, randomized, double-blind, controlled trial",RCT,Health Commons,Journal Article
hyperbaric-oxygen-therapy,Mild Hyperbaric Oxygen Therapy | Benefits and What to Expect,SRC,Health Commons,Web Page
hyperbaric-oxygen-therapy,Exercise With Oxygen Therapy (EWOT),SRC,Health Commons,Web Page
hyperbaric-oxygen-therapy,Decision Memo for Hyperbaric Oxygen Therapy (HBO) in Hypoxic Wounds and Diabetic Wounds of the Lower Extremities,GUIDE,Health Commons,Guideline
hyperbaric-oxygen-therapy,"Hyperbaric Oxygen (HBO) Therapy (Section C, Topical Application of Oxygen) Decision Memo",GUIDE,Health Commons,Guideline
hyperbaric-oxygen-therapy,Physician Attendance and Supervision of Hyperbaric Oxygen Therapy,GUIDE,Health Commons,Guideline
hyperbaric-oxygen-therapy,The American College of Hyperbaric Medicine consensus statement on physician credentialing for hyperbaric oxygen therapy,GUIDE,Health Commons,Guideline
hyperbaric-oxygen-therapy,A European code of good practice for hyperbaric oxygen therapy - Review 2022,GUIDE,Health Commons,Guideline
hyperbaric-oxygen-therapy,UHMS Position Statement: Physician's Duties in Hyperbaric Medicine - 99183,GUIDE,Health Commons,Guideline
hyperbaric-oxygen-therapy,"UHMS Guidelines for Credentialing, Privileging and Supervision of Hyperbaric Oxygen Therapy in the U.S.A.",GUIDE,Health Commons,Guideline
hyperbaric-oxygen-therapy,Hyperbaric Oxygen Therapy Indications,GUIDE,Health Commons,Guideline
hyperbaric-oxygen-therapy,Office-based Hyperbaric Oxygen Facility Credentialing Guidelines,GUIDE,Health Commons,Guideline
hyperbaric-oxygen-therapy,Oxygen in acute and chronic wound healing,REV,Health Commons,Review
hyperbaric-oxygen-therapy,Topical oxygen wound therapies for chronic wounds: a review,REV,Health Commons,Review
hyperbaric-oxygen-therapy,Hyperbaric Oxygen Therapy: Exploring the Clinical Evidence,REV,Health Commons,Review
hyperbaric-oxygen-therapy,"A General Overview on the Hyperbaric Oxygen Therapy: Applications, Mechanisms and Translational Opportunities",REV,Health Commons,Review
hyperbaric-oxygen-therapy,Safety of hyperbaric medicine in clinical scenarios,REV,Health Commons,Review
hyperbaric-oxygen-therapy,Effects of Oxygen Therapy on Patients with a Chronic Wound: A Systematic Review and Meta-analysis,MA,Health Commons,Review
hyperbaric-oxygen-therapy,Systematic review of the effects of topical oxygen therapy on wound healing,REV,Health Commons,Review
hyperbaric-oxygen-therapy,Efficacy and safety of hyperbaric oxygen therapy in the management of diabetic foot ulcers: A systematic review and meta-analysis,MA,Health Commons,Review
hyperbaric-oxygen-therapy,Application of hyperbaric oxygen therapy in diabetic foot ulcers: A meta-analysis,MA,Health Commons,Review
it-band-syndrome-rehab-and-return-to-run,A Review of Treatments for Iliotibial Band Syndrome in the Athletic Population,REV,Health Commons,Review
it-band-syndrome-rehab-and-return-to-run,ACR Appropriateness Criteria® Acute Trauma to the Knee,GUIDE,Health Commons,Guideline
it-band-syndrome-rehab-and-return-to-run,Adverse effects of extra-articular corticosteroid injections: a systematic review,REV,Health Commons,Review
it-band-syndrome-rehab-and-return-to-run,ASB clinical biomechanics award winner 2006: prospective study of the biomechanical factors associated with iliotibial band syndrome,OBS,Health Commons,Journal Article
it-band-syndrome-rehab-and-return-to-run,"Assessment of strength, flexibility, and running mechanics in men with iliotibial band syndrome",MECH,Health Commons,Journal Article
it-band-syndrome-rehab-and-return-to-run,Bicycle Set-Up Dimensions and Cycling Kinematics: A Consensus Statement Using Delphi Methodology,GUIDE,Health Commons,Guideline
it-band-syndrome-rehab-and-return-to-run,Biomechanical risk factors associated with iliotibial band syndrome in runners: a systematic review,REV,Health Commons,Review
it-band-syndrome-rehab-and-return-to-run,Clinical Testing for Extra-Articular Lateral Knee Pain: A Modification and Combination of Traditional Tests,SRC,Health Commons,Journal Article
it-band-syndrome-rehab-and-return-to-run,Conservative treatment of iliotibial band syndrome in runners: Are we targeting the right goals?,REV,Health Commons,Journal Article
it-band-syndrome-rehab-and-return-to-run,Corrective neuromuscular approach to the treatment of iliotibial band friction syndrome: a case report.,N1,Health Commons,Journal Article
it-band-syndrome-rehab-and-return-to-run,"Development of a Soft Tissue Knee Clinical Decision-Making Tool for Patients Presenting to Primary Point-of-Care Providers in Alberta, Canada",SRC,Health Commons,Journal Article
it-band-syndrome-rehab-and-return-to-run,Diagnostic accuracy of the Ottawa Knee Rule in adult acute knee injuries: a systematic review and meta-analysis,MA,Health Commons,Review
it-band-syndrome-rehab-and-return-to-run,Dynamic Varus and the Development of Iliotibial Band Syndrome,OBS,Health Commons,Journal Article
it-band-syndrome-rehab-and-return-to-run,EULAR/EFORT recommendations for the diagnosis and initial management of patients with acute or recent onset swelling of the knee,GUIDE,Health Commons,Guideline
it-band-syndrome-rehab-and-return-to-run,Evaluation of Acute Knee Pain in Primary Care,REV,Health Commons,Review
it-band-syndrome-rehab-and-return-to-run,Evidence based treatment options for common knee injuries in runners,REV,Health Commons,Review
it-band-syndrome-rehab-and-return-to-run,Extra-articular Mimickers of Lateral Meniscal Tears,REV,Health Commons,Review
it-band-syndrome-rehab-and-return-to-run,Hip abductor strength and lower extremity running related injury in distance runners: A systematic review,REV,Health Commons,Review
it-band-syndrome-rehab-and-return-to-run,Iliotibial Band Friction Syndrome,REV,Health Commons,Review
it-band-syndrome-rehab-and-return-to-run,Iliotibial band friction syndrome--a systematic review,REV,Health Commons,Review
it-band-syndrome-rehab-and-return-to-run,Iliotibial band syndrome,REV,Health Commons,Review
it-band-syndrome-rehab-and-return-to-run,Iliotibial Band Syndrome Current Evidence,REV,Health Commons,Review
it-band-syndrome-rehab-and-return-to-run,Iliotibial Band Syndrome in Cycling: A Combined Experimental-Simulation Approach for Assessing the Effect of Saddle Setback,MECH,Health Commons,Journal Article
it-band-syndrome-rehab-and-return-to-run,Iliotibial band syndrome in cyclists,MECH,Health Commons,Journal Article
it-band-syndrome-rehab-and-return-to-run,Iliotibial Band Syndrome in Cyclists,SRC,Health Commons,Journal Article
it-band-syndrome-rehab-and-return-to-run,Iliotibial band syndrome in runners: innovations in treatment,REV,Health Commons,Review
it-band-syndrome-rehab-and-return-to-run,Iliotibial band syndrome: an examination of the evidence behind a number of treatment options,REV,Health Commons,Review
it-band-syndrome-rehab-and-return-to-run,Iliotibial band syndrome: evaluation and management,REV,Health Commons,Review
it-band-syndrome-rehab-and-return-to-run,Knee Pain in Adults and Adolescents: The Initial Evaluation,REV,Health Commons,Review
it-band-syndrome-rehab-and-return-to-run,Local corticosteroid injection in iliotibial band friction syndrome in runners: a randomised controlled trial,RCT,Health Commons,Journal Article
it-band-syndrome-rehab-and-return-to-run,Lower extremity kinematics during running and hip abductor strength in iliotibial band syndrome: a systematic review and meta-analysis,MA,Health Commons,Review
it-band-syndrome-rehab-and-return-to-run,Lower extremity mechanics of iliotibial band syndrome during an exhaustive run,MECH,Health Commons,Journal Article
it-band-syndrome-rehab-and-return-to-run,Operative Versus Nonoperative Management of Distal Iliotibial Band Syndrome-Where Do We Stand? A Systematic Review,REV,Health Commons,Review
it-band-syndrome-rehab-and-return-to-run,Practical management of iliotibial band friction syndrome in runners,REV,Health Commons,Review
it-band-syndrome-rehab-and-return-to-run,Risk factors associated with a history of iliotibial band syndrome (hITBS) in distance runners: a cross-sectional study in 76 654 race entrants - a SAFER XXXIII study,SRC,Health Commons,Journal Article
it-band-syndrome-rehab-and-return-to-run,The accuracy of the Ottawa knee rule to rule out knee fractures: a systematic review,REV,Health Commons,Review
it-band-syndrome-rehab-and-return-to-run,The acute swollen knee: diagnosis and management,REV,Health Commons,Review
it-band-syndrome-rehab-and-return-to-run,The biomechanical variables involved in the aetiology of iliotibial band syndrome in distance runners - A systematic review of the literature,REV,Health Commons,Review
it-band-syndrome-rehab-and-return-to-run,The influence of extrinsic factors on knee biomechanics during cycling: a systematic review of the literature,REV,Health Commons,Review
it-band-syndrome-rehab-and-return-to-run,The management of iliotibial band syndrome with a multifaceted approach: a double case report,N1,Health Commons,Journal Article
it-band-syndrome-rehab-and-return-to-run,"Use and safety of corticosteroid injections in joints and musculoskeletal soft tissue: guidelines from the American Society of Regional Anesthesia and Pain Medicine, American Academy of Pain Medicine, American Society of Interventional Pain Physicians, International Pain and Spine Intervention Society, and North American Spine Society",GUIDE,Health Commons,Guideline
it-band-syndrome-rehab-and-return-to-run,‘As easy as riding a bike’: a systematic review of injuries and illness in road cycling,REV,Health Commons,Review
it-band-syndrome-rehab-and-return-to-run,A 2-Year Prospective Cohort Study of Overuse Running Injuries: The Runners and Injury Longitudinal Study (TRAILS),OBS,Health Commons,Journal Article
it-band-syndrome-rehab-and-return-to-run,"A Comprehensive Reanalysis of the Distal Iliotibial Band: Quantitative Anatomical, Radiographic, and Biomechanical Study",MECH,Health Commons,Journal Article
it-band-syndrome-rehab-and-return-to-run,A literature review and clinical commentary on the development of iliotibial band syndrome in runners,REV,Health Commons,Review
it-band-syndrome-rehab-and-return-to-run,A prospective study of iliotibial band strain in runners,OBS,Health Commons,Journal Article
it-band-syndrome-rehab-and-return-to-run,A prospective study of running injuries: the Vancouver Sun Run ''In Training'' clinics,OBS,Health Commons,Journal Article
it-band-syndrome-rehab-and-return-to-run,A prospective study on time to recovery in 254 injured novice runners,OBS,Health Commons,Journal Article
it-band-syndrome-rehab-and-return-to-run,A quantitative MRI investigation of the association between iliotibial band syndrome and patellofemoral malalignment,MECH,Health Commons,Journal Article
it-band-syndrome-rehab-and-return-to-run,A retrospective case-control analysis of 2002 running injuries,OBS,Health Commons,Journal Article
it-band-syndrome-rehab-and-return-to-run,"A retrospective international study on factors associated with injury, discomfort and pain perception among cyclists",OBS,Health Commons,Journal Article
it-band-syndrome-rehab-and-return-to-run,ACR Appropriateness Criteria® Chronic Knee Pain,GUIDE,Health Commons,Guideline
it-band-syndrome-rehab-and-return-to-run,ACR Appropriateness Criteria® Stress (Fatigue-Insufficiency) Fracture Including Sacrum Excluding Other Vertebrae: 2024 Update,GUIDE,Health Commons,Guideline
it-band-syndrome-rehab-and-return-to-run,An anatomic investigation of the Ober test,MECH,Health Commons,Journal Article
it-band-syndrome-rehab-and-return-to-run,Anti-inflammatory and combined anti-inflammatory/analgesic medication in the early management of iliotibial band friction syndrome. A clinical trial,RCT,Health Commons,Journal Article
it-band-syndrome-rehab-and-return-to-run,Assessment of stretching of the iliotibial tract with Ober and modified Ober tests: an ultrasonographic study,MECH,Health Commons,Journal Article
it-band-syndrome-rehab-and-return-to-run,Associations between iliotibial band injury status and running biomechanics in women,MECH,Health Commons,Journal Article
it-band-syndrome-rehab-and-return-to-run,Basic Return to Running Guideline,GUIDE,Health Commons,Guideline
it-band-syndrome-rehab-and-return-to-run,Biomechanics of iliotibial band friction syndrome in runners,MECH,Health Commons,Journal Article
it-band-syndrome-rehab-and-return-to-run,Changes in saddle setback and intensity affect comfort and lower limb kinematics in recreational cyclists,MECH,Health Commons,Journal Article
it-band-syndrome-rehab-and-return-to-run,Clinical Application of Gait Retraining in the Injured Runner,GUIDE,Health Commons,Review
it-band-syndrome-rehab-and-return-to-run,"Comparative Effects of Clamshells and Frog Pump Exercises on Pain, Range of Motion and Functional Disability in Runners With ITBS",RCT,Health Commons,Web Page
it-band-syndrome-rehab-and-return-to-run,Comparison of phonophoresis and knee immobilization in treating iliotibial band syndrome,RCT,Health Commons,Journal Article
it-band-syndrome-rehab-and-return-to-run,Competitive female runners with a history of iliotibial band syndrome demonstrate atypical hip and knee kinematics,MECH,Health Commons,Journal Article
it-band-syndrome-rehab-and-return-to-run,Continuous relative phase variability during an exhaustive run in runners with a history of iliotibial band syndrome,MECH,Health Commons,Journal Article
it-band-syndrome-rehab-and-return-to-run,Corticosteroids reduce the tensile strength of isolated collagen fascicles,MECH,Health Commons,Journal Article
it-band-syndrome-rehab-and-return-to-run,"Current iliotibial band syndrome alters patterns of running coordination in male and female runners, but not their levels of coordination variability",MECH,Health Commons,Journal Article
it-band-syndrome-rehab-and-return-to-run,Cycling injuries of the lower extremity,REV,Health Commons,Review
it-band-syndrome-rehab-and-return-to-run,Cycling position optimisation–a systematic review of the impact of positional changes on biomechanical and physiological factors in cycling,REV,Health Commons,Review
it-band-syndrome-rehab-and-return-to-run,Deep transverse frictions in the treatment of iliotibial band friction syndrome in athletes: a clinical trial,RCT,Health Commons,Journal Article
it-band-syndrome-rehab-and-return-to-run,Deformation response of the iliotibial band-tensor fascia lata complex to clinical-grade longitudinal tension loading in-vitro,MECH,Health Commons,Journal Article
it-band-syndrome-rehab-and-return-to-run,Diagnoses and time to recovery among injured recreational runners in the RUN CLEVER trial,OBS,Health Commons,Journal Article
it-band-syndrome-rehab-and-return-to-run,Diagnosis of iliotibial band friction syndrome and ultrasound guided steroid injection,N1,Health Commons,Journal Article
it-band-syndrome-rehab-and-return-to-run,"Discomfort, pain and fatigue levels of 160 cyclists after a kinematic bike-fitting method: an experimental study",SRC,Health Commons,Journal Article
it-band-syndrome-rehab-and-return-to-run,Effect of Acute Self-Myofascial Release on Pain and Exercise Performance for Cycling Club Members with Iliotibial Band Friction Syndrome,SRC,Health Commons,Journal Article
it-band-syndrome-rehab-and-return-to-run,"Effect of Bike-Fit in the Perception of Comfort, Fatigue and Pain",SRC,Health Commons,Journal Article
it-band-syndrome-rehab-and-return-to-run,Effects of bicycle saddle height on knee injury risk and cycling performance,REV,Health Commons,Review
it-band-syndrome-rehab-and-return-to-run,"Effects of Functional Motor Control on Pain, Flexibility, Lower Extremity Function With Iliotibial Band Syndrome",RCT,Health Commons,Web Page
it-band-syndrome-rehab-and-return-to-run,Effects of iliotibial band syndrome on pain sensitivity and gait kinematics in female runners: A preliminary study,MECH,Health Commons,Journal Article
it-band-syndrome-rehab-and-return-to-run,Effects of moving forward or backward on the saddle on knee joint forces during cycling,MECH,Health Commons,Journal Article
it-band-syndrome-rehab-and-return-to-run,Effects of Posterior Oblique Sling Strengthening Exercises on Pain & Flexibility Among Runners With ITBS,RCT,Health Commons,Web Page
it-band-syndrome-rehab-and-return-to-run,Effects of running biomechanics on the occurrence of iliotibial band syndrome in male runners during an eight-week running programme-a prospective study,OBS,Health Commons,Journal Article
it-band-syndrome-rehab-and-return-to-run,Effects of Saddle Position on Cycling: An Umbrella Review,REV,Health Commons,Review
it-band-syndrome-rehab-and-return-to-run,Effects of Workloads and Cadences on Frontal Plane Knee Biomechanics in Cycling,MECH,Health Commons,Journal Article
it-band-syndrome-rehab-and-return-to-run,Etiology of iliotibial band friction syndrome in distance runners,MECH,Health Commons,Journal Article
it-band-syndrome-rehab-and-return-to-run,Etiology of knee pain in elite cyclists: A 14-month consecutive case series,OBS,Health Commons,Journal Article
it-band-syndrome-rehab-and-return-to-run,Evaluation of Treatment Factors in the Management of Chronic Iliotibial Band Syndrome in Female Runners,RCT,Health Commons,Web Page
it-band-syndrome-rehab-and-return-to-run,Excessive progression in weekly running distance and risk of running-related injuries: an association which varies according to type of injury,OBS,Health Commons,Journal Article
it-band-syndrome-rehab-and-return-to-run,Exercise Program for ITB Syndrome,RCT,Health Commons,Web Page
it-band-syndrome-rehab-and-return-to-run,Exertion and pain do not alter coordination variability in runners with iliotibial band syndrome,MECH,Health Commons,Journal Article
it-band-syndrome-rehab-and-return-to-run,Factors associated with overuse injury in cyclists: A systematic review,REV,Health Commons,Review
it-band-syndrome-rehab-and-return-to-run,Force and repetition in cycling: possible implications for iliotibial band friction syndrome,MECH,Health Commons,Journal Article
it-band-syndrome-rehab-and-return-to-run,Frontal plane running biomechanics in female runners with previous iliotibial band syndrome,MECH,Health Commons,Journal Article
it-band-syndrome-rehab-and-return-to-run,Gender differences in gait kinematics in runners with iliotibial band syndrome,MECH,Health Commons,Journal Article
it-band-syndrome-rehab-and-return-to-run,Hip abductor weakness in distance runners with iliotibial band syndrome,OBS,Health Commons,Journal Article
it-band-syndrome-rehab-and-return-to-run,Hip abductor weakness is not the cause for iliotibial band syndrome,MECH,Health Commons,Journal Article
it-band-syndrome-rehab-and-return-to-run,Hip muscle response to a fatiguing run in females with iliotibial band syndrome,MECH,Health Commons,Journal Article
it-band-syndrome-rehab-and-return-to-run,Iliotibial Band (IT Band) Syndrome,GUIDE,Health Commons,Web Page
it-band-syndrome-rehab-and-return-to-run,Iliotibial Band (IT Band) Syndrome,GUIDE,Health Commons,Web Page
it-band-syndrome-rehab-and-return-to-run,Iliotibial band friction syndrome,REV,Health Commons,Review
it-band-syndrome-rehab-and-return-to-run,Iliotibial band friction syndrome in runners,N1,Health Commons,Journal Article
it-band-syndrome-rehab-and-return-to-run,Iliotibial band friction syndrome: MR imaging findings in 16 patients and MR arthrographic study of six cadaveric knees,SRC,Health Commons,Journal Article
it-band-syndrome-rehab-and-return-to-run,Iliotibial Band Syndrome,GUIDE,Health Commons,Guideline
it-band-syndrome-rehab-and-return-to-run,Iliotibial band syndrome in the cyclist,REV,Health Commons,Web Page
it-band-syndrome-rehab-and-return-to-run,Iliotibial Band Syndrome Strengthening Exercises (IT Band),GUIDE,Health Commons,Guideline
it-band-syndrome-rehab-and-return-to-run,Iliotibial band syndrome: a common source of knee pain,REV,Health Commons,Review
it-band-syndrome-rehab-and-return-to-run,Iliotibial Band Syndrome: Soft Tissue and Biomechanical Factors in Evaluation and Treatment,REV,Health Commons,Review
it-band-syndrome-rehab-and-return-to-run,Iliotibial tract friction syndrome in athletes,N1,Health Commons,Journal Article
it-band-syndrome-rehab-and-return-to-run,Influence of lateral pedal translation on muscle recruitment and kinematics in cyclists,MECH,Health Commons,Journal Article
it-band-syndrome-rehab-and-return-to-run,Influence of Previous Iliotibial Band Syndrome on Coordination Patterns and Coordination Variability in Female Runners,MECH,Health Commons,Journal Article
it-band-syndrome-rehab-and-return-to-run,Influence of saddle setback on knee joint forces in cycling,MECH,Health Commons,Journal Article
it-band-syndrome-rehab-and-return-to-run,Influence of saddle setback on pedalling technique effectiveness in cycling,MECH,Health Commons,Journal Article
it-band-syndrome-rehab-and-return-to-run,Is iliotibial band syndrome really a friction syndrome?,MECH,Health Commons,Journal Article
it-band-syndrome-rehab-and-return-to-run,Knee Pain,GUIDE,Health Commons,Guideline
it-band-syndrome-rehab-and-return-to-run,Knee pain - assessment,GUIDE,Health Commons,Guideline
it-band-syndrome-rehab-and-return-to-run,Knee pain - Lateral knee pain,GUIDE,Health Commons,Web Page
it-band-syndrome-rehab-and-return-to-run,Knee pain (acute),GUIDE,Health Commons,Guideline
it-band-syndrome-rehab-and-return-to-run,Knee Pain and Mobility Impairments: Meniscal and Articular Cartilage Lesions Revision 2018,GUIDE,Health Commons,Guideline
it-band-syndrome-rehab-and-return-to-run,Lateral Collateral Ligament Knee Injury,REV,Health Commons,Review
it-band-syndrome-rehab-and-return-to-run,"Long-Term Effects of a Kinematic Bikefitting Method on Pain, Comfort, and Fatigue: A Prospective Cohort Study",OBS,Health Commons,Journal Article
it-band-syndrome-rehab-and-return-to-run,Lower body problems and injury in cycling,REV,Health Commons,Review
it-band-syndrome-rehab-and-return-to-run,Lower extremity overuse in bicycling,REV,Health Commons,Review
it-band-syndrome-rehab-and-return-to-run,Mass General Return to Running Program,GUIDE,Health Commons,Guideline
it-band-syndrome-rehab-and-return-to-run,Measurement of iliotibial band diameter in iliotibial band friction syndrome and comparison with an asymptomatic population,MECH,Health Commons,Journal Article
it-band-syndrome-rehab-and-return-to-run,Methods to determine saddle height in cycling and implications of changes in saddle height in performance and injury risk: A systematic review,REV,Health Commons,Review
it-band-syndrome-rehab-and-return-to-run,"Multicenter comparison of two clinical decision rules for radiography in acute, high-risk knee injuries",OBS,Health Commons,Journal Article
it-band-syndrome-rehab-and-return-to-run,Non-operative Management of Acute Knee Injuries,REV,Health Commons,Review
it-band-syndrome-rehab-and-return-to-run,Normative and critical criteria for iliotibial band and iliopsoas muscle flexibility,MECH,Health Commons,Journal Article
it-band-syndrome-rehab-and-return-to-run,Overuse injuries in professional road cyclists,OBS,Health Commons,Journal Article
it-band-syndrome-rehab-and-return-to-run,Pain and body position on the bicycle in competitive and recreational road cyclists: A retrospective study,OBS,Health Commons,Journal Article
it-band-syndrome-rehab-and-return-to-run,"Patellofemoral Pain: Clinical Practice Guidelines Linked to the International Classification of Functioning, Disability and Health From the Academy of Orthopaedic Physical Therapy of the American Physical Therapy Association",GUIDE,Health Commons,Guideline
it-band-syndrome-rehab-and-return-to-run,Physical Therapy Guide to Iliotibial Band Syndrome (IT Band Syndrome),GUIDE,Health Commons,Web Page
it-band-syndrome-rehab-and-return-to-run,Potential factors associated with knee pain in cyclists: a systematic review,REV,Health Commons,Review
it-band-syndrome-rehab-and-return-to-run,Predictors of running-related injuries in novice runners enrolled in a systematic training program: a prospective cohort study,OBS,Health Commons,Journal Article
it-band-syndrome-rehab-and-return-to-run,"Prevention, Evaluation, and Rehabilitation of Cycling-Related Injury",REV,Health Commons,Review
it-band-syndrome-rehab-and-return-to-run,Provincial Knee Primary Care Clinical Pathway,GUIDE,Health Commons,Guideline
it-band-syndrome-rehab-and-return-to-run,Quantitative analysis of the relative effectiveness of 3 iliotibial band stretches,MECH,Health Commons,Journal Article
it-band-syndrome-rehab-and-return-to-run,Radial extracorporeal shockwave therapy compared with manual therapy in runners with iliotibial band syndrome,RCT,Health Commons,Journal Article
it-band-syndrome-rehab-and-return-to-run,Rehabilitation Protocol for Iliotibial Band Syndrome,GUIDE,Health Commons,Guideline
it-band-syndrome-rehab-and-return-to-run,Relationship between iliotibial band syndrome and hip neuromechanics in women runners,MECH,Health Commons,Journal Article
it-band-syndrome-rehab-and-return-to-run,Running Injury Prevention Tips & Return to Running Program,GUIDE,Health Commons,Guideline
it-band-syndrome-rehab-and-return-to-run,Running-Related Biomechanical Risk Factors for Overuse Injuries in Distance Runners: A Systematic Review Considering Injury Specificity and the Potentials for Future Research,REV,Health Commons,Review
it-band-syndrome-rehab-and-return-to-run,Shockwave Therapy Versus Dry Needling for the Management of Iliotibial Band Syndrome: A Randomized Clinical Trial,RCT,Health Commons,Journal Article
it-band-syndrome-rehab-and-return-to-run,Short-term effects of mobilization-with-movement and auto-mobilization-with-movement application in recreational runners with iliotibial band syndrome,SRC,Health Commons,Journal Article
it-band-syndrome-rehab-and-return-to-run,Sonographic evaluation of the iliotibial band at the lateral femoral epicondyle: does the iliotibial band move?,MECH,Health Commons,Journal Article
it-band-syndrome-rehab-and-return-to-run,Standard of Care: Iliotibial Band Syndrome,GUIDE,Health Commons,Guideline
it-band-syndrome-rehab-and-return-to-run,Stiffness of the iliotibial band and associated muscles in runner''s knee: assessing the effects of physiotherapy through ultrasound shear wave elastography,OBS,Health Commons,Journal Article
it-band-syndrome-rehab-and-return-to-run,Stretching and Releasing of Iliotibial Band Complex in Patients with Iliotibial Band Syndrome: A Narrative Review,REV,Health Commons,Review
it-band-syndrome-rehab-and-return-to-run,Surgical treatment of iliotibial band friction syndrome. A retrospective study of 45 patients,OBS,Health Commons,Journal Article
it-band-syndrome-rehab-and-return-to-run,Surgical treatment of the iliotibial band friction syndrome,OBS,Health Commons,Journal Article
it-band-syndrome-rehab-and-return-to-run,"Swollen Knee: Causes, Treatment, and When to See a Doctor",REV,Health Commons,Web Page
it-band-syndrome-rehab-and-return-to-run,"The association of bike fitting with injury, comfort, and pain during cycling: An international retrospective survey",OBS,Health Commons,Journal Article
it-band-syndrome-rehab-and-return-to-run,The Cambridge Knee Injury Tool (CamKIT): a clinical prediction tool for acute soft tissue knee injuries,OBS,Health Commons,Journal Article
it-band-syndrome-rehab-and-return-to-run,The combined effect of myofascial release and hip strength training on iliotibial band syndrome: a preliminary randomized controlled trial,RCT,Health Commons,Journal Article
it-band-syndrome-rehab-and-return-to-run,"The effects of fatigue on lower extremity kinematics, kinetics and joint coupling in symptomatic female runners with iliotibial band syndrome",MECH,Health Commons,Journal Article
it-band-syndrome-rehab-and-return-to-run,The functional anatomy of the iliotibial band during flexion and extension of the knee: implications for understanding iliotibial band syndrome,MECH,Health Commons,Journal Article
it-band-syndrome-rehab-and-return-to-run,The Iliotibial Band: A Complex Structure with Versatile Functions,REV,Health Commons,Review
it-band-syndrome-rehab-and-return-to-run,"The iliotibial tract: imaging, anatomy, injuries, and other pathology",REV,Health Commons,Review
it-band-syndrome-rehab-and-return-to-run,The Immediate Effects of Foam Rolling and Stretching on Iliotibial Band Stiffness: A Randomized Controlled Trial,RCT,Health Commons,Journal Article
it-band-syndrome-rehab-and-return-to-run,The influence of iliotibial band syndrome history on running biomechanics examined via principal components analysis,MECH,Health Commons,Journal Article
it-band-syndrome-rehab-and-return-to-run,The relationship between lateral epicondyle morphology and iliotibial band friction syndrome: A matched case-control study,MECH,Health Commons,Journal Article
it-band-syndrome-rehab-and-return-to-run,The treatment of iliotibial band friction syndrome,N1,Health Commons,Journal Article
it-band-syndrome-rehab-and-return-to-run,To compare the effect of cryotherapy with stretching versus taping with stretching on iliotibial band friction syndrome in long distance runners,RCT,Health Commons,Journal Article
it-band-syndrome-rehab-and-return-to-run,Training errors and running related injuries: a systematic review,REV,Health Commons,Review
it-band-syndrome-rehab-and-return-to-run,Treatment of lateral knee pain using soft tissue mobilization in four female triathletes,INT,Health Commons,Journal Article
it-band-syndrome-rehab-and-return-to-run,"Treatment of recalcitrant iliotibial band friction syndrome with open iliotibial band bursectomy: indications, technique, and clinical outcomes",OBS,Health Commons,Journal Article
it-band-syndrome-rehab-and-return-to-run,Ultrasound of iliotibial band syndrome,REV,Health Commons,Review
it-band-syndrome-rehab-and-return-to-run,Use of an inclinometer to measure flexibility of the iliotibial band using the Ober test and the modified Ober test: differences in magnitude and reliability of measurements,MECH,Health Commons,Journal Article
it-band-syndrome-rehab-and-return-to-run,Using the variability of continuous relative phase as a measure to discriminate between healthy and injured runners,MECH,Health Commons,Journal Article
it-band-syndrome-rehab-and-return-to-run,Chronic leg pain in athletes,REV,Health Commons,Review
it-band-syndrome-rehab-and-return-to-run,Conservative treatment for iliotibial band syndrome: Are we facing a research gap? A scoping review of 98 studies with clinical perspectives,REV,Health Commons,Review
it-band-syndrome-rehab-and-return-to-run,Current Clinical Concepts: Synthesizing the Available Evidence for Improved Clinical Outcomes in Iliotibial Band Impingement Syndrome,REV,Health Commons,Review
it-band-syndrome-rehab-and-return-to-run,Do Simple Running Technique Changes Reduce Pain and Change Injury Causing Mechanics,RCT,Health Commons,Web Page
it-band-syndrome-rehab-and-return-to-run,Effect of Clamshell Versus Frog Pump Exercises for IT Band Pain Relief in Sales Workers,RCT,Health Commons,Web Page
it-band-syndrome-rehab-and-return-to-run,Effect of Neuromuscular Inhibition Technique on Iliotibial Band Friction Syndrome,RCT,Health Commons,Web Page
it-band-syndrome-rehab-and-return-to-run,Effect of Radial Extracorporeal Shockwave Therapy on Ultrasonography Changes in Patients With Iliotibial Band Syndrome,RCT,Health Commons,Web Page
it-band-syndrome-rehab-and-return-to-run,"Effect of running retraining on pain, function, and lower-extremity biomechanics in a female runner with iliotibial band syndrome",N1,Health Commons,Journal Article
it-band-syndrome-rehab-and-return-to-run,Effects of Autogenic Inhibition Versus Reciprocal Inhibition Muscle Energy Techniques in Iliotibial Band Syndrome,RCT,Health Commons,Web Page
it-band-syndrome-rehab-and-return-to-run,Effects of conservative treatment strategies for iliotibial band syndrome on pain and function in runners: a systematic review,REV,Health Commons,Review
it-band-syndrome-rehab-and-return-to-run,"Effects of multi-modal physiotherapy, including hip abductor strengthening, in patients with iliotibial band friction syndrome",OBS,Health Commons,Journal Article
it-band-syndrome-rehab-and-return-to-run,Effects of Myofascial Release of IT Band With or Without Muscle Energy Technique of Gluteus Maximus and Tensor Fascia Lata With Iliotibial Band Syndrome,RCT,Health Commons,Web Page
it-band-syndrome-rehab-and-return-to-run,Effects of Myofascial Release With and Without EMMETT Technique in Iliotibial Band Syndrome,RCT,Health Commons,Web Page
it-band-syndrome-rehab-and-return-to-run,Effects of Ultrasound Therapy in Iliotibial Band Syndrome,RCT,Health Commons,Web Page
it-band-syndrome-rehab-and-return-to-run,Home-based Treatment Using the Sidekick Tool for Pain Relief in Iliotibial Band Syndrome,INT,Health Commons,Web Page
it-band-syndrome-rehab-and-return-to-run,Iliotibial band friction syndrome,REV,Health Commons,Review
it-band-syndrome-rehab-and-return-to-run,Iliotibial band friction syndrome as exhibited in athletes,REV,Health Commons,Journal Article
it-band-syndrome-rehab-and-return-to-run,Iliotibial band syndrome in runners: a systematic review,REV,Health Commons,Review
it-band-syndrome-rehab-and-return-to-run,Iliotibial band syndrome rehabilitation in female runners: a pilot randomized study,RCT,Health Commons,Journal Article
it-band-syndrome-rehab-and-return-to-run,Reliability of measurements obtained by use of an instrument designed to indirectly measure iliotibial band length,MECH,Health Commons,Journal Article
it-band-syndrome-rehab-and-return-to-run,Shearwave Elastography in Evaluation of Iliotibial Band Syndrome,OBS,Health Commons,Web Page
it-band-syndrome-rehab-and-return-to-run,The effectiveness and characteristics of physiotherapy interventions on adults with iliotibial band syndrome: A scoping review,REV,Health Commons,Review
it-band-syndrome-rehab-and-return-to-run,The effects of an acute bout of foam rolling on hip range of motion on different tissues,MECH,Health Commons,Journal Article
it-band-syndrome-rehab-and-return-to-run,The Effects of Kinesio Taping on Biomechanical and Clinical Outcomes in Runners With Iliotibial Band Friction Syndrome,SRC,Health Commons,Web Page
it-band-syndrome-rehab-and-return-to-run,The iliotibial band friction syndrome,REV,Health Commons,Journal Article
it-band-syndrome-rehab-and-return-to-run,The iliotibial tract; clinical and morphological significance,MECH,Health Commons,Journal Article
it-band-syndrome-rehab-and-return-to-run,Treatment of distal iliotibial band syndrome in a long distance runner with gait re-training emphasizing step rate manipulation,N1,Health Commons,Journal Article
pneumatic-compression-pants,2024 ACC/AHA/AACVPR/APMA/ABC/SCAI/SVM/SVN/SVS/SIR/VESS Guideline for the Management of Lower Extremity Peripheral Artery Disease,GUIDE,Health Commons,Guideline
pneumatic-compression-pants,A randomized controlled trial of manual therapy and pneumatic compression for recovery from prolonged running - an extended study,RCT,Health Commons,Journal Article
pneumatic-compression-pants,Acute compartment syndrome caused by a malfunctioning pneumatic-compression boot. A case report,N1,Health Commons,Journal Article
pneumatic-compression-pants,Acute Effects of Three Recovery Interventions on Post-Practice Vertical Jump Force-Time Metrics in Female Basketball Players,INT,Health Commons,Journal Article
pneumatic-compression-pants,Adjunctive Intermittent Pneumatic Compression for Venous Thromboprophylaxis,RCT,Health Commons,Journal Article
pneumatic-compression-pants,American Society of Hematology 2018 guidelines for management of venous thromboembolism: prophylaxis for hospitalized and nonhospitalized medical patients,GUIDE,Health Commons,Guideline
pneumatic-compression-pants,"An Advanced Pneumatic Compression Therapy System Improves Leg Volume and Fluid, Adipose Tissue Thickness, Symptoms, and Quality of Life and Reduces Risk of Lymphedema in Women with Lipedema",RCT,Health Commons,Journal Article
pneumatic-compression-pants,Bilateral peroneal nerve palsy caused by intermittent pneumatic compression,N1,Health Commons,Journal Article
pneumatic-compression-pants,Can intermittent pneumatic compression cause compartment syndrome?,N1,Health Commons,Journal Article
pneumatic-compression-pants,Comparison of intermittent pneumatic compression device and compression stockings for workers with leg edema and pain after prolonged standing: a prospective crossover clinical trial,INT,Health Commons,Journal Article
pneumatic-compression-pants,Complications associated with intermittent pneumatic compression,N1,Health Commons,Journal Article
pneumatic-compression-pants,Compression stockings for preventing deep vein thrombosis in airline passengers,REV,Health Commons,Review
pneumatic-compression-pants,Compressive neuropathy following intermittent pneumatic compression device: A case report,N1,Health Commons,Journal Article
pneumatic-compression-pants,Deep Vein Thrombosis and Pulmonary Embolism,GUIDE,Health Commons,Web Page
pneumatic-compression-pants,Effect of pneumatic compression device and stocking use on symptoms and quality of life in women with lipedema: A proof-in-principle randomized trial,RCT,Health Commons,Journal Article
pneumatic-compression-pants,Effectiveness of intermittent pneumatic compression in reduction of risk of deep vein thrombosis in patients who have had a stroke (CLOTS 3): a multicentre randomised controlled trial,RCT,Health Commons,Journal Article
pneumatic-compression-pants,Effects of an external pneumatic compression device vs static compression garment on peripheral circulation and markers of sports performance and recovery,INT,Health Commons,Journal Article
pneumatic-compression-pants,Effects of intermittent pneumatic compression as a recovery method after exercise: A comprehensive review,REV,Health Commons,Review
pneumatic-compression-pants,Effects of intermittent pneumatic compression device on the improvement of tissue oxygen saturation and fluid clearance at the compression site,MECH,Health Commons,Journal Article
pneumatic-compression-pants,Effects of Pneumatic Compression and Manual Massage on Recovery and Performance in Elite Brazilian Under-20 Soccer Players: A Crossover Trial,INT,Health Commons,Journal Article
pneumatic-compression-pants,Enhanced muscle blood flow with intermittent pneumatic compression of the lower leg during plantar flexion exercise and recovery,MECH,Health Commons,Journal Article
pneumatic-compression-pants,Extensive Bullous Complication Associated With Intermittent Pneumatic Compression,N1,Health Commons,Journal Article
pneumatic-compression-pants,Guidelines on travel-related venous thrombosis,GUIDE,Health Commons,Guideline
pneumatic-compression-pants,Intermittent Pneumatic Compression Dosage for Adults and Children with Lymphedema: A Systematic Review,REV,Health Commons,Review
pneumatic-compression-pants,Intermittent pneumatic compression for preventing deep vein thrombosis in acute stroke,REV,Health Commons,Review
pneumatic-compression-pants,Intermittent pneumatic compression for prolonged standing workers with leg edema and pain,INT,Health Commons,Journal Article
pneumatic-compression-pants,Management of venous leg ulcers: clinical practice guidelines of the Society for Vascular Surgery and the American Venous Forum,GUIDE,Health Commons,Guideline
pneumatic-compression-pants,Optimizing Recovery Strategies in Elite Speedskating: A Comparative Analysis of Different Modalities,INT,Health Commons,Journal Article
pneumatic-compression-pants,Pressure necrosis from intermittent-pneumatic-compression stockings,N1,Health Commons,Journal Article
pneumatic-compression-pants,"Prevention of VTE in nonsurgical patients: Antithrombotic Therapy and Prevention of Thrombosis, 9th ed: American College of Chest Physicians Evidence-Based Clinical Practice Guidelines",GUIDE,Health Commons,Guideline
pneumatic-compression-pants,Pulmonary embolism as a consequence of applying sequential compression device on legs in a patient asymptomatic of deep vein thrombosis,N1,Health Commons,Journal Article
pneumatic-compression-pants,S1-Leitlinie Intermittierende pneumatische Kompressionstherapie (IPK),GUIDE,Health Commons,Guideline
pneumatic-compression-pants,S2k guidelines: diagnostics and treatment of venous leg ulcers,GUIDE,Health Commons,Guideline
pneumatic-compression-pants,The Diagnosis and Treatment of Peripheral Lymphedema: 2020 Consensus Document of the International Society of Lymphology,GUIDE,Health Commons,Guideline
pneumatic-compression-pants,The Diagnosis and Treatment of Peripheral Lymphedema: 2023 Consensus Document of the International Society of Lymphology,GUIDE,Health Commons,Guideline
pneumatic-compression-pants,The effect of compression stocking on leg edema and discomfort during a 3-hour flight: A randomized controlled trial,RCT,Health Commons,Journal Article
pneumatic-compression-pants,The Effects of Intermittent Pneumatic Compression on the Reduction of Exercise-Induced Muscle Damage in Endurance Athletes: A Critically Appraised Topic,REV,Health Commons,Review
pneumatic-compression-pants,"The efficacy of intermittent pneumatic compression and negative pressure therapy on muscle function, soreness and serum indices of muscle damage: A randomized controlled trial",RCT,Health Commons,Journal Article
pneumatic-compression-pants,The Saudi clinical practice guideline for the prophylaxis of venous thromboembolism in long-distance travelers,GUIDE,Health Commons,Guideline
pneumatic-compression-pants,Two Cases of Pediatric Common Peroneal Nerve Palsy Associated With Intermittent Pneumatic Compression,N1,Health Commons,Journal Article
pneumatic-compression-pants,Venous thromboembolism in over 16s: reducing the risk of hospital-acquired deep vein thrombosis or pulmonary embolism,GUIDE,Health Commons,Guideline
pneumatic-compression-pants,510(k) Summary: Normatec 3 (K220217),SRC,Health Commons,Web Page
pneumatic-compression-pants,"Breaking of Sitting Time Prevents Lower Leg Swelling-Comparison among Sit, Stand and Intermittent (Sit-to-Stand Transitions) Conditions",INT,Health Commons,Journal Article
pneumatic-compression-pants,Compression therapy for treating post-thrombotic syndrome,REV,Health Commons,Review
pneumatic-compression-pants,Disrupting prolonged sitting reduces IL-8 and lower leg swell in active young adults,INT,Health Commons,Journal Article
pneumatic-compression-pants,DVT Prevention: Intermittent Pneumatic Compression Devices,SRC,Health Commons,Web Page
pneumatic-compression-pants,Effect of intermittent pneumatic compression with different inflation pressures on the distal microvascular responses of the foot in people with type 2 diabetes mellitus,MECH,Health Commons,Journal Article
pneumatic-compression-pants,"Indications, contraindications, side effects, general assessment, and outlook for the future: An International Compression Club survey",SRC,Health Commons,Journal Article
pneumatic-compression-pants,Intermittent mechanical compression for prevention of travellers' thrombosis,MECH,Health Commons,Journal Article
pneumatic-compression-pants,Intermittent Pneumatic Compression Devices,SRC,Health Commons,Web Page
pneumatic-compression-pants,Legacy IPC Instructions for Use: Portable Intermittent Pneumatic Compression,SRC,Health Commons,Web Page
pneumatic-compression-pants,National Coverage Determination (NCD) for Pneumatic Compression Devices (280.6),SRC,Health Commons,Web Page
pneumatic-compression-pants,Prevention of air travel-related deep venous thrombosis with mechanical devices: active foot movements produce similar hemodynamic effects,MECH,Health Commons,Journal Article
pneumatic-compression-pants,Sequential Pulse Compression's Effect on Blood Flow in the Lower-Extremity,MECH,Health Commons,Journal Article
pneumatic-compression-pants,A Randomized Controlled Trial of Massage and Pneumatic Compression for Ultramarathon Recovery,RCT,Health Commons,Journal Article
pneumatic-compression-pants,Are there any contraindications for the Normatec?,SRC,Health Commons,Web Page
pneumatic-compression-pants,Effects of daily use of intermittent pneumatic compression in competitive handball players: A randomized controlled trial,RCT,Health Commons,Journal Article
pneumatic-compression-pants,Effects of intermittent pneumatic compression on delayed onset muscle soreness and recovery of muscular fatigue,RCT,Health Commons,Journal Article
pneumatic-compression-pants,Effects of lower-limb intermittent pneumatic compression on sports recovery: A systematic review and meta-analysis,MA,Health Commons,Review
pneumatic-compression-pants,From Fads to Facts: A Systematic Review and Meta-Analysis of Intermittent Pneumatic Compression Therapy for Muscle Recovery,MA,Health Commons,Review
pneumatic-compression-pants,"Intermittent pneumatic compression does not improve post-match neuromuscular, biochemical or perceptual recovery in international-level youth soccer players: a randomized placebo-controlled trial",RCT,Health Commons,Journal Article
pneumatic-compression-pants,Intermittent Pneumatic Compression May Reduce Muscle Soreness but Does Not Improve Neuromuscular Function Following Exercise-Induced Muscle Damage: A Randomized Placebo-Controlled Trial,RCT,Health Commons,Journal Article
pneumatic-compression-pants,Intermittent sequential pneumatic compression reduces post-exercise hemodilution and enhances perceptual recovery without improving subsequent cycling performance,INT,Health Commons,Journal Article
pneumatic-compression-pants,JetBoots Get Started / RecoveryAir and JetBoots User Manuals,SRC,Health Commons,Web Page
pneumatic-compression-pants,Product Safety & Precautions: Pneumatic Compression Devices,SRC,Health Commons,Web Page
pneumatic-compression-pants,Risks and contraindications of medical compression treatment - A critical reappraisal. An international consensus statement,GUIDE,Health Commons,Guideline
pneumatic-compression-pants,Safety Instructions (NormaTec Elite),SRC,Health Commons,Web Page
pneumatic-compression-pants,The Effect of Pressotherapy on Performance and Recovery in the Management of Delayed Onset Muscle Soreness: A Systematic Review and Meta-Analysis,MA,Health Commons,Review
pre-sleep-resonance-breathing-and-meditation,Behavioral and psychological treatments for chronic insomnia disorder in adults: an American Academy of Sleep Medicine clinical practice guideline,GUIDE,Health Commons,Guideline
pre-sleep-resonance-breathing-and-meditation,Consumer Sleep Technology: An American Academy of Sleep Medicine Position Statement,GUIDE,Health Commons,Guideline
pre-sleep-resonance-breathing-and-meditation,Management of Chronic Insomnia Disorder in Adults: A Clinical Practice Guideline From the American College of Physicians,GUIDE,Health Commons,Guideline
pre-sleep-resonance-breathing-and-meditation,Wearable Sleep Technology in Clinical and Research Settings,REV,Health Commons,Review
pre-sleep-resonance-breathing-and-meditation,"Use of Actigraphy for the Evaluation of Sleep Disorders and Circadian Rhythm Sleep-Wake Disorders: An American Academy of Sleep Medicine Systematic Review, Meta-Analysis, and GRADE Assessment",MA,Health Commons,Review
pre-sleep-resonance-breathing-and-meditation,'Mindfulness Living with Insomnia': an mHealth intervention for individuals with insomnia in China: a study protocol of a randomised controlled trial,SRC,Health Commons,Journal Article
pre-sleep-resonance-breathing-and-meditation,2023 Guidelines on the Diagnosis and Treatment of Insomnia in Adults - Brazilian Sleep Association,GUIDE,Health Commons,Guideline
pre-sleep-resonance-breathing-and-meditation,A cognitive model of insomnia,SRC,Health Commons,Journal Article
pre-sleep-resonance-breathing-and-meditation,A Comparison Between Pre-Sleep Heart Rate Variability Biofeedback and Electroencephalographic Biofeedback Training on Sleep in National Level Athletes with Sleep Disturbances,SRC,Health Commons,Journal Article
pre-sleep-resonance-breathing-and-meditation,A Meditation Based Cognitive Therapy (HMBCT) for Primary Insomnia: A Treatment Feasibility Pilot Study,SRC,Health Commons,Journal Article
pre-sleep-resonance-breathing-and-meditation,A Meta-Analysis of Mindfulness-Based Therapies for Insomnia and Sleep Disturbance,MA,Health Commons,Review
pre-sleep-resonance-breathing-and-meditation,A Meta-Analysis of Mindfulness-Based Therapies for Insomnia and Sleep Disturbance: Moving Towards Processes of Change,MA,Health Commons,Review
pre-sleep-resonance-breathing-and-meditation,A mindfulness-based approach to the treatment of insomnia,REV,Health Commons,Journal Article
pre-sleep-resonance-breathing-and-meditation,"A pilot, randomized, placebo-controlled study of mindfulness meditation in treating insomnia in multiple sclerosis",SRC,Health Commons,Journal Article
pre-sleep-resonance-breathing-and-meditation,A Practical Guide to Resonance Frequency Assessment for Heart Rate Variability Biofeedback,GUIDE,Health Commons,Journal Article
pre-sleep-resonance-breathing-and-meditation,A qualitative analysis of experiential challenges associated with meditation practice,SRC,Health Commons,Journal Article
pre-sleep-resonance-breathing-and-meditation,A randomized controlled trial of mindfulness meditation for chronic insomnia,SRC,Health Commons,Journal Article
pre-sleep-resonance-breathing-and-meditation,A Randomized Controlled Trial of Mindfulness Meditation for Chronic Insomnia: Effects on Daytime Symptoms and Cognitive-Emotional Arousal,SRC,Health Commons,Journal Article
pre-sleep-resonance-breathing-and-meditation,A randomized controlled trial to examine the feasibility and preliminary efficacy of a digital mindfulness-based therapy for improving insomnia symptoms,SRC,Health Commons,Journal Article
pre-sleep-resonance-breathing-and-meditation,A review on wearable photoplethysmography sensors and their potential future applications in health care,REV,Health Commons,Review
pre-sleep-resonance-breathing-and-meditation,A validation study of Fitbit Charge 4 compared with polysomnography and actigraphy in adults with chronic insomnia,SRC,Health Commons,Journal Article
pre-sleep-resonance-breathing-and-meditation,A virtual reality-based mind–body approach to downregulate psychophysiological arousal in adolescent insomnia,SRC,Health Commons,Journal Article
pre-sleep-resonance-breathing-and-meditation,Accuracy Assessment of Oura Ring Nocturnal Heart Rate and Heart Rate Variability in Comparison With Electrocardiography in Time and Frequency Domains: Comprehensive Analysis,SRC,Health Commons,Journal Article
pre-sleep-resonance-breathing-and-meditation,"Adverse effects of meditation: A review of observational, experimental and case studies",REV,Health Commons,Review
pre-sleep-resonance-breathing-and-meditation,Adverse events associated with yoga: a systematic review of published case reports and case series,REV,Health Commons,Review
pre-sleep-resonance-breathing-and-meditation,Adverse events in meditation practices and meditation-based therapies: a systematic review,REV,Health Commons,Review
pre-sleep-resonance-breathing-and-meditation,Adverse Meditation Experiences: Navigating Buddhist and Secular Frameworks for Addressing Them,REV,Health Commons,Review
pre-sleep-resonance-breathing-and-meditation,Adverse or therapeutic? A mixed-methods study investigating adverse effects of Mindfulness-Based Cognitive Therapy in bipolar disorder,SRC,Health Commons,Journal Article
pre-sleep-resonance-breathing-and-meditation,Agreement between Fitbit Versa 4 and a reference standard on time-domain nocturnal heart rate variability: A pilot study,SRC,Health Commons,Journal Article
pre-sleep-resonance-breathing-and-meditation,ALIVE Biofeedback HRV Training for Treating Insomnia: A Pilot Randomized Controlled Study,SRC,Health Commons,Journal Article
pre-sleep-resonance-breathing-and-meditation,An exploration of pre-sleep cognitive activity in insomnia: imagery and verbal thought,SRC,Health Commons,Journal Article
pre-sleep-resonance-breathing-and-meditation,Assessment of an App-Based Sleep Program to Improve Sleep Outcomes in a Clinical Insomnia Population: Randomized Controlled Trial,SRC,Health Commons,Journal Article
pre-sleep-resonance-breathing-and-meditation,Bedtime App–Guided Mindfulness Meditation in Patients With Insomnia: Mixed Methods Feasibility and Acceptability Pilot Study,SRC,Health Commons,Journal Article
pre-sleep-resonance-breathing-and-meditation,"Behavioral and psychological treatments for chronic insomnia disorder in adults: an American Academy of Sleep Medicine systematic review, meta-analysis, and GRADE assessment",MA,Health Commons,Review
pre-sleep-resonance-breathing-and-meditation,Beyond serenity: Adverse effects of meditation and mindfulness in clinical practice,REV,Health Commons,Review
pre-sleep-resonance-breathing-and-meditation,Breathing at a rate of 5.5 breaths per minute with equal inhalation-to-exhalation ratio increases heart rate variability,SRC,Health Commons,Journal Article
pre-sleep-resonance-breathing-and-meditation,Breathing exercises for adults with asthma,REV,Health Commons,Review
pre-sleep-resonance-breathing-and-meditation,Breathing exercises for dysfunctional breathing/hyperventilation syndrome in adults,REV,Health Commons,Review
pre-sleep-resonance-breathing-and-meditation,Breathing exercises for dysfunctional breathing/hyperventilation syndrome in children,REV,Health Commons,Review
pre-sleep-resonance-breathing-and-meditation,Breathing Practices for Stress and Anxiety Reduction: Conceptual Framework of Implementation Guidelines Based on a Systematic Review of the Published Literature,REV,Health Commons,Review
pre-sleep-resonance-breathing-and-meditation,Breathing training for treating panic disorder. Useful intervention or impediment?,REV,Health Commons,Review
pre-sleep-resonance-breathing-and-meditation,Breathwork Interventions for Adults with Clinically Diagnosed Anxiety Disorders: A Scoping Review,REV,Health Commons,Review
pre-sleep-resonance-breathing-and-meditation,Brief school-based interventions to assist adolescents' sleep-onset latency: Comparing mindfulness and constructive worry versus controls,SRC,Health Commons,Journal Article
pre-sleep-resonance-breathing-and-meditation,"British Association for Psychopharmacology consensus statement on evidence-based treatment of insomnia, parasomnias and circadian rhythm disorders: An update",GUIDE,Health Commons,Guideline
pre-sleep-resonance-breathing-and-meditation,Can Addressing Autonomic Hyperarousal with Heart Rate Variability Biofeedback Enhance CBT-I Outcomes in Insomnia Disorder?,INT,Health Commons,Journal Article
pre-sleep-resonance-breathing-and-meditation,Can mindfulness be too much of a good thing? The value of a middle way,REV,Health Commons,Review
pre-sleep-resonance-breathing-and-meditation,Can mindfulness-based interventions improve outcomes in cognitive-behavioural therapy for chronic insomnia disorder in the general population? Systematic review and meta-analysis,MA,Health Commons,Review
pre-sleep-resonance-breathing-and-meditation,Canadian clinical practice consensus recommendations for the management of chronic insomnia in adults: A Delphi study,GUIDE,Health Commons,Guideline
pre-sleep-resonance-breathing-and-meditation,Characteristics of resonance in heart rate variability stimulated by biofeedback,SRC,Health Commons,Journal Article
pre-sleep-resonance-breathing-and-meditation,Childhood trauma and subclinical PTSD symptoms predict adverse effects and worse outcomes across two mindfulness-based programs for active depression,SRC,Health Commons,Journal Article
pre-sleep-resonance-breathing-and-meditation,Clinical Applications of Mobile Health Wearable-Based Sleep Monitoring: Systematic Review,REV,Health Commons,Review
pre-sleep-resonance-breathing-and-meditation,Clinical guideline for the evaluation and management of chronic insomnia in adults,GUIDE,Health Commons,Guideline
pre-sleep-resonance-breathing-and-meditation,"Clinical guideline for the evaluation, management and long-term care of obstructive sleep apnea in adults",GUIDE,Health Commons,Guideline
pre-sleep-resonance-breathing-and-meditation,Clinical Practice Guideline for the Pharmacologic Treatment of Chronic Insomnia in Adults: An American Academy of Sleep Medicine Clinical Practice Guideline,GUIDE,Health Commons,Guideline
pre-sleep-resonance-breathing-and-meditation,Clinical Practice Guideline for the Treatment of Obstructive Sleep Apnea and Snoring with Oral Appliance Therapy: An Update for 2015,GUIDE,Health Commons,Guideline
pre-sleep-resonance-breathing-and-meditation,Clinical Significance and Cut-Off Scores for the Pre-Sleep Arousal Scale in Chronic Insomnia Disorder: A Replication in a Clinical Sample,SRC,Health Commons,Journal Article
pre-sleep-resonance-breathing-and-meditation,Cognitive Behavioral Therapy for Chronic Insomnia: A Systematic Review and Meta-analysis,MA,Health Commons,Review
pre-sleep-resonance-breathing-and-meditation,Cognitive-behavioral treatment for insomnia and mindfulness-based stress reduction in nurses with insomnia: a non-inferiority internet delivered randomized controlled trial,SRC,Health Commons,Journal Article
pre-sleep-resonance-breathing-and-meditation,Combined transcutaneous auricular vagus stimulation (taVNS) with 0.1Hz slow breathing enhances insomnia treatment efficacy: A pilot study,SRC,Health Commons,Journal Article
pre-sleep-resonance-breathing-and-meditation,Combining mindfulness meditation with cognitive-behavior therapy for insomnia: a treatment-development study,SRC,Health Commons,Journal Article
pre-sleep-resonance-breathing-and-meditation,Comparing the Effects of Mindfulness-Based Cognitive Therapy and Sleep Psycho-Education with Exercise on Chronic Insomnia: A Randomised Controlled Trial,SRC,Health Commons,Journal Article
pre-sleep-resonance-breathing-and-meditation,"Comparing the Effects of Square, 4-7-8, and 6 Breaths-per-Minute Breathing Conditions on Heart Rate Variability, CO2 Levels, and Mood",SRC,Health Commons,Journal Article
pre-sleep-resonance-breathing-and-meditation,Comparison of diaphragmatic breathing relaxation training and cognitive-behavioral therapy on sleep quality in the elderly: a randomized clinical trial,SRC,Health Commons,Journal Article
pre-sleep-resonance-breathing-and-meditation,Consensus clinical practice guidelines for the diagnosis and treatment of restless legs syndrome/Willis-Ekbom disease during pregnancy and lactation,GUIDE,Health Commons,Guideline
pre-sleep-resonance-breathing-and-meditation,Consumer Sleep Technologies: A Review of the Landscape,REV,Health Commons,Review
pre-sleep-resonance-breathing-and-meditation,Consumer sleep technology: A position statement from the National Sleep Foundation,GUIDE,Health Commons,Guideline
pre-sleep-resonance-breathing-and-meditation,"Daily Stress, Presleep Arousal, and Sleep in Healthy Young Women: A Daily Life Computerized Sleep Diary and Actigraphy Study",SRC,Health Commons,Journal Article
pre-sleep-resonance-breathing-and-meditation,Decreased CO2 saturation during circular breathwork supports emergence of altered states of consciousness,SRC,Health Commons,Journal Article
pre-sleep-resonance-breathing-and-meditation,Defining and Measuring Meditation-Related Adverse Effects in Mindfulness-Based Programs,SRC,Health Commons,Journal Article
pre-sleep-resonance-breathing-and-meditation,"Delivering Mindfulness-Based Interventions for Insomnia, Pain, and Dysfunctional Eating Through a Text Messaging App: Three Randomized Controlled Trials Investigating the Effectiveness and Mediating Mechanisms",SRC,Health Commons,Journal Article
pre-sleep-resonance-breathing-and-meditation,Depersonalization and meditation,SRC,Health Commons,Journal Article
pre-sleep-resonance-breathing-and-meditation,"Deriving Accurate Nocturnal Heart Rate, rMSSD and Frequency HRV from the Oura Ring",SRC,Health Commons,Journal Article
pre-sleep-resonance-breathing-and-meditation,Development and Validation of the Inventory of Meditation Experiences (IME),SRC,Health Commons,Journal Article
pre-sleep-resonance-breathing-and-meditation,Differential relationship between meditation methods and psychotic-like and mystical experiences,SRC,Health Commons,Journal Article
pre-sleep-resonance-breathing-and-meditation,Dissociable changes in sleep architecture with mindfulness and sleep hygiene intervention in older adults: secondary and exploratory analysis of polysomnography data from the Mindfulness Sleep Therapy (MIST) trial,SRC,Health Commons,Journal Article
pre-sleep-resonance-breathing-and-meditation,Do mindfulness interventions cause harm? Findings from the Learning to Apply Mindfulness to Pain (LAMP) Pragmatic Clinical Trial,SRC,Health Commons,Journal Article
pre-sleep-resonance-breathing-and-meditation,Doing no harm in mindfulness-based programs: Conceptual issues and empirical findings,REV,Health Commons,Review
pre-sleep-resonance-breathing-and-meditation,Dysfunctional breathing: a review of the literature and proposal for classification,REV,Health Commons,Review
pre-sleep-resonance-breathing-and-meditation,Dysfunctional breathing: what do we know?,REV,Health Commons,Review
pre-sleep-resonance-breathing-and-meditation,Effect of breathwork on stress and mental health: A meta-analysis of randomised-controlled trials,MA,Health Commons,Review
pre-sleep-resonance-breathing-and-meditation,Effect of Brief Mindfulness Induction on University Athletes' Sleep Quality Following Night Training,SRC,Health Commons,Journal Article
pre-sleep-resonance-breathing-and-meditation,Effect of coherent breathing on mental health and wellbeing: a randomised placebo-controlled trial,SRC,Health Commons,Journal Article
pre-sleep-resonance-breathing-and-meditation,Effect of Heart Rate Variability Biofeedback Sessions With Resonant Frequency Breathing on Sleep: A Pilot Study Among Family Caregivers of Patients With Cancer,SRC,Health Commons,Journal Article
pre-sleep-resonance-breathing-and-meditation,Effect of Resonance Breathing on Heart Rate Variability and Cognitive Functions in Young Adults: A Randomised Controlled Study,SRC,Health Commons,Journal Article
pre-sleep-resonance-breathing-and-meditation,Effect of Virtual Reality Meditation on Sleep Quality of Intensive Care Unit Patients: A Randomised Controlled Trial,RCT,Health Commons,Journal Article
pre-sleep-resonance-breathing-and-meditation,Effectiveness and Mechanisms of a Digital Mindfulness-Based Intervention for Subthreshold to Clinical Insomnia Symptoms in Pregnant Women: Randomized Controlled Trial,SRC,Health Commons,Journal Article
pre-sleep-resonance-breathing-and-meditation,Effectiveness of Deep Breathing and Body Scan Meditation Combined with Music to Improve Sleep Quality and Quality of Life in Older Adults,SRC,Health Commons,Journal Article
pre-sleep-resonance-breathing-and-meditation,Effects of Breathing Training on Voluntary Hypo- and Hyperventilation in Patients With Panic Disorder and Episodic Anxiety,SRC,Health Commons,Journal Article
pre-sleep-resonance-breathing-and-meditation,Effects of cognitive arousal and physiological arousal on sleep perception,SRC,Health Commons,Journal Article
pre-sleep-resonance-breathing-and-meditation,Effects of Induced Mindfulness at Night on Repetitive Negative Thinking: Ecological Momentary Assessment Study,SRC,Health Commons,Journal Article
pre-sleep-resonance-breathing-and-meditation,"Effects of Length of Mindfulness Practice on Mindfulness, Depression, Anxiety, and Stress: a Randomized Controlled Experiment",SRC,Health Commons,Journal Article
pre-sleep-resonance-breathing-and-meditation,Effects of mindful breathing combined with sleep-inducing exercises in patients with insomnia,SRC,Health Commons,Journal Article
pre-sleep-resonance-breathing-and-meditation,Effects of Mindfulness Meditation Duration and Type on Well-being: an Online Dose-Ranging Randomized Controlled Trial,SRC,Health Commons,Journal Article
pre-sleep-resonance-breathing-and-meditation,Effects of mindfulness-based cognitive therapy on older adults with sleep disorders: a systematic review and meta-analysis,MA,Health Commons,Review
pre-sleep-resonance-breathing-and-meditation,Effects of mindfulness-based intervention programs on sleep among people with common mental disorders: a systematic review and meta-analysis,MA,Health Commons,Review
pre-sleep-resonance-breathing-and-meditation,Effects of mindfulness-based stress reduction on adults with sleep disturbance: an updated systematic review and meta-analysis,MA,Health Commons,Review
pre-sleep-resonance-breathing-and-meditation,Effects of mindfulness-based stress reduction on sleep quality and mental health for insomnia patients: A meta-analysis,MA,Health Commons,Review
pre-sleep-resonance-breathing-and-meditation,Effects of mindfulness-based therapy for insomnia and a sleep hygiene/exercise programme on subjective-objective sleep discrepancy in older adults with sleep disturbances: exploratory secondary analysis of a randomised clinical trial,SRC,Health Commons,Journal Article
pre-sleep-resonance-breathing-and-meditation,Effects of Rumination and Worry on Sleep,SRC,Health Commons,Journal Article
pre-sleep-resonance-breathing-and-meditation,Effects of slow breathing rate on heart rate variability and arterial baroreflex sensitivity in essential hypertension,SRC,Health Commons,Journal Article
pre-sleep-resonance-breathing-and-meditation,"Effects of Virtual Reality (VR)-Based Meditation on Sleep Quality, Stress, and Autonomic Nervous System Balance in Nursing Students",RCT,Health Commons,Journal Article
pre-sleep-resonance-breathing-and-meditation,Effects of Virtual Reality Meditation on Sleep and Delirium in ICU Patients: A Randomized Controlled Trial,RCT,Health Commons,Journal Article
pre-sleep-resonance-breathing-and-meditation,Effects of voluntary slow breathing on heart rate and heart rate variability: A systematic review and a meta-analysis,MA,Health Commons,Review
pre-sleep-resonance-breathing-and-meditation,Efficacy of cognitive behavioural therapy for insomnia or sleep disturbance in pregnant women: A systematic review and meta-analysis,MA,Health Commons,Review
pre-sleep-resonance-breathing-and-meditation,Efficacy of mindfulness-based intervention ('mindfulness-based joyful sleep') in young and middle-aged individuals with insomnia using a biomarker of inflammatory responses: a prospective protocol of a randomised controlled trial in China,SRC,Health Commons,Journal Article
pre-sleep-resonance-breathing-and-meditation,Efficacy of online mindfulness for the treatment of insomnia in pregnancy: A randomized clinical trial,SRC,Health Commons,Journal Article
pre-sleep-resonance-breathing-and-meditation,Efficacy of paced breathing for insomnia: enhances vagal activity and improves sleep quality,SRC,Health Commons,Journal Article
pre-sleep-resonance-breathing-and-meditation,Evaluating consumer and clinical sleep technologies: an American Academy of Sleep Medicine update,GUIDE,Health Commons,Guideline
pre-sleep-resonance-breathing-and-meditation,Evaluating reliability in wearable devices for sleep staging,REV,Health Commons,Review
pre-sleep-resonance-breathing-and-meditation,Evaluation of a tactile breath pacer for sleep problems: A mixed method pilot study,SRC,Health Commons,Journal Article
pre-sleep-resonance-breathing-and-meditation,Evaluation of Autonomic Nervous System Function During Sleep by Mindful Breathing Using a Tablet Device: Randomized Controlled Trial,RCT,Health Commons,Journal Article
pre-sleep-resonance-breathing-and-meditation,Examining the Dose-Response Effects of Mindfulness Meditation Interventions on Well-Being: Protocol for a Randomized Controlled Trial,SRC,Health Commons,Journal Article
pre-sleep-resonance-breathing-and-meditation,Feasibility of a breath robot intervention to reduce sleep problems in posttraumatic stress disorder: A randomized controlled study,SRC,Health Commons,Journal Article
pre-sleep-resonance-breathing-and-meditation,Find your rhythm and regulate: Breath-synced vibration feedback during breath-focused mindfulness reduces respiration variability in trauma-exposed adults,SRC,Health Commons,Journal Article
pre-sleep-resonance-breathing-and-meditation,"First, do no harm: An intensive experience sampling study of adverse effects to mindfulness training",SRC,Health Commons,Journal Article
pre-sleep-resonance-breathing-and-meditation,Generalised anxiety disorder and panic disorder in adults: management,GUIDE,Health Commons,Guideline
pre-sleep-resonance-breathing-and-meditation,Heart Rate and Breathing Are Not Always in Phase During Resonance Frequency Breathing,SRC,Health Commons,Journal Article
pre-sleep-resonance-breathing-and-meditation,"Heart Rate Variability and Cardiac Vagal Tone in Psychophysiological Research – Recommendations for Experiment Planning, Data Analysis, and Data Reporting",GUIDE,Health Commons,Guideline
pre-sleep-resonance-breathing-and-meditation,Heart rate variability and slow-paced breathing: when coherence meets resonance,REV,Health Commons,Review
pre-sleep-resonance-breathing-and-meditation,Heart rate variability biofeedback as a method for assessing baroreflex function: a preliminary study of resonance in the cardiovascular system,SRC,Health Commons,Journal Article
pre-sleep-resonance-breathing-and-meditation,Heart rate variability biofeedback improves cardiorespiratory resting function during sleep,SRC,Health Commons,Journal Article
pre-sleep-resonance-breathing-and-meditation,Heart Rate Variability Biofeedback Improves Emotional and Physical Health and Performance: A Systematic Review and Meta Analysis,MA,Health Commons,Review
pre-sleep-resonance-breathing-and-meditation,Heart Rate Variability Biofeedback Increased Autonomic Activation and Improved Symptoms of Depression and Insomnia Among Patients With Major Depression Disorder,SRC,Health Commons,Journal Article
pre-sleep-resonance-breathing-and-meditation,Heart rate variability biofeedback increases baroreflex gain and peak expiratory flow,SRC,Health Commons,Journal Article
pre-sleep-resonance-breathing-and-meditation,Heart rate variability biofeedback: how and why does it work?,REV,Health Commons,Review
pre-sleep-resonance-breathing-and-meditation,Heart rate variability during sleep onset in patients with insomnia with or without comorbid sleep apnea,SRC,Health Commons,Journal Article
pre-sleep-resonance-breathing-and-meditation,Heart rate variability in insomnia patients: A critical review of the literature,REV,Health Commons,Review
pre-sleep-resonance-breathing-and-meditation,Heart rate variability in insomniacs and matched normal sleepers,SRC,Health Commons,Journal Article
pre-sleep-resonance-breathing-and-meditation,Heart rate variability in patients with insomnia disorder: a systematic review and meta-analysis,MA,Health Commons,Review
pre-sleep-resonance-breathing-and-meditation,"Heart rate variability: origins, methods, and interpretive caveats",REV,Health Commons,Journal Article
pre-sleep-resonance-breathing-and-meditation,"High ventilation breathwork practices: An overview of their effects, mechanisms, and considerations for clinical applications",REV,Health Commons,Review
pre-sleep-resonance-breathing-and-meditation,Home practice in Mindfulness-Based Cognitive Therapy and Mindfulness-Based Stress Reduction: A systematic review and meta-analysis of participants' mindfulness practice and its association with outcomes,MA,Health Commons,Review
pre-sleep-resonance-breathing-and-meditation,How Breath-Control Can Change Your Life: A Systematic Review on Psycho-Physiological Correlates of Slow Breathing,REV,Health Commons,Review
pre-sleep-resonance-breathing-and-meditation,How Many Sleep Diary Entries Are Needed to Reliably Estimate Adolescent Sleep?,SRC,Health Commons,Journal Article
pre-sleep-resonance-breathing-and-meditation,How Mindfulness Changed My Sleep: Focus Groups With Chronic Insomnia Patients,SRC,Health Commons,Journal Article
pre-sleep-resonance-breathing-and-meditation,Hyperarousal and insomnia,REV,Health Commons,Review
pre-sleep-resonance-breathing-and-meditation,Hyperarousal in insomnia disorder: Current evidence and potential mechanisms,REV,Health Commons,Review
pre-sleep-resonance-breathing-and-meditation,Hyperventilation in panic disorder and asthma: empirical evidence and clinical strategies,REV,Health Commons,Review
pre-sleep-resonance-breathing-and-meditation,Hyperventilation Syndrome,GUIDE,Health Commons,Web Page
pre-sleep-resonance-breathing-and-meditation,Hypoventilation Therapy Alleviates Panic by Repeated Induction of Dyspnea,SRC,Health Commons,Journal Article
pre-sleep-resonance-breathing-and-meditation,Impact of Mindfulness-Based Stress Reduction on sleep-related parameters in a community sample,SRC,Health Commons,Journal Article
pre-sleep-resonance-breathing-and-meditation,Important influence of respiration on human R-R interval power spectra is largely ignored,SRC,Health Commons,Journal Article
pre-sleep-resonance-breathing-and-meditation,Improving sleep with mindfulness and acceptance: a metacognitive model of insomnia,SRC,Health Commons,Journal Article
pre-sleep-resonance-breathing-and-meditation,Incidence and Predictors of Meditation-Related Unusual Experiences and Adverse Effects in a Representative Sample of Meditators in the United States,SRC,Health Commons,Journal Article
pre-sleep-resonance-breathing-and-meditation,Increased high-frequency NREM EEG power associated with mindfulness-based interventions for chronic insomnia: Preliminary findings from spectral analysis,SRC,Health Commons,Journal Article
pre-sleep-resonance-breathing-and-meditation,Influence of a 30-Day Slow-Paced Breathing Intervention Compared to Social Media Use on Subjective Sleep Quality and Cardiac Vagal Activity,SRC,Health Commons,Journal Article
pre-sleep-resonance-breathing-and-meditation,Influence of Respiratory Frequency of Slow-Paced Breathing on Vagally-Mediated Heart Rate Variability,SRC,Health Commons,Journal Article
pre-sleep-resonance-breathing-and-meditation,Inhalation/Exhalation ratio modulates the effect of slow breathing on heart rate variability and relaxation,SRC,Health Commons,Journal Article
pre-sleep-resonance-breathing-and-meditation,"Insomnia evaluation and treatment during peripartum: a joint position paper from the European Insomnia Network task force Sleep and Women, the Italian Marcè Society and international experts task force for perinatal mental health",GUIDE,Health Commons,Guideline
pre-sleep-resonance-breathing-and-meditation,Insomnia in Older Adults,REV,Health Commons,Review
pre-sleep-resonance-breathing-and-meditation,Insomnia in the Older Adult,REV,Health Commons,Review
pre-sleep-resonance-breathing-and-meditation,Kapalabhati pranayama: breath of fire or cause of pneumothorax? A case report,SRC,Health Commons,Journal Article
pre-sleep-resonance-breathing-and-meditation,Lying Awake at Night: Cardiac Autonomic Activity in Relation to Sleep Onset and Maintenance,SRC,Health Commons,Journal Article
pre-sleep-resonance-breathing-and-meditation,Measures of cardiovascular autonomic activity in insomnia disorder: A systematic review,REV,Health Commons,Review
pre-sleep-resonance-breathing-and-meditation,"Measuring sleep: accuracy, sensitivity, and specificity of wrist actigraphy compared to polysomnography",SRC,Health Commons,Journal Article
pre-sleep-resonance-breathing-and-meditation,Meditation induced psychosis: Case report,SRC,Health Commons,Journal Article
pre-sleep-resonance-breathing-and-meditation,Meditation-induced psychosis,SRC,Health Commons,Journal Article
pre-sleep-resonance-breathing-and-meditation,Meditation-induced psychosis: a narrative review and individual patient data analysis,REV,Health Commons,Review
pre-sleep-resonance-breathing-and-meditation,Meditation-Induced Psychosis: Trigger and Recurrence,SRC,Health Commons,Journal Article
pre-sleep-resonance-breathing-and-meditation,Methods for Heart Rate Variability Biofeedback (HRVB): A Systematic Review and Guidelines,REV,Health Commons,Review
pre-sleep-resonance-breathing-and-meditation,Mind the Hype: A Critical Evaluation and Prescriptive Agenda for Research on Mindfulness and Meditation,REV,Health Commons,Review
pre-sleep-resonance-breathing-and-meditation,Mindful Night-to-Day: a pilot feasibility trial of a mindfulness-based insomnia and symptom management intervention for patients with hematologic cancer,SRC,Health Commons,Journal Article
pre-sleep-resonance-breathing-and-meditation,Mindfulness Meditation Adherence in a College Sample: Comparison of a 10-Min Versus 20-Min 2-Week Daily Practice,SRC,Health Commons,Journal Article
pre-sleep-resonance-breathing-and-meditation,Mindfulness meditation and cognitive behavioral therapy for insomnia: a naturalistic 12-month follow-up,SRC,Health Commons,Journal Article
pre-sleep-resonance-breathing-and-meditation,Mindfulness Meditation and Improvement in Sleep Quality and Daytime Impairment Among Older Adults With Sleep Disturbances: A Randomized Clinical Trial,SRC,Health Commons,Journal Article
pre-sleep-resonance-breathing-and-meditation,Mindfulness meditation for insomnia: A meta-analysis of randomized controlled trials,MA,Health Commons,Review
pre-sleep-resonance-breathing-and-meditation,"Mindfulness meditation research: issues of participant screening, safety procedures, and researcher training",REV,Health Commons,Review
pre-sleep-resonance-breathing-and-meditation,Mindfulness-based cognitive therapy improves insomnia symptoms in individuals with recurrent depression: secondary analyses from a randomized controlled trial,SRC,Health Commons,Journal Article
pre-sleep-resonance-breathing-and-meditation,Mindfulness-based cognitive therapy to improve sleep quality in older adults with insomnia,SRC,Health Commons,Journal Article
pre-sleep-resonance-breathing-and-meditation,Mindfulness-Based Interventions for Insomnia: A Meta-Analysis of Randomized Controlled Trials,MA,Health Commons,Review
pre-sleep-resonance-breathing-and-meditation,Mindfulness-based programmes for mental health promotion in adults in nonclinical settings: A systematic review and meta-analysis of randomised controlled trials,MA,Health Commons,Review
pre-sleep-resonance-breathing-and-meditation,Mindfulness-Based Strategies for Improving Sleep in People with Psychiatric Disorders,REV,Health Commons,Review
pre-sleep-resonance-breathing-and-meditation,"Mindfulness-Based Stress Reduction Compared With Cognitive Behavioral Therapy for the Treatment of Insomnia Comorbid With Cancer: A Randomized, Partially Blinded, Noninferiority Trial",SRC,Health Commons,Journal Article
pre-sleep-resonance-breathing-and-meditation,"Mindfulness-based stress reduction for chronic insomnia in adults older than 75 years: a randomized, controlled, single-blind clinical trial",SRC,Health Commons,Journal Article
pre-sleep-resonance-breathing-and-meditation,Mindfulness-based stress reduction versus pharmacotherapy for chronic primary insomnia: a randomized controlled clinical trial,SRC,Health Commons,Journal Article
pre-sleep-resonance-breathing-and-meditation,Mindfulness-based therapy for insomnia alleviates cognitive arousal in treatment-resistant insomnia: a single-arm telemedicine proof-of-concept trial,SRC,Health Commons,Journal Article
pre-sleep-resonance-breathing-and-meditation,Mindfulness-based therapy for insomnia for older adults with sleep difficulties: a randomized clinical trial,SRC,Health Commons,Journal Article
pre-sleep-resonance-breathing-and-meditation,Mindfulness-based therapy for insomnia in Black women: a pilot randomized controlled trial,SRC,Health Commons,Journal Article
pre-sleep-resonance-breathing-and-meditation,Mobile Heart Rate Variability Biofeedback Improves Autonomic Activation and Subjective Sleep Quality of Healthy Adults — A Pilot Study,SRC,Health Commons,Journal Article
pre-sleep-resonance-breathing-and-meditation,Moderating laboratory adaptation with the use of a heart-rate variability biofeedback device (StressEraser),SRC,Health Commons,Journal Article
pre-sleep-resonance-breathing-and-meditation,No Evidence for the Efficacy of Slow-Paced Breathing as a Recovery Strategy After Sprint Interval Training,RCT,Health Commons,Journal Article
pre-sleep-resonance-breathing-and-meditation,Nocturnal cognitive arousal is associated with objective sleep disturbance and indicators of physiologic hyperarousal in good sleepers and individuals with insomnia disorder,SRC,Health Commons,Journal Article
pre-sleep-resonance-breathing-and-meditation,"Panic anxiety, dyspnea, and respiratory disease: theoretical and clinical considerations",REV,Health Commons,Review
pre-sleep-resonance-breathing-and-meditation,Panic disorder and hyperventilation,SRC,Health Commons,Journal Article
pre-sleep-resonance-breathing-and-meditation,Polysomnographic and subjective profiles of sleep continuity before and after mindfulness-based cognitive therapy in partially remitted depression,SRC,Health Commons,Journal Article
pre-sleep-resonance-breathing-and-meditation,Potential Mechanisms of Mindfulness in Improving Sleep and Distress,SRC,Health Commons,Journal Article
pre-sleep-resonance-breathing-and-meditation,Practice parameters for the use of actigraphy in the assessment of sleep and sleep disorders: an update for 2007,GUIDE,Health Commons,Guideline
pre-sleep-resonance-breathing-and-meditation,Practice parameters for the use of actigraphy in the clinical assessment of sleep disorders,GUIDE,Health Commons,Guideline
pre-sleep-resonance-breathing-and-meditation,Pre-sleep Cognitive Arousal Decreases Following a 4-Week Introductory Mindfulness Course,INT,Health Commons,Journal Article
pre-sleep-resonance-breathing-and-meditation,Precipitation of acute psychotic episodes by intensive meditation in individuals with a history of schizophrenia,SRC,Health Commons,Journal Article
pre-sleep-resonance-breathing-and-meditation,Presleep Heart-Rate Variability Biofeedback Improves Mood and Sleep Quality in Chinese Winter Olympic Bobsleigh Athletes,SRC,Health Commons,Journal Article
pre-sleep-resonance-breathing-and-meditation,Prevalence of harm in mindfulness-based stress reduction,SRC,Health Commons,Journal Article
pre-sleep-resonance-breathing-and-meditation,Prevalence of meditation-related adverse effects in a population-based sample in the United States,SRC,Health Commons,Journal Article
pre-sleep-resonance-breathing-and-meditation,"Prevalence, predictors and types of unpleasant and adverse effects of meditation in regular meditators: international cross-sectional study",SRC,Health Commons,Journal Article
pre-sleep-resonance-breathing-and-meditation,Protocol for Heart Rate Variability Biofeedback Training,GUIDE,Health Commons,Journal Article
pre-sleep-resonance-breathing-and-meditation,Psychometric Properties of the Consensus Sleep Diary in Those With Insomnia Disorder,SRC,Health Commons,Journal Article
pre-sleep-resonance-breathing-and-meditation,Psychometric properties of the Pre-Sleep Arousal Scale in a large community sample,SRC,Health Commons,Journal Article
pre-sleep-resonance-breathing-and-meditation,Recommendations for a standard research assessment of insomnia,GUIDE,Health Commons,Guideline
pre-sleep-resonance-breathing-and-meditation,Recommendations for Wearable Consumer Health Trackers in Sleep Medicine and Sleep Research: a World Sleep Society International Sleep Medicine Task Force statement,GUIDE,Health Commons,Guideline
pre-sleep-resonance-breathing-and-meditation,Reducing bedtime physiological arousal levels using immersive audio-visual respiratory bio-feedback: a pilot study in women with insomnia symptoms,SRC,Health Commons,Journal Article
pre-sleep-resonance-breathing-and-meditation,Resonant breathing in hospitalised psychiatric patients with persistent somatic symptoms: a randomised controlled trial,SRC,Health Commons,Journal Article
pre-sleep-resonance-breathing-and-meditation,Resonant frequency biofeedback training to increase cardiac variability: rationale and manual for training,REV,Health Commons,Journal Article
pre-sleep-resonance-breathing-and-meditation,Review of Safety and Efficacy of Sleep Medicines in Older Adults,REV,Health Commons,Review
pre-sleep-resonance-breathing-and-meditation,"Role of Stress, Arousal, and Coping Skills in Primary Insomnia",SRC,Health Commons,Journal Article
pre-sleep-resonance-breathing-and-meditation,Screening for Obstructive Sleep Apnea in Adults: Updated Evidence Report and Systematic Review for the US Preventive Services Task Force,REV,Health Commons,Review
pre-sleep-resonance-breathing-and-meditation,Screening for Obstructive Sleep Apnea in Adults: US Preventive Services Task Force Recommendation Statement,GUIDE,Health Commons,Guideline
pre-sleep-resonance-breathing-and-meditation,Self-Care System for Family Caregivers of Cancer Patients Using Resonant Breathing With a Portable Home Device: A Randomized Open-Label Study,SRC,Health Commons,Journal Article
pre-sleep-resonance-breathing-and-meditation,Self-Regulation of Breathing as an Adjunctive Treatment of Insomnia,REV,Health Commons,Review
pre-sleep-resonance-breathing-and-meditation,Short-term efficacy of home-based heart rate variability biofeedback on sleep disturbance in patients with incurable cancer: a randomised open-label study,SRC,Health Commons,Journal Article
pre-sleep-resonance-breathing-and-meditation,Sleep disordered breathing in pregnancy,REV,Health Commons,Review
pre-sleep-resonance-breathing-and-meditation,Sleep disorders commonly found in older people,REV,Health Commons,Review
pre-sleep-resonance-breathing-and-meditation,Sleep disorders in the older adult - a mini-review,REV,Health Commons,Review
pre-sleep-resonance-breathing-and-meditation,Sleep onset and cardiovascular activity in primary insomnia,SRC,Health Commons,Journal Article
pre-sleep-resonance-breathing-and-meditation,Sleep Pharmacotherapy for Common Sleep Disorders in Pregnancy and Lactation,REV,Health Commons,Review
pre-sleep-resonance-breathing-and-meditation,Slow Breathing Improves Arterial Baroreflex Sensitivity and Decreases Blood Pressure in Essential Hypertension,SRC,Health Commons,Journal Article
pre-sleep-resonance-breathing-and-meditation,Slow breathing increases arterial baroreflex sensitivity in patients with chronic heart failure,SRC,Health Commons,Journal Article
pre-sleep-resonance-breathing-and-meditation,"Slow breathing reduces chemoreflex response to hypoxia and hypercapnia, and increases baroreflex sensitivity",SRC,Health Commons,Journal Article
pre-sleep-resonance-breathing-and-meditation,Slow breathing techniques before bedtime and the effects on sleep: A systematic review,REV,Health Commons,Review
pre-sleep-resonance-breathing-and-meditation,Slow recovery from voluntary hyperventilation in panic disorder,SRC,Health Commons,Journal Article
pre-sleep-resonance-breathing-and-meditation,Slow-Paced Breathing: Influence of Inhalation/Exhalation Ratio and of Respiratory Pauses on Cardiac Vagal Activity,SRC,Health Commons,Journal Article
pre-sleep-resonance-breathing-and-meditation,"Society of Anesthesia and Sleep Medicine and the Society for Obstetric Anesthesia and Perinatology Consensus Guideline on the Screening, Diagnosis, and Treatment of Obstructive Sleep Apnea in Pregnancy",GUIDE,Health Commons,Guideline
pre-sleep-resonance-breathing-and-meditation,Standalone digital mindfulness-based interventions for sleep and mental health outcomes: a systematic review and meta-analysis,MA,Health Commons,Review
pre-sleep-resonance-breathing-and-meditation,Systematic review of the safety of mindfulness-based interventions for psychosis,REV,Health Commons,Review
pre-sleep-resonance-breathing-and-meditation,Testing a mindfulness meditation mobile app for the treatment of sleep-related symptoms in adults with sleep disturbance: a randomized controlled trial,SRC,Health Commons,Journal Article
pre-sleep-resonance-breathing-and-meditation,The Accuracy of Acquiring Heart Rate Variability from Portable Devices: A Systematic Review and Meta-Analysis,MA,Health Commons,Review
pre-sleep-resonance-breathing-and-meditation,The Adverse Effects of Meditation-Interventions and Mind–Body Practices: a Systematic Review,REV,Health Commons,Review
pre-sleep-resonance-breathing-and-meditation,The agreement between actigraphy and polysomnography in adults with chronic conditions: A systematic review and meta-analysis,MA,Health Commons,Review
pre-sleep-resonance-breathing-and-meditation,The consensus sleep diary: standardizing prospective sleep self-monitoring,SRC,Health Commons,Journal Article
pre-sleep-resonance-breathing-and-meditation,The Contribution of a Body Scan Mindfulness Meditation to Effectiveness of Internet-Delivered CBT for Insomnia in Adolescents,SRC,Health Commons,Journal Article
pre-sleep-resonance-breathing-and-meditation,The effect of breathing exercises on adults' sleep quality,REV,Health Commons,Review
pre-sleep-resonance-breathing-and-meditation,The effect of breathing relaxation to improve poor sleep quality in adults using a huggable human-shaped device: a randomized controlled trial,SRC,Health Commons,Journal Article
pre-sleep-resonance-breathing-and-meditation,The Effect of Deep Breathing Cycles with Various Ratios on Heart Rate Variability and the Sleep Quality of Healthy Young Adults,SRC,Health Commons,Journal Article
pre-sleep-resonance-breathing-and-meditation,The effect of mindfulness meditation on sleep quality: a systematic review and meta-analysis of randomized controlled trials,MA,Health Commons,Review
pre-sleep-resonance-breathing-and-meditation,The effect of robot interventions on sleep in adults,REV,Health Commons,Review
pre-sleep-resonance-breathing-and-meditation,The Effect of Slow-Paced Breathing on Cardiovascular and Emotion Functions: A Meta-Analysis and Systematic Review,MA,Health Commons,Review
pre-sleep-resonance-breathing-and-meditation,The effect of ten versus twenty minutes of mindfulness meditation on state mindfulness and affect,SRC,Health Commons,Journal Article
pre-sleep-resonance-breathing-and-meditation,The Effect of Virtual Mindfulness-Based Interventions on Sleep Quality: A Systematic Review of Randomized Controlled Trials,REV,Health Commons,Review
pre-sleep-resonance-breathing-and-meditation,The effectiveness of diaphragmatic breathing relaxation training for improving sleep quality among nursing staff during the COVID-19 outbreak: a before and after study,SRC,Health Commons,Journal Article
pre-sleep-resonance-breathing-and-meditation,The Effectiveness of the Headspace App for Improving Sleep: Randomized Controlled Trial,SRC,Health Commons,Journal Article
pre-sleep-resonance-breathing-and-meditation,The effects of a mindfulness-based stress reduction programme on pre-sleep cognitive arousal and insomnia symptoms: a pilot study,INT,Health Commons,Journal Article
pre-sleep-resonance-breathing-and-meditation,"The effects of a sleep robot intervention on sleep, depression and anxiety in adults with insomnia — A randomized waitlist-controlled trial",SRC,Health Commons,Journal Article
pre-sleep-resonance-breathing-and-meditation,The effects of mindfulness and relaxation training for insomnia (MRTI) on postmenopausal women: a pilot study,SRC,Health Commons,Journal Article
pre-sleep-resonance-breathing-and-meditation,The effects of mindfulness-based stress reduction on sleep disturbance: a systematic review,REV,Health Commons,Review
pre-sleep-resonance-breathing-and-meditation,The Effects of Presleep Slow Breathing and Music Listening on Polysomnographic Sleep Measures – a pilot trial,SRC,Health Commons,Journal Article
pre-sleep-resonance-breathing-and-meditation,The effects of specific respiratory rates on heart rate and heart rate variability,SRC,Health Commons,Journal Article
pre-sleep-resonance-breathing-and-meditation,The health effects of diaphragmatic breathing: A systematic review,REV,Health Commons,Review
pre-sleep-resonance-breathing-and-meditation,The hyperarousal model of insomnia: a review of the concept and its evidence,REV,Health Commons,Review
pre-sleep-resonance-breathing-and-meditation,"The Impact of Resonance Frequency Breathing on Measures of Heart Rate Variability, Blood Pressure, and Mood",SRC,Health Commons,Journal Article
pre-sleep-resonance-breathing-and-meditation,The Management of Chronic Insomnia Disorder and Obstructive Sleep Apnea: Synopsis of the 2019 U.S. Department of Veterans Affairs and U.S. Department of Defense Clinical Practice Guidelines,GUIDE,Health Commons,Guideline
pre-sleep-resonance-breathing-and-meditation,The management of unwanted pre-sleep thoughts in insomnia: distraction with imagery versus general distraction,INT,Health Commons,Journal Article
pre-sleep-resonance-breathing-and-meditation,The pathophysiology of hyperventilation disorders,REV,Health Commons,Review
pre-sleep-resonance-breathing-and-meditation,The pathophysiology of hyperventilation syndrome,REV,Health Commons,Review
pre-sleep-resonance-breathing-and-meditation,The physiological effects of slow breathing in the healthy human,REV,Health Commons,Review
pre-sleep-resonance-breathing-and-meditation,The Quest for Mindful Sleep: A Critical Synthesis of the Impact of Mindfulness-Based Interventions for Insomnia,REV,Health Commons,Review
pre-sleep-resonance-breathing-and-meditation,"The Relationship Between Doses of Mindfulness-Based Programs and Depression, Anxiety, Stress, and Mindfulness: a Dose-Response Meta-Regression of Randomized Controlled Trials",MA,Health Commons,Review
pre-sleep-resonance-breathing-and-meditation,The role and validity of actigraphy in sleep medicine: an update,REV,Health Commons,Review
pre-sleep-resonance-breathing-and-meditation,The Safety of Mindfulness-Based Interventions: a Systematic Review of Randomized Controlled Trials,REV,Health Commons,Review
pre-sleep-resonance-breathing-and-meditation,The Safety of Yoga: A Systematic Review and Meta-Analysis of Randomized Controlled Trials,MA,Health Commons,Review
pre-sleep-resonance-breathing-and-meditation,The varieties of contemplative experience: A mixed-methods study of meditation-related challenges in Western Buddhists,SRC,Health Commons,Journal Article
pre-sleep-resonance-breathing-and-meditation,The wrist is not the brain: estimation of sleep by clinical and consumer wearable actigraphy devices is impacted by multiple patient- and device-specific factors,SRC,Health Commons,Journal Article
pre-sleep-resonance-breathing-and-meditation,"Time Domain, Geometrical and Frequency Domain Analysis of Cardiac Vagal Outflow: Effects of Various Respiratory Patterns",SRC,Health Commons,Journal Article
pre-sleep-resonance-breathing-and-meditation,Treating subclinical and clinical symptoms of insomnia with a mindfulness-based smartphone application: A pilot study,SRC,Health Commons,Journal Article
pre-sleep-resonance-breathing-and-meditation,Treatment of Adult Obstructive Sleep Apnea with Positive Airway Pressure: An American Academy of Sleep Medicine Clinical Practice Guideline,GUIDE,Health Commons,Guideline
pre-sleep-resonance-breathing-and-meditation,Treatment of central disorders of hypersomnolence: an American Academy of Sleep Medicine clinical practice guideline,GUIDE,Health Commons,Guideline
pre-sleep-resonance-breathing-and-meditation,Treatment of restless legs syndrome and periodic limb movement disorder: an American Academy of Sleep Medicine clinical practice guideline,GUIDE,Health Commons,Guideline
pre-sleep-resonance-breathing-and-meditation,"Unpleasant meditation-related experiences in regular meditators: Prevalence, predictors, and conceptual considerations",SRC,Health Commons,Journal Article
pre-sleep-resonance-breathing-and-meditation,Unwanted effects: Is there a negative side of meditation? A multicentre survey,SRC,Health Commons,Journal Article
pre-sleep-resonance-breathing-and-meditation,Using Mindfulness for the Treatment of Insomnia,REV,Health Commons,Review
pre-sleep-resonance-breathing-and-meditation,VA/DoD Clinical Practice Guideline for the Management of Chronic Insomnia Disorder and Obstructive Sleep Apnea,GUIDE,Health Commons,Guideline
pre-sleep-resonance-breathing-and-meditation,Validity of a commercial wearable sleep tracker in adult insomnia disorder patients and good sleepers,SRC,Health Commons,Journal Article
pre-sleep-resonance-breathing-and-meditation,"Validity, potential clinical utility, and comparison of consumer and research-grade activity trackers in Insomnia Disorder I: In-lab validation against polysomnography",SRC,Health Commons,Journal Article
pre-sleep-resonance-breathing-and-meditation,"Voluntary hyperventilation in the treatment of panic disorder--functions of hyperventilation, their implications for breathing training, and recommendations for standardization",REV,Health Commons,Review
pre-sleep-resonance-breathing-and-meditation,Wearable technologies for developing sleep and circadian biomarkers: a summary of workshop discussions,REV,Health Commons,Review
pre-sleep-resonance-breathing-and-meditation,What Are Adverse Events in Mindfulness Meditation?,REV,Health Commons,Review
pre-sleep-resonance-breathing-and-meditation,Wim Hof Method FAQ: breathing exercise safety around water,SRC,Health Commons,Web Page
pre-sleep-resonance-breathing-and-meditation,World Sleep Society endorsement of sleep medicine guidelines: Behavioral and psychological treatments for chronic insomnia disorder in adults,GUIDE,Health Commons,Guideline
pre-sleep-resonance-breathing-and-meditation,Efficacy of paced breathing for insomnia: enhances vagal activity and improves sleep quality,SRC,Health Commons,Journal Article
pre-sleep-resonance-breathing-and-meditation,The Effects of Presleep Slow Breathing and Music Listening on Polysomnographic Sleep Measures – a pilot trial,SRC,Health Commons,Journal Article
pre-sleep-resonance-breathing-and-meditation,Slow breathing techniques before bedtime and the effects on sleep: A systematic review,REV,Health Commons,Review
pre-sleep-resonance-breathing-and-meditation,Bedtime App–Guided Mindfulness Meditation in Patients With Insomnia: Mixed Methods Feasibility and Acceptability Pilot Study,SRC,Health Commons,Journal Article
pre-sleep-resonance-breathing-and-meditation,A randomized controlled trial of mindfulness meditation for chronic insomnia,SRC,Health Commons,Journal Article
pre-sleep-resonance-breathing-and-meditation,Mindfulness meditation for insomnia: A meta-analysis of randomized controlled trials,MA,Health Commons,Review
pre-sleep-resonance-breathing-and-meditation,Efficacy of paced breathing for insomnia: enhances vagal activity and improves sleep quality,SRC,Health Commons,Journal Article
pre-sleep-resonance-breathing-and-meditation,The Effects of Presleep Slow Breathing and Music Listening on Polysomnographic Sleep Measures – a pilot trial,SRC,Health Commons,Journal Article
pre-sleep-resonance-breathing-and-meditation,Slow breathing techniques before bedtime and the effects on sleep: A systematic review,REV,Health Commons,Review
pre-sleep-resonance-breathing-and-meditation,The Effect of Deep Breathing Cycles with Various Ratios on Heart Rate Variability and the Sleep Quality of Healthy Young Adults,SRC,Health Commons,Journal Article
pre-sleep-resonance-breathing-and-meditation,The effect of breathing exercises on adults' sleep quality,REV,Health Commons,Review
pre-sleep-resonance-breathing-and-meditation,Bedtime App–Guided Mindfulness Meditation in Patients With Insomnia: Mixed Methods Feasibility and Acceptability Pilot Study,SRC,Health Commons,Journal Article
pre-sleep-resonance-breathing-and-meditation,A randomized controlled trial of mindfulness meditation for chronic insomnia,SRC,Health Commons,Journal Article
pre-sleep-resonance-breathing-and-meditation,Mindfulness meditation for insomnia: A meta-analysis of randomized controlled trials,MA,Health Commons,Review
pre-sleep-resonance-breathing-and-meditation,Examining the Dose-Response Effects of Mindfulness Meditation Interventions on Well-Being: Protocol for a Randomized Controlled Trial,SRC,Health Commons,Journal Article
pre-sleep-resonance-breathing-and-meditation,Influence of a 30-Day Slow-Paced Breathing Intervention Compared to Social Media Use on Subjective Sleep Quality and Cardiac Vagal Activity,SRC,Health Commons,Journal Article
pre-sleep-resonance-breathing-and-meditation,Effectiveness of Deep Breathing and Body Scan Meditation Combined with Music to Improve Sleep Quality and Quality of Life in Older Adults,SRC,Health Commons,Journal Article
pre-sleep-resonance-breathing-and-meditation,"The effects of a sleep robot intervention on sleep, depression and anxiety in adults with insomnia — A randomized waitlist-controlled trial",SRC,Health Commons,Journal Article
pre-sleep-resonance-breathing-and-meditation,The effect of breathing relaxation to improve poor sleep quality in adults using a huggable human-shaped device: a randomized controlled trial,SRC,Health Commons,Journal Article
pre-sleep-resonance-breathing-and-meditation,Assessment of an App-Based Sleep Program to Improve Sleep Outcomes in a Clinical Insomnia Population: Randomized Controlled Trial,SRC,Health Commons,Journal Article
pre-sleep-resonance-breathing-and-meditation,Protocol for Heart Rate Variability Biofeedback Training,GUIDE,Health Commons,Journal Article
pre-sleep-resonance-breathing-and-meditation,Heart Rate Variability Biofeedback Improves Emotional and Physical Health and Performance: A Systematic Review and Meta Analysis,MA,Health Commons,Review
pre-sleep-resonance-breathing-and-meditation,Combined transcutaneous auricular vagus stimulation (taVNS) with 0.1Hz slow breathing enhances insomnia treatment efficacy: A pilot study,SRC,Health Commons,Journal Article
pre-sleep-resonance-breathing-and-meditation,Efficacy of paced breathing for insomnia: enhances vagal activity and improves sleep quality,SRC,Health Commons,Journal Article
pre-sleep-resonance-breathing-and-meditation,The Effects of Presleep Slow Breathing and Music Listening on Polysomnographic Sleep Measures – a pilot trial,SRC,Health Commons,Journal Article
pre-sleep-resonance-breathing-and-meditation,Bedtime App–Guided Mindfulness Meditation in Patients With Insomnia: Mixed Methods Feasibility and Acceptability Pilot Study,SRC,Health Commons,Journal Article
pre-sleep-resonance-breathing-and-meditation,Examining the Dose-Response Effects of Mindfulness Meditation Interventions on Well-Being: Protocol for a Randomized Controlled Trial,SRC,Health Commons,Journal Article
pre-sleep-resonance-breathing-and-meditation,Practice parameters for the use of actigraphy in the assessment of sleep and sleep disorders: an update for 2007,GUIDE,Health Commons,Guideline
pre-sleep-resonance-breathing-and-meditation,Clinical guideline for the evaluation and management of chronic insomnia in adults,GUIDE,Health Commons,Guideline
pre-sleep-resonance-breathing-and-meditation,The role and validity of actigraphy in sleep medicine: an update,REV,Health Commons,Review
pre-sleep-resonance-breathing-and-meditation,"Use of Actigraphy for the Evaluation of Sleep Disorders and Circadian Rhythm Sleep-Wake Disorders: An American Academy of Sleep Medicine Systematic Review, Meta-Analysis, and GRADE Assessment",MA,Health Commons,Review
pre-sleep-resonance-breathing-and-meditation,Consumer Sleep Technology: An American Academy of Sleep Medicine Position Statement,GUIDE,Health Commons,Guideline
pre-sleep-resonance-breathing-and-meditation,Evaluating consumer and clinical sleep technologies: an American Academy of Sleep Medicine update,GUIDE,Health Commons,Guideline
pre-sleep-resonance-breathing-and-meditation,Recommendations for Wearable Consumer Health Trackers in Sleep Medicine and Sleep Research: a World Sleep Society International Sleep Medicine Task Force statement,GUIDE,Health Commons,Guideline
pre-sleep-resonance-breathing-and-meditation,Consumer sleep technology: A position statement from the National Sleep Foundation,GUIDE,Health Commons,Guideline
pre-sleep-resonance-breathing-and-meditation,Wearable Sleep Technology in Clinical and Research Settings,REV,Health Commons,Review
pre-sleep-resonance-breathing-and-meditation,The wrist is not the brain: estimation of sleep by clinical and consumer wearable actigraphy devices is impacted by multiple patient- and device-specific factors,SRC,Health Commons,Journal Article
pre-sleep-resonance-breathing-and-meditation,Clinical Applications of Mobile Health Wearable-Based Sleep Monitoring: Systematic Review,REV,Health Commons,Review
pre-sleep-resonance-breathing-and-meditation,Consumer Sleep Technologies: A Review of the Landscape,REV,Health Commons,Review
pre-sleep-resonance-breathing-and-meditation,Wearable technologies for developing sleep and circadian biomarkers: a summary of workshop discussions,REV,Health Commons,Review
pre-sleep-resonance-breathing-and-meditation,Evaluating reliability in wearable devices for sleep staging,REV,Health Commons,Review
pre-sleep-resonance-breathing-and-meditation,Hyperventilation Syndrome,GUIDE,Health Commons,Web Page
pre-sleep-resonance-breathing-and-meditation,Panic disorder and hyperventilation,SRC,Health Commons,Journal Article
pre-sleep-resonance-breathing-and-meditation,Slow recovery from voluntary hyperventilation in panic disorder,SRC,Health Commons,Journal Article
pre-sleep-resonance-breathing-and-meditation,Hyperventilation in panic disorder and asthma: empirical evidence and clinical strategies,REV,Health Commons,Review
pre-sleep-resonance-breathing-and-meditation,Breathing exercises for dysfunctional breathing/hyperventilation syndrome in adults,REV,Health Commons,Review
pre-sleep-resonance-breathing-and-meditation,Hypoventilation Therapy Alleviates Panic by Repeated Induction of Dyspnea,SRC,Health Commons,Journal Article
pre-sleep-resonance-breathing-and-meditation,Breathing exercises for adults with asthma,REV,Health Commons,Review
pre-sleep-resonance-breathing-and-meditation,"High ventilation breathwork practices: An overview of their effects, mechanisms, and considerations for clinical applications",REV,Health Commons,Review
pre-sleep-resonance-breathing-and-meditation,Decreased CO2 saturation during circular breathwork supports emergence of altered states of consciousness,SRC,Health Commons,Journal Article
pre-sleep-resonance-breathing-and-meditation,"Panic anxiety, dyspnea, and respiratory disease: theoretical and clinical considerations",REV,Health Commons,Review
pre-sleep-resonance-breathing-and-meditation,Wim Hof Method FAQ: breathing exercise safety around water,SRC,Health Commons,Web Page
pre-sleep-resonance-breathing-and-meditation,Generalised anxiety disorder and panic disorder in adults: management,GUIDE,Health Commons,Guideline
pre-sleep-resonance-breathing-and-meditation,The pathophysiology of hyperventilation syndrome,REV,Health Commons,Review
pre-sleep-resonance-breathing-and-meditation,Breathing training for treating panic disorder. Useful intervention or impediment?,REV,Health Commons,Review
pre-sleep-resonance-breathing-and-meditation,Kapalabhati pranayama: breath of fire or cause of pneumothorax? A case report,SRC,Health Commons,Journal Article
pre-sleep-resonance-breathing-and-meditation,"Voluntary hyperventilation in the treatment of panic disorder--functions of hyperventilation, their implications for breathing training, and recommendations for standardization",REV,Health Commons,Review
pre-sleep-resonance-breathing-and-meditation,Effects of Breathing Training on Voluntary Hypo- and Hyperventilation in Patients With Panic Disorder and Episodic Anxiety,SRC,Health Commons,Journal Article
pre-sleep-resonance-breathing-and-meditation,Adverse events associated with yoga: a systematic review of published case reports and case series,REV,Health Commons,Review
pre-sleep-resonance-breathing-and-meditation,Breathing exercises for dysfunctional breathing/hyperventilation syndrome in children,REV,Health Commons,Review
pre-sleep-resonance-breathing-and-meditation,Dysfunctional breathing: a review of the literature and proposal for classification,REV,Health Commons,Review
pre-sleep-resonance-breathing-and-meditation,Dysfunctional breathing: what do we know?,REV,Health Commons,Review
pre-sleep-resonance-breathing-and-meditation,Breathwork Interventions for Adults with Clinically Diagnosed Anxiety Disorders: A Scoping Review,REV,Health Commons,Review
pre-sleep-resonance-breathing-and-meditation,Find your rhythm and regulate: Breath-synced vibration feedback during breath-focused mindfulness reduces respiration variability in trauma-exposed adults,SRC,Health Commons,Journal Article
pre-sleep-resonance-breathing-and-meditation,The pathophysiology of hyperventilation disorders,REV,Health Commons,Review
pre-sleep-resonance-breathing-and-meditation,The Safety of Yoga: A Systematic Review and Meta-Analysis of Randomized Controlled Trials,MA,Health Commons,Review
pre-sleep-resonance-breathing-and-meditation,Unwanted effects: Is there a negative side of meditation? A multicentre survey,SRC,Health Commons,Journal Article
pre-sleep-resonance-breathing-and-meditation,Beyond serenity: Adverse effects of meditation and mindfulness in clinical practice,REV,Health Commons,Review
pre-sleep-resonance-breathing-and-meditation,Childhood trauma and subclinical PTSD symptoms predict adverse effects and worse outcomes across two mindfulness-based programs for active depression,SRC,Health Commons,Journal Article
pre-sleep-resonance-breathing-and-meditation,"Mindfulness meditation research: issues of participant screening, safety procedures, and researcher training",REV,Health Commons,Review
pre-sleep-resonance-breathing-and-meditation,Meditation-Induced Psychosis: Trigger and Recurrence,SRC,Health Commons,Journal Article
pre-sleep-resonance-breathing-and-meditation,Precipitation of acute psychotic episodes by intensive meditation in individuals with a history of schizophrenia,SRC,Health Commons,Journal Article
pre-sleep-resonance-breathing-and-meditation,Meditation-induced psychosis,SRC,Health Commons,Journal Article
pre-sleep-resonance-breathing-and-meditation,Depersonalization and meditation,SRC,Health Commons,Journal Article
pre-sleep-resonance-breathing-and-meditation,"Clinical guideline for the evaluation, management and long-term care of obstructive sleep apnea in adults",GUIDE,Health Commons,Guideline
pre-sleep-resonance-breathing-and-meditation,Treatment of Adult Obstructive Sleep Apnea with Positive Airway Pressure: An American Academy of Sleep Medicine Clinical Practice Guideline,GUIDE,Health Commons,Guideline
pre-sleep-resonance-breathing-and-meditation,Treatment of central disorders of hypersomnolence: an American Academy of Sleep Medicine clinical practice guideline,GUIDE,Health Commons,Guideline
pre-sleep-resonance-breathing-and-meditation,Treatment of restless legs syndrome and periodic limb movement disorder: an American Academy of Sleep Medicine clinical practice guideline,GUIDE,Health Commons,Guideline
pre-sleep-resonance-breathing-and-meditation,"British Association for Psychopharmacology consensus statement on evidence-based treatment of insomnia, parasomnias and circadian rhythm disorders: An update",GUIDE,Health Commons,Guideline
pre-sleep-resonance-breathing-and-meditation,Sleep disorders in the older adult - a mini-review,REV,Health Commons,Review
pre-sleep-resonance-breathing-and-meditation,Insomnia in Older Adults,REV,Health Commons,Review
pre-sleep-resonance-breathing-and-meditation,Insomnia in the Older Adult,REV,Health Commons,Review
pre-sleep-resonance-breathing-and-meditation,"Insomnia evaluation and treatment during peripartum: a joint position paper from the European Insomnia Network task force Sleep and Women, the Italian Marcè Society and international experts task force for perinatal mental health",GUIDE,Health Commons,Guideline
pre-sleep-resonance-breathing-and-meditation,"Society of Anesthesia and Sleep Medicine and the Society for Obstetric Anesthesia and Perinatology Consensus Guideline on the Screening, Diagnosis, and Treatment of Obstructive Sleep Apnea in Pregnancy",GUIDE,Health Commons,Guideline
pre-sleep-resonance-breathing-and-meditation,Sleep disordered breathing in pregnancy,REV,Health Commons,Review
pre-sleep-resonance-breathing-and-meditation,Sleep Pharmacotherapy for Common Sleep Disorders in Pregnancy and Lactation,REV,Health Commons,Review
pre-sleep-resonance-breathing-and-meditation,Breathing exercises for dysfunctional breathing/hyperventilation syndrome in children,REV,Health Commons,Review
pre-sleep-resonance-breathing-and-meditation,VA/DoD Clinical Practice Guideline for the Management of Chronic Insomnia Disorder and Obstructive Sleep Apnea,GUIDE,Health Commons,Guideline
pre-sleep-resonance-breathing-and-meditation,Behavioral and psychological treatments for chronic insomnia disorder in adults: an American Academy of Sleep Medicine clinical practice guideline,GUIDE,Health Commons,Guideline
pre-sleep-resonance-breathing-and-meditation,Management of Chronic Insomnia Disorder in Adults: A Clinical Practice Guideline From the American College of Physicians,GUIDE,Health Commons,Guideline
pre-sleep-resonance-breathing-and-meditation,Canadian clinical practice consensus recommendations for the management of chronic insomnia in adults: A Delphi study,GUIDE,Health Commons,Guideline
pre-sleep-resonance-breathing-and-meditation,2023 Guidelines on the Diagnosis and Treatment of Insomnia in Adults - Brazilian Sleep Association,GUIDE,Health Commons,Guideline
pre-sleep-resonance-breathing-and-meditation,Clinical Practice Guideline for the Pharmacologic Treatment of Chronic Insomnia in Adults: An American Academy of Sleep Medicine Clinical Practice Guideline,GUIDE,Health Commons,Guideline
pre-sleep-resonance-breathing-and-meditation,World Sleep Society endorsement of sleep medicine guidelines: Behavioral and psychological treatments for chronic insomnia disorder in adults,GUIDE,Health Commons,Guideline
pre-sleep-resonance-breathing-and-meditation,The Management of Chronic Insomnia Disorder and Obstructive Sleep Apnea: Synopsis of the 2019 U.S. Department of Veterans Affairs and U.S. Department of Defense Clinical Practice Guidelines,GUIDE,Health Commons,Guideline
pre-sleep-resonance-breathing-and-meditation,Mindfulness-based therapy for insomnia for older adults with sleep difficulties: a randomized clinical trial,SRC,Health Commons,Journal Article
pre-sleep-resonance-breathing-and-meditation,A randomized controlled trial to examine the feasibility and preliminary efficacy of a digital mindfulness-based therapy for improving insomnia symptoms,SRC,Health Commons,Journal Article
pre-sleep-resonance-breathing-and-meditation,Can mindfulness-based interventions improve outcomes in cognitive-behavioural therapy for chronic insomnia disorder in the general population? Systematic review and meta-analysis,MA,Health Commons,Review
pre-sleep-resonance-breathing-and-meditation,Cognitive-behavioral treatment for insomnia and mindfulness-based stress reduction in nurses with insomnia: a non-inferiority internet delivered randomized controlled trial,SRC,Health Commons,Journal Article
pre-sleep-resonance-breathing-and-meditation,Standalone digital mindfulness-based interventions for sleep and mental health outcomes: a systematic review and meta-analysis,MA,Health Commons,Review
pre-sleep-resonance-breathing-and-meditation,The Effectiveness of the Headspace App for Improving Sleep: Randomized Controlled Trial,SRC,Health Commons,Journal Article
pre-sleep-resonance-breathing-and-meditation,"Mindfulness-Based Stress Reduction Compared With Cognitive Behavioral Therapy for the Treatment of Insomnia Comorbid With Cancer: A Randomized, Partially Blinded, Noninferiority Trial",SRC,Health Commons,Journal Article
pre-sleep-resonance-breathing-and-meditation,The Contribution of a Body Scan Mindfulness Meditation to Effectiveness of Internet-Delivered CBT for Insomnia in Adolescents,SRC,Health Commons,Journal Article
pre-sleep-resonance-breathing-and-meditation,Dissociable changes in sleep architecture with mindfulness and sleep hygiene intervention in older adults: secondary and exploratory analysis of polysomnography data from the Mindfulness Sleep Therapy (MIST) trial,SRC,Health Commons,Journal Article
pre-sleep-resonance-breathing-and-meditation,Efficacy of online mindfulness for the treatment of insomnia in pregnancy: A randomized clinical trial,SRC,Health Commons,Journal Article
pre-sleep-resonance-breathing-and-meditation,"Effects of Virtual Reality (VR)-Based Meditation on Sleep Quality, Stress, and Autonomic Nervous System Balance in Nursing Students",RCT,Health Commons,Journal Article
pre-sleep-resonance-breathing-and-meditation,Effect of Virtual Reality Meditation on Sleep Quality of Intensive Care Unit Patients: A Randomised Controlled Trial,RCT,Health Commons,Journal Article
pre-sleep-resonance-breathing-and-meditation,Testing a mindfulness meditation mobile app for the treatment of sleep-related symptoms in adults with sleep disturbance: a randomized controlled trial,SRC,Health Commons,Journal Article
pre-sleep-resonance-breathing-and-meditation,The Effect of Virtual Mindfulness-Based Interventions on Sleep Quality: A Systematic Review of Randomized Controlled Trials,REV,Health Commons,Review
pre-sleep-resonance-breathing-and-meditation,"Delivering Mindfulness-Based Interventions for Insomnia, Pain, and Dysfunctional Eating Through a Text Messaging App: Three Randomized Controlled Trials Investigating the Effectiveness and Mediating Mechanisms",SRC,Health Commons,Journal Article
pre-sleep-resonance-breathing-and-meditation,Effects of mindfulness-based therapy for insomnia and a sleep hygiene/exercise programme on subjective-objective sleep discrepancy in older adults with sleep disturbances: exploratory secondary analysis of a randomised clinical trial,SRC,Health Commons,Journal Article
pre-sleep-resonance-breathing-and-meditation,"A pilot, randomized, placebo-controlled study of mindfulness meditation in treating insomnia in multiple sclerosis",SRC,Health Commons,Journal Article
pre-sleep-resonance-breathing-and-meditation,Effects of Virtual Reality Meditation on Sleep and Delirium in ICU Patients: A Randomized Controlled Trial,RCT,Health Commons,Journal Article
pre-sleep-resonance-breathing-and-meditation,Assessment of an App-Based Sleep Program to Improve Sleep Outcomes in a Clinical Insomnia Population: Randomized Controlled Trial,SRC,Health Commons,Journal Article
pre-sleep-resonance-breathing-and-meditation,Effectiveness and Mechanisms of a Digital Mindfulness-Based Intervention for Subthreshold to Clinical Insomnia Symptoms in Pregnant Women: Randomized Controlled Trial,SRC,Health Commons,Journal Article
pre-sleep-resonance-breathing-and-meditation,"Effects of Length of Mindfulness Practice on Mindfulness, Depression, Anxiety, and Stress: a Randomized Controlled Experiment",SRC,Health Commons,Journal Article
pre-sleep-resonance-breathing-and-meditation,Combining mindfulness meditation with cognitive-behavior therapy for insomnia: a treatment-development study,SRC,Health Commons,Journal Article
pre-sleep-resonance-breathing-and-meditation,Mindfulness meditation and cognitive behavioral therapy for insomnia: a naturalistic 12-month follow-up,SRC,Health Commons,Journal Article
pre-sleep-resonance-breathing-and-meditation,Treating subclinical and clinical symptoms of insomnia with a mindfulness-based smartphone application: A pilot study,SRC,Health Commons,Journal Article
pre-sleep-resonance-breathing-and-meditation,Effects of Mindfulness Meditation Duration and Type on Well-being: an Online Dose-Ranging Randomized Controlled Trial,SRC,Health Commons,Journal Article
pre-sleep-resonance-breathing-and-meditation,Effects of Induced Mindfulness at Night on Repetitive Negative Thinking: Ecological Momentary Assessment Study,SRC,Health Commons,Journal Article
pre-sleep-resonance-breathing-and-meditation,Mindfulness-based therapy for insomnia alleviates cognitive arousal in treatment-resistant insomnia: a single-arm telemedicine proof-of-concept trial,SRC,Health Commons,Journal Article
pre-sleep-resonance-breathing-and-meditation,Efficacy of mindfulness-based intervention ('mindfulness-based joyful sleep') in young and middle-aged individuals with insomnia using a biomarker of inflammatory responses: a prospective protocol of a randomised controlled trial in China,SRC,Health Commons,Journal Article
pre-sleep-resonance-breathing-and-meditation,The effect of ten versus twenty minutes of mindfulness meditation on state mindfulness and affect,SRC,Health Commons,Journal Article
pre-sleep-resonance-breathing-and-meditation,Influence of a 30-Day Slow-Paced Breathing Intervention Compared to Social Media Use on Subjective Sleep Quality and Cardiac Vagal Activity,SRC,Health Commons,Journal Article
pre-sleep-resonance-breathing-and-meditation,"The effects of a sleep robot intervention on sleep, depression and anxiety in adults with insomnia — A randomized waitlist-controlled trial",SRC,Health Commons,Journal Article
pre-sleep-resonance-breathing-and-meditation,Effectiveness of Deep Breathing and Body Scan Meditation Combined with Music to Improve Sleep Quality and Quality of Life in Older Adults,SRC,Health Commons,Journal Article
pre-sleep-resonance-breathing-and-meditation,The effect of breathing relaxation to improve poor sleep quality in adults using a huggable human-shaped device: a randomized controlled trial,SRC,Health Commons,Journal Article
pre-sleep-resonance-breathing-and-meditation,Feasibility of a breath robot intervention to reduce sleep problems in posttraumatic stress disorder: A randomized controlled study,SRC,Health Commons,Journal Article
pre-sleep-resonance-breathing-and-meditation,Effects of mindful breathing combined with sleep-inducing exercises in patients with insomnia,SRC,Health Commons,Journal Article
pre-sleep-resonance-breathing-and-meditation,Brief school-based interventions to assist adolescents' sleep-onset latency: Comparing mindfulness and constructive worry versus controls,SRC,Health Commons,Journal Article
pre-sleep-resonance-breathing-and-meditation,Evaluation of Autonomic Nervous System Function During Sleep by Mindful Breathing Using a Tablet Device: Randomized Controlled Trial,RCT,Health Commons,Journal Article
pre-sleep-resonance-breathing-and-meditation,Evaluation of a tactile breath pacer for sleep problems: A mixed method pilot study,SRC,Health Commons,Journal Article
pre-sleep-resonance-breathing-and-meditation,The effect of robot interventions on sleep in adults,REV,Health Commons,Review
pre-sleep-resonance-breathing-and-meditation,Breathing Practices for Stress and Anxiety Reduction: Conceptual Framework of Implementation Guidelines Based on a Systematic Review of the Published Literature,REV,Health Commons,Review
pre-sleep-resonance-breathing-and-meditation,Comparison of diaphragmatic breathing relaxation training and cognitive-behavioral therapy on sleep quality in the elderly: a randomized clinical trial,SRC,Health Commons,Journal Article
pre-sleep-resonance-breathing-and-meditation,Self-Regulation of Breathing as an Adjunctive Treatment of Insomnia,REV,Health Commons,Review
pre-sleep-resonance-breathing-and-meditation,The effectiveness of diaphragmatic breathing relaxation training for improving sleep quality among nursing staff during the COVID-19 outbreak: a before and after study,SRC,Health Commons,Journal Article
pre-sleep-resonance-breathing-and-meditation,Cognitive Behavioral Therapy for Chronic Insomnia: A Systematic Review and Meta-analysis,MA,Health Commons,Review
pre-sleep-resonance-breathing-and-meditation,"Behavioral and psychological treatments for chronic insomnia disorder in adults: an American Academy of Sleep Medicine systematic review, meta-analysis, and GRADE assessment",MA,Health Commons,Review
pre-sleep-resonance-breathing-and-meditation,"Clinical guideline for the evaluation, management and long-term care of obstructive sleep apnea in adults",GUIDE,Health Commons,Guideline
pre-sleep-resonance-breathing-and-meditation,Consensus clinical practice guidelines for the diagnosis and treatment of restless legs syndrome/Willis-Ekbom disease during pregnancy and lactation,GUIDE,Health Commons,Guideline
pre-sleep-resonance-breathing-and-meditation,Treatment of Adult Obstructive Sleep Apnea with Positive Airway Pressure: An American Academy of Sleep Medicine Clinical Practice Guideline,GUIDE,Health Commons,Guideline
pre-sleep-resonance-breathing-and-meditation,Treatment of central disorders of hypersomnolence: an American Academy of Sleep Medicine clinical practice guideline,GUIDE,Health Commons,Guideline
pre-sleep-resonance-breathing-and-meditation,"Society of Anesthesia and Sleep Medicine and the Society for Obstetric Anesthesia and Perinatology Consensus Guideline on the Screening, Diagnosis, and Treatment of Obstructive Sleep Apnea in Pregnancy",GUIDE,Health Commons,Guideline
pre-sleep-resonance-breathing-and-meditation,Treatment of restless legs syndrome and periodic limb movement disorder: an American Academy of Sleep Medicine clinical practice guideline,GUIDE,Health Commons,Guideline
pre-sleep-resonance-breathing-and-meditation,Clinical Practice Guideline for the Treatment of Obstructive Sleep Apnea and Snoring with Oral Appliance Therapy: An Update for 2015,GUIDE,Health Commons,Guideline
pre-sleep-resonance-breathing-and-meditation,Sleep disordered breathing in pregnancy,REV,Health Commons,Review
pre-sleep-resonance-breathing-and-meditation,"Insomnia evaluation and treatment during peripartum: a joint position paper from the European Insomnia Network task force Sleep and Women, the Italian Marcè Society and international experts task force for perinatal mental health",GUIDE,Health Commons,Guideline
pre-sleep-resonance-breathing-and-meditation,Screening for Obstructive Sleep Apnea in Adults: US Preventive Services Task Force Recommendation Statement,GUIDE,Health Commons,Guideline
pre-sleep-resonance-breathing-and-meditation,"British Association for Psychopharmacology consensus statement on evidence-based treatment of insomnia, parasomnias and circadian rhythm disorders: An update",GUIDE,Health Commons,Guideline
pre-sleep-resonance-breathing-and-meditation,Sleep Pharmacotherapy for Common Sleep Disorders in Pregnancy and Lactation,REV,Health Commons,Review
pre-sleep-resonance-breathing-and-meditation,Screening for Obstructive Sleep Apnea in Adults: Updated Evidence Report and Systematic Review for the US Preventive Services Task Force,REV,Health Commons,Review
pre-sleep-resonance-breathing-and-meditation,Efficacy of cognitive behavioural therapy for insomnia or sleep disturbance in pregnant women: A systematic review and meta-analysis,MA,Health Commons,Review
pre-sleep-resonance-breathing-and-meditation,Mindfulness Meditation and Improvement in Sleep Quality and Daytime Impairment Among Older Adults With Sleep Disturbances: A Randomized Clinical Trial,SRC,Health Commons,Journal Article
pre-sleep-resonance-breathing-and-meditation,Sleep disorders in the older adult - a mini-review,REV,Health Commons,Review
pre-sleep-resonance-breathing-and-meditation,Review of Safety and Efficacy of Sleep Medicines in Older Adults,REV,Health Commons,Review
pre-sleep-resonance-breathing-and-meditation,Insomnia in Older Adults,REV,Health Commons,Review
pre-sleep-resonance-breathing-and-meditation,Insomnia in the Older Adult,REV,Health Commons,Review
pre-sleep-resonance-breathing-and-meditation,Slow Breathing Improves Arterial Baroreflex Sensitivity and Decreases Blood Pressure in Essential Hypertension,SRC,Health Commons,Journal Article
pre-sleep-resonance-breathing-and-meditation,ALIVE Biofeedback HRV Training for Treating Insomnia: A Pilot Randomized Controlled Study,SRC,Health Commons,Journal Article
pre-sleep-resonance-breathing-and-meditation,Slow breathing increases arterial baroreflex sensitivity in patients with chronic heart failure,SRC,Health Commons,Journal Article
pre-sleep-resonance-breathing-and-meditation,Moderating laboratory adaptation with the use of a heart-rate variability biofeedback device (StressEraser),SRC,Health Commons,Journal Article
pre-sleep-resonance-breathing-and-meditation,Heart rate variability biofeedback improves cardiorespiratory resting function during sleep,SRC,Health Commons,Journal Article
pre-sleep-resonance-breathing-and-meditation,Inhalation/Exhalation ratio modulates the effect of slow breathing on heart rate variability and relaxation,SRC,Health Commons,Journal Article
pre-sleep-resonance-breathing-and-meditation,Effects of slow breathing rate on heart rate variability and arterial baroreflex sensitivity in essential hypertension,SRC,Health Commons,Journal Article
pre-sleep-resonance-breathing-and-meditation,Self-Care System for Family Caregivers of Cancer Patients Using Resonant Breathing With a Portable Home Device: A Randomized Open-Label Study,SRC,Health Commons,Journal Article
pre-sleep-resonance-breathing-and-meditation,Heart Rate Variability Biofeedback Increased Autonomic Activation and Improved Symptoms of Depression and Insomnia Among Patients With Major Depression Disorder,SRC,Health Commons,Journal Article
pre-sleep-resonance-breathing-and-meditation,Heart Rate and Breathing Are Not Always in Phase During Resonance Frequency Breathing,SRC,Health Commons,Journal Article
pre-sleep-resonance-breathing-and-meditation,Heart Rate Variability Biofeedback Improves Emotional and Physical Health and Performance: A Systematic Review and Meta Analysis,MA,Health Commons,Review
pre-sleep-resonance-breathing-and-meditation,Mobile Heart Rate Variability Biofeedback Improves Autonomic Activation and Subjective Sleep Quality of Healthy Adults — A Pilot Study,SRC,Health Commons,Journal Article
pre-sleep-resonance-breathing-and-meditation,A virtual reality-based mind–body approach to downregulate psychophysiological arousal in adolescent insomnia,SRC,Health Commons,Journal Article
pre-sleep-resonance-breathing-and-meditation,A Meditation Based Cognitive Therapy (HMBCT) for Primary Insomnia: A Treatment Feasibility Pilot Study,SRC,Health Commons,Journal Article
pre-sleep-resonance-breathing-and-meditation,Combined transcutaneous auricular vagus stimulation (taVNS) with 0.1Hz slow breathing enhances insomnia treatment efficacy: A pilot study,SRC,Health Commons,Journal Article
pre-sleep-resonance-breathing-and-meditation,"Comparing the Effects of Square, 4-7-8, and 6 Breaths-per-Minute Breathing Conditions on Heart Rate Variability, CO2 Levels, and Mood",SRC,Health Commons,Journal Article
pre-sleep-resonance-breathing-and-meditation,Can Addressing Autonomic Hyperarousal with Heart Rate Variability Biofeedback Enhance CBT-I Outcomes in Insomnia Disorder?,INT,Health Commons,Journal Article
pre-sleep-resonance-breathing-and-meditation,Protocol for Heart Rate Variability Biofeedback Training,GUIDE,Health Commons,Journal Article
pre-sleep-resonance-breathing-and-meditation,Resonant frequency biofeedback training to increase cardiac variability: rationale and manual for training,REV,Health Commons,Journal Article
pre-sleep-resonance-breathing-and-meditation,Heart rate variability biofeedback as a method for assessing baroreflex function: a preliminary study of resonance in the cardiovascular system,SRC,Health Commons,Journal Article
pre-sleep-resonance-breathing-and-meditation,The effects of specific respiratory rates on heart rate and heart rate variability,SRC,Health Commons,Journal Article
pre-sleep-resonance-breathing-and-meditation,Heart rate variability biofeedback increases baroreflex gain and peak expiratory flow,SRC,Health Commons,Journal Article
pre-sleep-resonance-breathing-and-meditation,Characteristics of resonance in heart rate variability stimulated by biofeedback,SRC,Health Commons,Journal Article
pre-sleep-resonance-breathing-and-meditation,Heart rate variability biofeedback: how and why does it work?,REV,Health Commons,Review
pre-sleep-resonance-breathing-and-meditation,Reducing bedtime physiological arousal levels using immersive audio-visual respiratory bio-feedback: a pilot study in women with insomnia symptoms,SRC,Health Commons,Journal Article
pre-sleep-resonance-breathing-and-meditation,Effect of Heart Rate Variability Biofeedback Sessions With Resonant Frequency Breathing on Sleep: A Pilot Study Among Family Caregivers of Patients With Cancer,SRC,Health Commons,Journal Article
pre-sleep-resonance-breathing-and-meditation,Short-term efficacy of home-based heart rate variability biofeedback on sleep disturbance in patients with incurable cancer: a randomised open-label study,SRC,Health Commons,Journal Article
pre-sleep-resonance-breathing-and-meditation,A Practical Guide to Resonance Frequency Assessment for Heart Rate Variability Biofeedback,GUIDE,Health Commons,Journal Article
pre-sleep-resonance-breathing-and-meditation,Presleep Heart-Rate Variability Biofeedback Improves Mood and Sleep Quality in Chinese Winter Olympic Bobsleigh Athletes,SRC,Health Commons,Journal Article
pre-sleep-resonance-breathing-and-meditation,Methods for Heart Rate Variability Biofeedback (HRVB): A Systematic Review and Guidelines,REV,Health Commons,Review
pre-sleep-resonance-breathing-and-meditation,A Comparison Between Pre-Sleep Heart Rate Variability Biofeedback and Electroencephalographic Biofeedback Training on Sleep in National Level Athletes with Sleep Disturbances,SRC,Health Commons,Journal Article
pre-sleep-resonance-breathing-and-meditation,Influence of Respiratory Frequency of Slow-Paced Breathing on Vagally-Mediated Heart Rate Variability,SRC,Health Commons,Journal Article
pre-sleep-resonance-breathing-and-meditation,Resonant breathing in hospitalised psychiatric patients with persistent somatic symptoms: a randomised controlled trial,SRC,Health Commons,Journal Article
pre-sleep-resonance-breathing-and-meditation,'Mindfulness Living with Insomnia': an mHealth intervention for individuals with insomnia in China: a study protocol of a randomised controlled trial,SRC,Health Commons,Journal Article
pre-sleep-resonance-breathing-and-meditation,The health effects of diaphragmatic breathing: A systematic review,REV,Health Commons,Review
pre-sleep-resonance-breathing-and-meditation,Mindfulness Meditation Adherence in a College Sample: Comparison of a 10-Min Versus 20-Min 2-Week Daily Practice,SRC,Health Commons,Journal Article
pre-sleep-resonance-breathing-and-meditation,Differential relationship between meditation methods and psychotic-like and mystical experiences,SRC,Health Commons,Journal Article
pre-sleep-resonance-breathing-and-meditation,Mind the Hype: A Critical Evaluation and Prescriptive Agenda for Research on Mindfulness and Meditation,REV,Health Commons,Review
pre-sleep-resonance-breathing-and-meditation,The effects of mindfulness and relaxation training for insomnia (MRTI) on postmenopausal women: a pilot study,SRC,Health Commons,Journal Article
pre-sleep-resonance-breathing-and-meditation,Can mindfulness be too much of a good thing? The value of a middle way,REV,Health Commons,Review
pre-sleep-resonance-breathing-and-meditation,"Heart Rate Variability and Cardiac Vagal Tone in Psychophysiological Research – Recommendations for Experiment Planning, Data Analysis, and Data Reporting",GUIDE,Health Commons,Guideline
pre-sleep-resonance-breathing-and-meditation,Practice parameters for the use of actigraphy in the assessment of sleep and sleep disorders: an update for 2007,GUIDE,Health Commons,Guideline
pre-sleep-resonance-breathing-and-meditation,Clinical guideline for the evaluation and management of chronic insomnia in adults,GUIDE,Health Commons,Guideline
pre-sleep-resonance-breathing-and-meditation,The role and validity of actigraphy in sleep medicine: an update,REV,Health Commons,Review
pre-sleep-resonance-breathing-and-meditation,"Use of Actigraphy for the Evaluation of Sleep Disorders and Circadian Rhythm Sleep-Wake Disorders: An American Academy of Sleep Medicine Systematic Review, Meta-Analysis, and GRADE Assessment",MA,Health Commons,Review
pre-sleep-resonance-breathing-and-meditation,Practice parameters for the use of actigraphy in the clinical assessment of sleep disorders,GUIDE,Health Commons,Guideline
pre-sleep-resonance-breathing-and-meditation,"Measuring sleep: accuracy, sensitivity, and specificity of wrist actigraphy compared to polysomnography",SRC,Health Commons,Journal Article
pre-sleep-resonance-breathing-and-meditation,The agreement between actigraphy and polysomnography in adults with chronic conditions: A systematic review and meta-analysis,MA,Health Commons,Review
pre-sleep-resonance-breathing-and-meditation,Consumer Sleep Technology: An American Academy of Sleep Medicine Position Statement,GUIDE,Health Commons,Guideline
pre-sleep-resonance-breathing-and-meditation,Evaluating consumer and clinical sleep technologies: an American Academy of Sleep Medicine update,GUIDE,Health Commons,Guideline
pre-sleep-resonance-breathing-and-meditation,Recommendations for Wearable Consumer Health Trackers in Sleep Medicine and Sleep Research: a World Sleep Society International Sleep Medicine Task Force statement,GUIDE,Health Commons,Guideline
pre-sleep-resonance-breathing-and-meditation,Consumer sleep technology: A position statement from the National Sleep Foundation,GUIDE,Health Commons,Guideline
pre-sleep-resonance-breathing-and-meditation,Consumer Sleep Technologies: A Review of the Landscape,REV,Health Commons,Review
pre-sleep-resonance-breathing-and-meditation,Wearable Sleep Technology in Clinical and Research Settings,REV,Health Commons,Review
pre-sleep-resonance-breathing-and-meditation,The wrist is not the brain: estimation of sleep by clinical and consumer wearable actigraphy devices is impacted by multiple patient- and device-specific factors,SRC,Health Commons,Journal Article
pre-sleep-resonance-breathing-and-meditation,Wearable technologies for developing sleep and circadian biomarkers: a summary of workshop discussions,REV,Health Commons,Review
pre-sleep-resonance-breathing-and-meditation,Clinical Applications of Mobile Health Wearable-Based Sleep Monitoring: Systematic Review,REV,Health Commons,Review
pre-sleep-resonance-breathing-and-meditation,Evaluating reliability in wearable devices for sleep staging,REV,Health Commons,Review
pre-sleep-resonance-breathing-and-meditation,Validity of a commercial wearable sleep tracker in adult insomnia disorder patients and good sleepers,SRC,Health Commons,Journal Article
pre-sleep-resonance-breathing-and-meditation,"Validity, potential clinical utility, and comparison of consumer and research-grade activity trackers in Insomnia Disorder I: In-lab validation against polysomnography",SRC,Health Commons,Journal Article
pre-sleep-resonance-breathing-and-meditation,A validation study of Fitbit Charge 4 compared with polysomnography and actigraphy in adults with chronic insomnia,SRC,Health Commons,Journal Article
pre-sleep-resonance-breathing-and-meditation,The Accuracy of Acquiring Heart Rate Variability from Portable Devices: A Systematic Review and Meta-Analysis,MA,Health Commons,Review
pre-sleep-resonance-breathing-and-meditation,Accuracy Assessment of Oura Ring Nocturnal Heart Rate and Heart Rate Variability in Comparison With Electrocardiography in Time and Frequency Domains: Comprehensive Analysis,SRC,Health Commons,Journal Article
pre-sleep-resonance-breathing-and-meditation,"Deriving Accurate Nocturnal Heart Rate, rMSSD and Frequency HRV from the Oura Ring",SRC,Health Commons,Journal Article
pre-sleep-resonance-breathing-and-meditation,Agreement between Fitbit Versa 4 and a reference standard on time-domain nocturnal heart rate variability: A pilot study,SRC,Health Commons,Journal Article
pre-sleep-resonance-breathing-and-meditation,A review on wearable photoplethysmography sensors and their potential future applications in health care,REV,Health Commons,Review
pre-sleep-resonance-breathing-and-meditation,The consensus sleep diary: standardizing prospective sleep self-monitoring,SRC,Health Commons,Journal Article
pre-sleep-resonance-breathing-and-meditation,Psychometric Properties of the Consensus Sleep Diary in Those With Insomnia Disorder,SRC,Health Commons,Journal Article
pre-sleep-resonance-breathing-and-meditation,How Many Sleep Diary Entries Are Needed to Reliably Estimate Adolescent Sleep?,SRC,Health Commons,Journal Article
pre-sleep-resonance-breathing-and-meditation,Bedtime App–Guided Mindfulness Meditation in Patients With Insomnia: Mixed Methods Feasibility and Acceptability Pilot Study,SRC,Health Commons,Journal Article
pre-sleep-resonance-breathing-and-meditation,A randomized controlled trial of mindfulness meditation for chronic insomnia,SRC,Health Commons,Journal Article
pre-sleep-resonance-breathing-and-meditation,Mindfulness meditation for insomnia: A meta-analysis of randomized controlled trials,MA,Health Commons,Review
pre-sleep-resonance-breathing-and-meditation,Examining the Dose-Response Effects of Mindfulness Meditation Interventions on Well-Being: Protocol for a Randomized Controlled Trial,SRC,Health Commons,Journal Article
pre-sleep-resonance-breathing-and-meditation,Adverse Meditation Experiences: Navigating Buddhist and Secular Frameworks for Addressing Them,REV,Health Commons,Review
pre-sleep-resonance-breathing-and-meditation,Meditation induced psychosis: Case report,SRC,Health Commons,Journal Article
pre-sleep-resonance-breathing-and-meditation,A qualitative analysis of experiential challenges associated with meditation practice,SRC,Health Commons,Journal Article
pre-sleep-resonance-breathing-and-meditation,Depersonalization and meditation,SRC,Health Commons,Journal Article
pre-sleep-resonance-breathing-and-meditation,"Mindfulness meditation research: issues of participant screening, safety procedures, and researcher training",REV,Health Commons,Review
pre-sleep-resonance-breathing-and-meditation,Meditation-Induced Psychosis: Trigger and Recurrence,SRC,Health Commons,Journal Article
pre-sleep-resonance-breathing-and-meditation,Precipitation of acute psychotic episodes by intensive meditation in individuals with a history of schizophrenia,SRC,Health Commons,Journal Article
pre-sleep-resonance-breathing-and-meditation,Meditation-induced psychosis,SRC,Health Commons,Journal Article
pre-sleep-resonance-breathing-and-meditation,Unwanted effects: Is there a negative side of meditation? A multicentre survey,SRC,Health Commons,Journal Article
pre-sleep-resonance-breathing-and-meditation,What Are Adverse Events in Mindfulness Meditation?,REV,Health Commons,Review
pre-sleep-resonance-breathing-and-meditation,Do mindfulness interventions cause harm? Findings from the Learning to Apply Mindfulness to Pain (LAMP) Pragmatic Clinical Trial,SRC,Health Commons,Journal Article
pre-sleep-resonance-breathing-and-meditation,Prevalence of harm in mindfulness-based stress reduction,SRC,Health Commons,Journal Article
pre-sleep-resonance-breathing-and-meditation,Systematic review of the safety of mindfulness-based interventions for psychosis,REV,Health Commons,Review
pre-sleep-resonance-breathing-and-meditation,Beyond serenity: Adverse effects of meditation and mindfulness in clinical practice,REV,Health Commons,Review
pre-sleep-resonance-breathing-and-meditation,"First, do no harm: An intensive experience sampling study of adverse effects to mindfulness training",SRC,Health Commons,Journal Article
pre-sleep-resonance-breathing-and-meditation,Adverse or therapeutic? A mixed-methods study investigating adverse effects of Mindfulness-Based Cognitive Therapy in bipolar disorder,SRC,Health Commons,Journal Article
pre-sleep-resonance-breathing-and-meditation,Development and Validation of the Inventory of Meditation Experiences (IME),SRC,Health Commons,Journal Article
pre-sleep-resonance-breathing-and-meditation,Childhood trauma and subclinical PTSD symptoms predict adverse effects and worse outcomes across two mindfulness-based programs for active depression,SRC,Health Commons,Journal Article
pre-sleep-resonance-breathing-and-meditation,Meditation-induced psychosis: a narrative review and individual patient data analysis,REV,Health Commons,Review
pre-sleep-resonance-breathing-and-meditation,Prevalence of meditation-related adverse effects in a population-based sample in the United States,SRC,Health Commons,Journal Article
pre-sleep-resonance-breathing-and-meditation,Defining and Measuring Meditation-Related Adverse Effects in Mindfulness-Based Programs,SRC,Health Commons,Journal Article
pre-sleep-resonance-breathing-and-meditation,Doing no harm in mindfulness-based programs: Conceptual issues and empirical findings,REV,Health Commons,Review
pre-sleep-resonance-breathing-and-meditation,"Unpleasant meditation-related experiences in regular meditators: Prevalence, predictors, and conceptual considerations",SRC,Health Commons,Journal Article
pre-sleep-resonance-breathing-and-meditation,The varieties of contemplative experience: A mixed-methods study of meditation-related challenges in Western Buddhists,SRC,Health Commons,Journal Article
pre-sleep-resonance-breathing-and-meditation,The Adverse Effects of Meditation-Interventions and Mind–Body Practices: a Systematic Review,REV,Health Commons,Review
pre-sleep-resonance-breathing-and-meditation,The Safety of Mindfulness-Based Interventions: a Systematic Review of Randomized Controlled Trials,REV,Health Commons,Review
pre-sleep-resonance-breathing-and-meditation,Incidence and Predictors of Meditation-Related Unusual Experiences and Adverse Effects in a Representative Sample of Meditators in the United States,SRC,Health Commons,Journal Article
pre-sleep-resonance-breathing-and-meditation,"Adverse effects of meditation: A review of observational, experimental and case studies",REV,Health Commons,Review
pre-sleep-resonance-breathing-and-meditation,"Prevalence, predictors and types of unpleasant and adverse effects of meditation in regular meditators: international cross-sectional study",SRC,Health Commons,Journal Article
pre-sleep-resonance-breathing-and-meditation,Adverse events in meditation practices and meditation-based therapies: a systematic review,REV,Health Commons,Review
pre-sleep-resonance-breathing-and-meditation,Home practice in Mindfulness-Based Cognitive Therapy and Mindfulness-Based Stress Reduction: A systematic review and meta-analysis of participants' mindfulness practice and its association with outcomes,MA,Health Commons,Review
pre-sleep-resonance-breathing-and-meditation,"The Relationship Between Doses of Mindfulness-Based Programs and Depression, Anxiety, Stress, and Mindfulness: a Dose-Response Meta-Regression of Randomized Controlled Trials",MA,Health Commons,Review
pre-sleep-resonance-breathing-and-meditation,Nocturnal cognitive arousal is associated with objective sleep disturbance and indicators of physiologic hyperarousal in good sleepers and individuals with insomnia disorder,SRC,Health Commons,Journal Article
pre-sleep-resonance-breathing-and-meditation,Using Mindfulness for the Treatment of Insomnia,REV,Health Commons,Review
pre-sleep-resonance-breathing-and-meditation,A Randomized Controlled Trial of Mindfulness Meditation for Chronic Insomnia: Effects on Daytime Symptoms and Cognitive-Emotional Arousal,SRC,Health Commons,Journal Article
pre-sleep-resonance-breathing-and-meditation,The effects of a mindfulness-based stress reduction programme on pre-sleep cognitive arousal and insomnia symptoms: a pilot study,INT,Health Commons,Journal Article
pre-sleep-resonance-breathing-and-meditation,Improving sleep with mindfulness and acceptance: a metacognitive model of insomnia,SRC,Health Commons,Journal Article
pre-sleep-resonance-breathing-and-meditation,The Quest for Mindful Sleep: A Critical Synthesis of the Impact of Mindfulness-Based Interventions for Insomnia,REV,Health Commons,Review
pre-sleep-resonance-breathing-and-meditation,A mindfulness-based approach to the treatment of insomnia,REV,Health Commons,Journal Article
pre-sleep-resonance-breathing-and-meditation,Mindfulness-Based Strategies for Improving Sleep in People with Psychiatric Disorders,REV,Health Commons,Review
pre-sleep-resonance-breathing-and-meditation,How Mindfulness Changed My Sleep: Focus Groups With Chronic Insomnia Patients,SRC,Health Commons,Journal Article
pre-sleep-resonance-breathing-and-meditation,Mindful Night-to-Day: a pilot feasibility trial of a mindfulness-based insomnia and symptom management intervention for patients with hematologic cancer,SRC,Health Commons,Journal Article
pre-sleep-resonance-breathing-and-meditation,The effects of mindfulness-based stress reduction on sleep disturbance: a systematic review,REV,Health Commons,Review
pre-sleep-resonance-breathing-and-meditation,Effect of Brief Mindfulness Induction on University Athletes' Sleep Quality Following Night Training,SRC,Health Commons,Journal Article
pre-sleep-resonance-breathing-and-meditation,The effect of mindfulness meditation on sleep quality: a systematic review and meta-analysis of randomized controlled trials,MA,Health Commons,Review
pre-sleep-resonance-breathing-and-meditation,Comparing the Effects of Mindfulness-Based Cognitive Therapy and Sleep Psycho-Education with Exercise on Chronic Insomnia: A Randomised Controlled Trial,SRC,Health Commons,Journal Article
pre-sleep-resonance-breathing-and-meditation,Effects of mindfulness-based stress reduction on adults with sleep disturbance: an updated systematic review and meta-analysis,MA,Health Commons,Review
pre-sleep-resonance-breathing-and-meditation,Mindfulness-Based Interventions for Insomnia: A Meta-Analysis of Randomized Controlled Trials,MA,Health Commons,Review
pre-sleep-resonance-breathing-and-meditation,Mindfulness-based stress reduction versus pharmacotherapy for chronic primary insomnia: a randomized controlled clinical trial,SRC,Health Commons,Journal Article
pre-sleep-resonance-breathing-and-meditation,A Meta-Analysis of Mindfulness-Based Therapies for Insomnia and Sleep Disturbance,MA,Health Commons,Review
pre-sleep-resonance-breathing-and-meditation,A Meta-Analysis of Mindfulness-Based Therapies for Insomnia and Sleep Disturbance: Moving Towards Processes of Change,MA,Health Commons,Review
pre-sleep-resonance-breathing-and-meditation,Mindfulness-based therapy for insomnia in Black women: a pilot randomized controlled trial,SRC,Health Commons,Journal Article
pre-sleep-resonance-breathing-and-meditation,Effects of mindfulness-based stress reduction on sleep quality and mental health for insomnia patients: A meta-analysis,MA,Health Commons,Review
pre-sleep-resonance-breathing-and-meditation,"Mindfulness-based stress reduction for chronic insomnia in adults older than 75 years: a randomized, controlled, single-blind clinical trial",SRC,Health Commons,Journal Article
pre-sleep-resonance-breathing-and-meditation,Mindfulness-based cognitive therapy improves insomnia symptoms in individuals with recurrent depression: secondary analyses from a randomized controlled trial,SRC,Health Commons,Journal Article
pre-sleep-resonance-breathing-and-meditation,Effects of mindfulness-based cognitive therapy on older adults with sleep disorders: a systematic review and meta-analysis,MA,Health Commons,Review
pre-sleep-resonance-breathing-and-meditation,Mindfulness-based cognitive therapy to improve sleep quality in older adults with insomnia,SRC,Health Commons,Journal Article
pre-sleep-resonance-breathing-and-meditation,Impact of Mindfulness-Based Stress Reduction on sleep-related parameters in a community sample,SRC,Health Commons,Journal Article
pre-sleep-resonance-breathing-and-meditation,Effects of mindfulness-based intervention programs on sleep among people with common mental disorders: a systematic review and meta-analysis,MA,Health Commons,Review
pre-sleep-resonance-breathing-and-meditation,Mindfulness-based programmes for mental health promotion in adults in nonclinical settings: A systematic review and meta-analysis of randomised controlled trials,MA,Health Commons,Review
pre-sleep-resonance-breathing-and-meditation,Sleep disorders commonly found in older people,REV,Health Commons,Review
pre-sleep-resonance-breathing-and-meditation,The management of unwanted pre-sleep thoughts in insomnia: distraction with imagery versus general distraction,INT,Health Commons,Journal Article
pre-sleep-resonance-breathing-and-meditation,"Role of Stress, Arousal, and Coping Skills in Primary Insomnia",SRC,Health Commons,Journal Article
pre-sleep-resonance-breathing-and-meditation,Potential Mechanisms of Mindfulness in Improving Sleep and Distress,SRC,Health Commons,Journal Article
pre-sleep-resonance-breathing-and-meditation,"Daily Stress, Presleep Arousal, and Sleep in Healthy Young Women: A Daily Life Computerized Sleep Diary and Actigraphy Study",SRC,Health Commons,Journal Article
pre-sleep-resonance-breathing-and-meditation,Effects of Rumination and Worry on Sleep,SRC,Health Commons,Journal Article
pre-sleep-resonance-breathing-and-meditation,Lying Awake at Night: Cardiac Autonomic Activity in Relation to Sleep Onset and Maintenance,SRC,Health Commons,Journal Article
pre-sleep-resonance-breathing-and-meditation,Sleep onset and cardiovascular activity in primary insomnia,SRC,Health Commons,Journal Article
pre-sleep-resonance-breathing-and-meditation,Heart rate variability in insomniacs and matched normal sleepers,SRC,Health Commons,Journal Article
pre-sleep-resonance-breathing-and-meditation,Hyperarousal and insomnia,REV,Health Commons,Review
pre-sleep-resonance-breathing-and-meditation,The hyperarousal model of insomnia: a review of the concept and its evidence,REV,Health Commons,Review
pre-sleep-resonance-breathing-and-meditation,Hyperarousal in insomnia disorder: Current evidence and potential mechanisms,REV,Health Commons,Review
pre-sleep-resonance-breathing-and-meditation,An exploration of pre-sleep cognitive activity in insomnia: imagery and verbal thought,SRC,Health Commons,Journal Article
pre-sleep-resonance-breathing-and-meditation,Effects of cognitive arousal and physiological arousal on sleep perception,SRC,Health Commons,Journal Article
pre-sleep-resonance-breathing-and-meditation,Psychometric properties of the Pre-Sleep Arousal Scale in a large community sample,SRC,Health Commons,Journal Article
pre-sleep-resonance-breathing-and-meditation,Heart rate variability during sleep onset in patients with insomnia with or without comorbid sleep apnea,SRC,Health Commons,Journal Article
pre-sleep-resonance-breathing-and-meditation,Effect of breathwork on stress and mental health: A meta-analysis of randomised-controlled trials,MA,Health Commons,Review
pre-sleep-resonance-breathing-and-meditation,A cognitive model of insomnia,SRC,Health Commons,Journal Article
pre-sleep-resonance-breathing-and-meditation,Pre-sleep Cognitive Arousal Decreases Following a 4-Week Introductory Mindfulness Course,INT,Health Commons,Journal Article
pre-sleep-resonance-breathing-and-meditation,Polysomnographic and subjective profiles of sleep continuity before and after mindfulness-based cognitive therapy in partially remitted depression,SRC,Health Commons,Journal Article
pre-sleep-resonance-breathing-and-meditation,Clinical Significance and Cut-Off Scores for the Pre-Sleep Arousal Scale in Chronic Insomnia Disorder: A Replication in a Clinical Sample,SRC,Health Commons,Journal Article
pre-sleep-resonance-breathing-and-meditation,Increased high-frequency NREM EEG power associated with mindfulness-based interventions for chronic insomnia: Preliminary findings from spectral analysis,SRC,Health Commons,Journal Article
pre-sleep-resonance-breathing-and-meditation,Recommendations for a standard research assessment of insomnia,GUIDE,Health Commons,Guideline
pre-sleep-resonance-breathing-and-meditation,The physiological effects of slow breathing in the healthy human,REV,Health Commons,Review
pre-sleep-resonance-breathing-and-meditation,How Breath-Control Can Change Your Life: A Systematic Review on Psycho-Physiological Correlates of Slow Breathing,REV,Health Commons,Review
pre-sleep-resonance-breathing-and-meditation,Effect of Resonance Breathing on Heart Rate Variability and Cognitive Functions in Young Adults: A Randomised Controlled Study,SRC,Health Commons,Journal Article
pre-sleep-resonance-breathing-and-meditation,Slow-Paced Breathing: Influence of Inhalation/Exhalation Ratio and of Respiratory Pauses on Cardiac Vagal Activity,SRC,Health Commons,Journal Article
pre-sleep-resonance-breathing-and-meditation,"Slow breathing reduces chemoreflex response to hypoxia and hypercapnia, and increases baroreflex sensitivity",SRC,Health Commons,Journal Article
pre-sleep-resonance-breathing-and-meditation,Breathing at a rate of 5.5 breaths per minute with equal inhalation-to-exhalation ratio increases heart rate variability,SRC,Health Commons,Journal Article
pre-sleep-resonance-breathing-and-meditation,No Evidence for the Efficacy of Slow-Paced Breathing as a Recovery Strategy After Sprint Interval Training,RCT,Health Commons,Journal Article
pre-sleep-resonance-breathing-and-meditation,The Effect of Slow-Paced Breathing on Cardiovascular and Emotion Functions: A Meta-Analysis and Systematic Review,MA,Health Commons,Review
pre-sleep-resonance-breathing-and-meditation,Heart rate variability in insomnia patients: A critical review of the literature,REV,Health Commons,Review
pre-sleep-resonance-breathing-and-meditation,Measures of cardiovascular autonomic activity in insomnia disorder: A systematic review,REV,Health Commons,Review
pre-sleep-resonance-breathing-and-meditation,Heart rate variability in patients with insomnia disorder: a systematic review and meta-analysis,MA,Health Commons,Review
pre-sleep-resonance-breathing-and-meditation,Effect of coherent breathing on mental health and wellbeing: a randomised placebo-controlled trial,SRC,Health Commons,Journal Article
pre-sleep-resonance-breathing-and-meditation,"Heart rate variability: origins, methods, and interpretive caveats",REV,Health Commons,Journal Article
pre-sleep-resonance-breathing-and-meditation,"Time Domain, Geometrical and Frequency Domain Analysis of Cardiac Vagal Outflow: Effects of Various Respiratory Patterns",SRC,Health Commons,Journal Article
pre-sleep-resonance-breathing-and-meditation,"The Impact of Resonance Frequency Breathing on Measures of Heart Rate Variability, Blood Pressure, and Mood",SRC,Health Commons,Journal Article
pre-sleep-resonance-breathing-and-meditation,Heart rate variability and slow-paced breathing: when coherence meets resonance,REV,Health Commons,Review
pre-sleep-resonance-breathing-and-meditation,Important influence of respiration on human R-R interval power spectra is largely ignored,SRC,Health Commons,Journal Article
pre-sleep-resonance-breathing-and-meditation,Effects of voluntary slow breathing on heart rate and heart rate variability: A systematic review and a meta-analysis,MA,Health Commons,Review
pre-sleep-silent-meditation,Behavioral and psychological treatments for chronic insomnia disorder in adults: an American Academy of Sleep Medicine clinical practice guideline,GUIDE,Health Commons,Guideline
pre-sleep-silent-meditation,Consumer Sleep Technology: An American Academy of Sleep Medicine Position Statement,GUIDE,Health Commons,Guideline
pre-sleep-silent-meditation,Management of Chronic Insomnia Disorder in Adults: A Clinical Practice Guideline From the American College of Physicians,GUIDE,Health Commons,Guideline
pre-sleep-silent-meditation,State of the science and recommendations for using wearable technology in sleep and circadian research,SRC,Health Commons,Journal Article
pre-sleep-silent-meditation,Wearable Sleep Technology in Clinical and Research Settings,REV,Health Commons,Review
pre-sleep-silent-meditation,"Use of Actigraphy for the Evaluation of Sleep Disorders and Circadian Rhythm Sleep-Wake Disorders: An American Academy of Sleep Medicine Systematic Review, Meta-Analysis, and GRADE Assessment",MA,Health Commons,Review
pre-sleep-silent-meditation,'Mindfulness Living with Insomnia': an mHealth intervention for individuals with insomnia in China: a study protocol of a randomised controlled trial,SRC,Health Commons,Journal Article
pre-sleep-silent-meditation,A Meta-Analysis of Mindfulness-Based Therapies for Insomnia and Sleep Disturbance,MA,Health Commons,Review
pre-sleep-silent-meditation,A Meta-Analysis of Mindfulness-Based Therapies for Insomnia and Sleep Disturbance: Moving Towards Processes of Change,MA,Health Commons,Review
pre-sleep-silent-meditation,A mindfulness-based approach to the treatment of insomnia,REV,Health Commons,Journal Article
pre-sleep-silent-meditation,"A pilot, randomized, placebo-controlled study of mindfulness meditation in treating insomnia in multiple sclerosis",SRC,Health Commons,Journal Article
pre-sleep-silent-meditation,A randomized controlled trial of mindfulness meditation for chronic insomnia,SRC,Health Commons,Journal Article
pre-sleep-silent-meditation,A Randomized Controlled Trial of Mindfulness Meditation for Chronic Insomnia: Effects on Daytime Symptoms and Cognitive-Emotional Arousal,SRC,Health Commons,Journal Article
pre-sleep-silent-meditation,A randomized controlled trial to examine the feasibility and preliminary efficacy of a digital mindfulness-based therapy for improving insomnia symptoms,SRC,Health Commons,Journal Article
pre-sleep-silent-meditation,A virtual reality-based mind–body approach to downregulate psychophysiological arousal in adolescent insomnia,SRC,Health Commons,Journal Article
pre-sleep-silent-meditation,Adverse events in meditation practices and meditation-based therapies: a systematic review,REV,Health Commons,Review
pre-sleep-silent-meditation,Adverse or therapeutic? A mixed-methods study investigating adverse effects of Mindfulness-Based Cognitive Therapy in bipolar disorder,SRC,Health Commons,Journal Article
pre-sleep-silent-meditation,Assessment of an App-Based Sleep Program to Improve Sleep Outcomes in a Clinical Insomnia Population: Randomized Controlled Trial,SRC,Health Commons,Journal Article
pre-sleep-silent-meditation,Bedtime App–Guided Mindfulness Meditation in Patients With Insomnia: Mixed Methods Feasibility and Acceptability Pilot Study,SRC,Health Commons,Journal Article
pre-sleep-silent-meditation,"Behavioral and psychological treatments for chronic insomnia disorder in adults: an American Academy of Sleep Medicine systematic review, meta-analysis, and GRADE assessment",MA,Health Commons,Review
pre-sleep-silent-meditation,Beyond serenity: Adverse effects of meditation and mindfulness in clinical practice,REV,Health Commons,Review
pre-sleep-silent-meditation,Can mindfulness be too much of a good thing? The value of a middle way,REV,Health Commons,Review
pre-sleep-silent-meditation,Clinical guideline for the evaluation and management of chronic insomnia in adults,GUIDE,Health Commons,Guideline
pre-sleep-silent-meditation,Clinical Practice Guideline for the Pharmacologic Treatment of Chronic Insomnia in Adults: An American Academy of Sleep Medicine Clinical Practice Guideline,GUIDE,Health Commons,Guideline
pre-sleep-silent-meditation,Cognitive Behavioral Therapy for Chronic Insomnia: A Systematic Review and Meta-analysis,MA,Health Commons,Review
pre-sleep-silent-meditation,Cognitive-behavioral treatment for insomnia and mindfulness-based stress reduction in nurses with insomnia: a non-inferiority internet delivered randomized controlled trial,SRC,Health Commons,Journal Article
pre-sleep-silent-meditation,Combining mindfulness meditation with cognitive-behavior therapy for insomnia: a treatment-development study,SRC,Health Commons,Journal Article
pre-sleep-silent-meditation,Comparing the Effects of Mindfulness-Based Cognitive Therapy and Sleep Psycho-Education with Exercise on Chronic Insomnia: A Randomised Controlled Trial,SRC,Health Commons,Journal Article
pre-sleep-silent-meditation,Defining and Measuring Meditation-Related Adverse Effects in Mindfulness-Based Programs,SRC,Health Commons,Journal Article
pre-sleep-silent-meditation,"Delivering Mindfulness-Based Interventions for Insomnia, Pain, and Dysfunctional Eating Through a Text Messaging App: Three Randomized Controlled Trials Investigating the Effectiveness and Mediating Mechanisms",SRC,Health Commons,Journal Article
pre-sleep-silent-meditation,Dissociable changes in sleep architecture with mindfulness and sleep hygiene intervention in older adults: secondary and exploratory analysis of polysomnography data from the Mindfulness Sleep Therapy (MIST) trial,SRC,Health Commons,Journal Article
pre-sleep-silent-meditation,Do mindfulness interventions cause harm? Findings from the Learning to Apply Mindfulness to Pain (LAMP) Pragmatic Clinical Trial,SRC,Health Commons,Journal Article
pre-sleep-silent-meditation,Doing no harm in mindfulness-based programs: Conceptual issues and empirical findings,REV,Health Commons,Review
pre-sleep-silent-meditation,Effect of Brief Mindfulness Induction on University Athletes' Sleep Quality Following Night Training,SRC,Health Commons,Journal Article
pre-sleep-silent-meditation,Effect of Virtual Reality Meditation on Sleep Quality of Intensive Care Unit Patients: A Randomised Controlled Trial,RCT,Health Commons,Journal Article
pre-sleep-silent-meditation,Effectiveness and Mechanisms of a Digital Mindfulness-Based Intervention for Subthreshold to Clinical Insomnia Symptoms in Pregnant Women: Randomized Controlled Trial,SRC,Health Commons,Journal Article
pre-sleep-silent-meditation,Effects of Induced Mindfulness at Night on Repetitive Negative Thinking: Ecological Momentary Assessment Study,SRC,Health Commons,Journal Article
pre-sleep-silent-meditation,Effects of Mindfulness Meditation Duration and Type on Well-being: an Online Dose-Ranging Randomized Controlled Trial,SRC,Health Commons,Journal Article
pre-sleep-silent-meditation,Effects of mindfulness-based cognitive therapy on older adults with sleep disorders: a systematic review and meta-analysis,MA,Health Commons,Review
pre-sleep-silent-meditation,Effects of mindfulness-based intervention programs on sleep among people with common mental disorders: a systematic review and meta-analysis,MA,Health Commons,Review
pre-sleep-silent-meditation,Effects of mindfulness-based stress reduction on adults with sleep disturbance: an updated systematic review and meta-analysis,MA,Health Commons,Review
pre-sleep-silent-meditation,Effects of mindfulness-based stress reduction on sleep quality and mental health for insomnia patients: A meta-analysis,MA,Health Commons,Review
pre-sleep-silent-meditation,Effects of mindfulness-based therapy for insomnia and a sleep hygiene/exercise programme on subjective-objective sleep discrepancy in older adults with sleep disturbances: exploratory secondary analysis of a randomised clinical trial,SRC,Health Commons,Journal Article
pre-sleep-silent-meditation,Effects of Virtual Reality Meditation on Sleep and Delirium in ICU Patients: A Randomized Controlled Trial,RCT,Health Commons,Journal Article
pre-sleep-silent-meditation,Efficacy of mindfulness-based intervention ('mindfulness-based joyful sleep') in young and middle-aged individuals with insomnia using a biomarker of inflammatory responses: a prospective protocol of a randomised controlled trial in China,SRC,Health Commons,Journal Article
pre-sleep-silent-meditation,Efficacy of online mindfulness for the treatment of insomnia in pregnancy: A randomized clinical trial,SRC,Health Commons,Journal Article
pre-sleep-silent-meditation,"First, do no harm: An intensive experience sampling study of adverse effects to mindfulness training",SRC,Health Commons,Journal Article
pre-sleep-silent-meditation,Home practice in Mindfulness-Based Cognitive Therapy and Mindfulness-Based Stress Reduction: A systematic review and meta-analysis of participants' mindfulness practice and its association with outcomes,MA,Health Commons,Review
pre-sleep-silent-meditation,How Mindfulness Changed My Sleep: Focus Groups With Chronic Insomnia Patients,SRC,Health Commons,Journal Article
pre-sleep-silent-meditation,Hyperarousal and insomnia,REV,Health Commons,Review
pre-sleep-silent-meditation,Hyperarousal in insomnia disorder: Current evidence and potential mechanisms,REV,Health Commons,Review
pre-sleep-silent-meditation,Impact of Mindfulness-Based Stress Reduction on sleep-related parameters in a community sample,SRC,Health Commons,Journal Article
pre-sleep-silent-meditation,Improving sleep with mindfulness and acceptance: a metacognitive model of insomnia,SRC,Health Commons,Journal Article
pre-sleep-silent-meditation,Incidence and Predictors of Meditation-Related Unusual Experiences and Adverse Effects in a Representative Sample of Meditators in the United States,SRC,Health Commons,Journal Article
pre-sleep-silent-meditation,Increased high-frequency NREM EEG power associated with mindfulness-based interventions for chronic insomnia: Preliminary findings from spectral analysis,SRC,Health Commons,Journal Article
pre-sleep-silent-meditation,"Measuring sleep: accuracy, sensitivity, and specificity of wrist actigraphy compared to polysomnography",SRC,Health Commons,Journal Article
pre-sleep-silent-meditation,Meditation-induced psychosis,SRC,Health Commons,Journal Article
pre-sleep-silent-meditation,Meditation-induced psychosis: a narrative review and individual patient data analysis,REV,Health Commons,Review
pre-sleep-silent-meditation,Meditation-Induced Psychosis: Trigger and Recurrence,SRC,Health Commons,Journal Article
pre-sleep-silent-meditation,Mindful Night-to-Day: a pilot feasibility trial of a mindfulness-based insomnia and symptom management intervention for patients with hematologic cancer,SRC,Health Commons,Journal Article
pre-sleep-silent-meditation,Mindfulness meditation and cognitive behavioral therapy for insomnia: a naturalistic 12-month follow-up,SRC,Health Commons,Journal Article
pre-sleep-silent-meditation,Mindfulness Meditation and Improvement in Sleep Quality and Daytime Impairment Among Older Adults With Sleep Disturbances: A Randomized Clinical Trial,SRC,Health Commons,Journal Article
pre-sleep-silent-meditation,Mindfulness meditation for insomnia: A meta-analysis of randomized controlled trials,MA,Health Commons,Review
pre-sleep-silent-meditation,Mindfulness-based cognitive therapy to improve sleep quality in older adults with insomnia,SRC,Health Commons,Journal Article
pre-sleep-silent-meditation,Mindfulness-Based Interventions for Insomnia: A Meta-Analysis of Randomized Controlled Trials,MA,Health Commons,Review
pre-sleep-silent-meditation,Mindfulness-Based Strategies for Improving Sleep in People with Psychiatric Disorders,REV,Health Commons,Review
pre-sleep-silent-meditation,"Mindfulness-Based Stress Reduction Compared With Cognitive Behavioral Therapy for the Treatment of Insomnia Comorbid With Cancer: A Randomized, Partially Blinded, Noninferiority Trial",SRC,Health Commons,Journal Article
pre-sleep-silent-meditation,"Mindfulness-based stress reduction for chronic insomnia in adults older than 75 years: a randomized, controlled, single-blind clinical trial",SRC,Health Commons,Journal Article
pre-sleep-silent-meditation,Mindfulness-based stress reduction versus pharmacotherapy for chronic primary insomnia: a randomized controlled clinical trial,SRC,Health Commons,Journal Article
pre-sleep-silent-meditation,Mindfulness-based therapy for insomnia alleviates cognitive arousal in treatment-resistant insomnia: a single-arm telemedicine proof-of-concept trial,SRC,Health Commons,Journal Article
pre-sleep-silent-meditation,Mindfulness-based therapy for insomnia for older adults with sleep difficulties: a randomized clinical trial,SRC,Health Commons,Journal Article
pre-sleep-silent-meditation,Mindfulness-based therapy for insomnia in Black women: a pilot randomized controlled trial,SRC,Health Commons,Journal Article
pre-sleep-silent-meditation,Nocturnal cognitive arousal is associated with objective sleep disturbance and indicators of physiologic hyperarousal in good sleepers and individuals with insomnia disorder,SRC,Health Commons,Journal Article
pre-sleep-silent-meditation,Potential Mechanisms of Mindfulness in Improving Sleep and Distress,SRC,Health Commons,Journal Article
pre-sleep-silent-meditation,Practice parameters for the use of actigraphy in the assessment of sleep and sleep disorders: an update for 2007,GUIDE,Health Commons,Guideline
pre-sleep-silent-meditation,Pre-sleep Cognitive Arousal Decreases Following a 4-Week Introductory Mindfulness Course,INT,Health Commons,Journal Article
pre-sleep-silent-meditation,Precipitation of acute psychotic episodes by intensive meditation in individuals with a history of schizophrenia,SRC,Health Commons,Journal Article
pre-sleep-silent-meditation,Prevalence of harm in mindfulness-based stress reduction,SRC,Health Commons,Journal Article
pre-sleep-silent-meditation,Prevalence of meditation-related adverse effects in a population-based sample in the United States,SRC,Health Commons,Journal Article
pre-sleep-silent-meditation,"Prevalence, predictors and types of unpleasant and adverse effects of meditation in regular meditators: international cross-sectional study",SRC,Health Commons,Journal Article
pre-sleep-silent-meditation,Psychometric Properties of the Consensus Sleep Diary in Those With Insomnia Disorder,SRC,Health Commons,Journal Article
pre-sleep-silent-meditation,Psychometric properties of the Pre-Sleep Arousal Scale in a large community sample,SRC,Health Commons,Journal Article
pre-sleep-silent-meditation,Recommendations for a standard research assessment of insomnia,GUIDE,Health Commons,Guideline
pre-sleep-silent-meditation,Recommendations for Wearable Consumer Health Trackers in Sleep Medicine and Sleep Research: a World Sleep Society International Sleep Medicine Task Force statement,GUIDE,Health Commons,Guideline
pre-sleep-silent-meditation,Sleep hygiene education as a treatment of insomnia: a systematic review and meta-analysis,MA,Health Commons,Review
pre-sleep-silent-meditation,Standalone digital mindfulness-based interventions for sleep and mental health outcomes: a systematic review and meta-analysis,MA,Health Commons,Review
pre-sleep-silent-meditation,Systematic review of the safety of mindfulness-based interventions for psychosis,REV,Health Commons,Review
pre-sleep-silent-meditation,Testing a mindfulness meditation mobile app for the treatment of sleep-related symptoms in adults with sleep disturbance: a randomized controlled trial,SRC,Health Commons,Journal Article
pre-sleep-silent-meditation,The consensus sleep diary: standardizing prospective sleep self-monitoring,SRC,Health Commons,Journal Article
pre-sleep-silent-meditation,The effect of mindfulness meditation on sleep quality: a systematic review and meta-analysis of randomized controlled trials,MA,Health Commons,Review
pre-sleep-silent-meditation,The Effect of Virtual Mindfulness-Based Interventions on Sleep Quality: A Systematic Review of Randomized Controlled Trials,REV,Health Commons,Review
pre-sleep-silent-meditation,The Effectiveness of the Headspace App for Improving Sleep: Randomized Controlled Trial,SRC,Health Commons,Journal Article
pre-sleep-silent-meditation,The effects of a mindfulness-based stress reduction programme on pre-sleep cognitive arousal and insomnia symptoms: a pilot study,INT,Health Commons,Journal Article
pre-sleep-silent-meditation,The effects of mindfulness and relaxation training for insomnia (MRTI) on postmenopausal women: a pilot study,SRC,Health Commons,Journal Article
pre-sleep-silent-meditation,The effects of mindfulness-based stress reduction on sleep disturbance: a systematic review,REV,Health Commons,Review
pre-sleep-silent-meditation,The hyperarousal model of insomnia: a review of the concept and its evidence,REV,Health Commons,Review
pre-sleep-silent-meditation,The Management of Chronic Insomnia Disorder and Obstructive Sleep Apnea: Synopsis of the 2019 U.S. Department of Veterans Affairs and U.S. Department of Defense Clinical Practice Guidelines,GUIDE,Health Commons,Guideline
pre-sleep-silent-meditation,The Quest for Mindful Sleep: A Critical Synthesis of the Impact of Mindfulness-Based Interventions for Insomnia,REV,Health Commons,Review
pre-sleep-silent-meditation,The role and validity of actigraphy in sleep medicine: an update,REV,Health Commons,Review
pre-sleep-silent-meditation,The Safety of Mindfulness-Based Interventions: a Systematic Review of Randomized Controlled Trials,REV,Health Commons,Review
pre-sleep-silent-meditation,The varieties of contemplative experience: A mixed-methods study of meditation-related challenges in Western Buddhists,SRC,Health Commons,Journal Article
pre-sleep-silent-meditation,Treating subclinical and clinical symptoms of insomnia with a mindfulness-based smartphone application: A pilot study,SRC,Health Commons,Journal Article
pre-sleep-silent-meditation,"Unpleasant meditation-related experiences in regular meditators: Prevalence, predictors, and conceptual considerations",SRC,Health Commons,Journal Article
pre-sleep-silent-meditation,Unwanted effects: Is there a negative side of meditation? A multicentre survey,SRC,Health Commons,Journal Article
pre-sleep-silent-meditation,Using Mindfulness for the Treatment of Insomnia,REV,Health Commons,Review
pre-sleep-silent-meditation,VA/DoD Clinical Practice Guideline for the Management of Chronic Insomnia Disorder and Obstructive Sleep Apnea,GUIDE,Health Commons,Guideline
pre-sleep-silent-meditation,What Are Adverse Events in Mindfulness Meditation?,REV,Health Commons,Review
pre-sleep-silent-meditation,World Sleep Society endorsement of sleep medicine guidelines: Behavioral and psychological treatments for chronic insomnia disorder in adults,GUIDE,Health Commons,Guideline
pre-sleep-silent-meditation,A Randomized Controlled Trial of Mindfulness Meditation for Chronic Insomnia: Effects on Daytime Symptoms and Cognitive-Emotional Arousal,SRC,Health Commons,Journal Article
pre-sleep-silent-meditation,Pre-sleep Cognitive Arousal Decreases Following a 4-Week Introductory Mindfulness Course,INT,Health Commons,Journal Article
pre-sleep-silent-meditation,Hyperarousal and insomnia,REV,Health Commons,Review
pre-sleep-silent-meditation,Psychometric properties of the Pre-Sleep Arousal Scale in a large community sample,SRC,Health Commons,Journal Article
pre-sleep-silent-meditation,The hyperarousal model of insomnia: a review of the concept and its evidence,REV,Health Commons,Review
pre-sleep-silent-meditation,Hyperarousal in insomnia disorder: Current evidence and potential mechanisms,REV,Health Commons,Review
pre-sleep-silent-meditation,Potential Mechanisms of Mindfulness in Improving Sleep and Distress,SRC,Health Commons,Journal Article
pre-sleep-silent-meditation,Comparing the Effects of Mindfulness-Based Cognitive Therapy and Sleep Psycho-Education with Exercise on Chronic Insomnia: A Randomised Controlled Trial,SRC,Health Commons,Journal Article
pre-sleep-silent-meditation,Nocturnal cognitive arousal is associated with objective sleep disturbance and indicators of physiologic hyperarousal in good sleepers and individuals with insomnia disorder,SRC,Health Commons,Journal Article
pre-sleep-silent-meditation,Impact of Mindfulness-Based Stress Reduction on sleep-related parameters in a community sample,SRC,Health Commons,Journal Article
pre-sleep-silent-meditation,"Mindfulness-Based Stress Reduction Compared With Cognitive Behavioral Therapy for the Treatment of Insomnia Comorbid With Cancer: A Randomized, Partially Blinded, Noninferiority Trial",SRC,Health Commons,Journal Article
pre-sleep-silent-meditation,"Mindfulness-based stress reduction for chronic insomnia in adults older than 75 years: a randomized, controlled, single-blind clinical trial",SRC,Health Commons,Journal Article
pre-sleep-silent-meditation,Increased high-frequency NREM EEG power associated with mindfulness-based interventions for chronic insomnia: Preliminary findings from spectral analysis,SRC,Health Commons,Journal Article
pre-sleep-silent-meditation,Efficacy of mindfulness-based intervention ('mindfulness-based joyful sleep') in young and middle-aged individuals with insomnia using a biomarker of inflammatory responses: a prospective protocol of a randomised controlled trial in China,SRC,Health Commons,Journal Article
pre-sleep-silent-meditation,The effects of a mindfulness-based stress reduction programme on pre-sleep cognitive arousal and insomnia symptoms: a pilot study,INT,Health Commons,Journal Article
pre-sleep-silent-meditation,"A pilot, randomized, placebo-controlled study of mindfulness meditation in treating insomnia in multiple sclerosis",SRC,Health Commons,Journal Article
pre-sleep-silent-meditation,Improving sleep with mindfulness and acceptance: a metacognitive model of insomnia,SRC,Health Commons,Journal Article
pre-sleep-silent-meditation,Cognitive Behavioral Therapy for Chronic Insomnia: A Systematic Review and Meta-analysis,MA,Health Commons,Review
pre-sleep-silent-meditation,The Quest for Mindful Sleep: A Critical Synthesis of the Impact of Mindfulness-Based Interventions for Insomnia,REV,Health Commons,Review
pre-sleep-silent-meditation,Sleep hygiene education as a treatment of insomnia: a systematic review and meta-analysis,MA,Health Commons,Review
pre-sleep-silent-meditation,Mindfulness-Based Interventions for Insomnia: A Meta-Analysis of Randomized Controlled Trials,MA,Health Commons,Review
pre-sleep-silent-meditation,Effects of mindfulness-based stress reduction on sleep quality and mental health for insomnia patients: A meta-analysis,MA,Health Commons,Review
pre-sleep-silent-meditation,"Behavioral and psychological treatments for chronic insomnia disorder in adults: an American Academy of Sleep Medicine systematic review, meta-analysis, and GRADE assessment",MA,Health Commons,Review
pre-sleep-silent-meditation,A Meta-Analysis of Mindfulness-Based Therapies for Insomnia and Sleep Disturbance,MA,Health Commons,Review
pre-sleep-silent-meditation,VA/DoD Clinical Practice Guideline for the Management of Chronic Insomnia Disorder and Obstructive Sleep Apnea,GUIDE,Health Commons,Guideline
pre-sleep-silent-meditation,Behavioral and psychological treatments for chronic insomnia disorder in adults: an American Academy of Sleep Medicine clinical practice guideline,GUIDE,Health Commons,Guideline
pre-sleep-silent-meditation,Management of Chronic Insomnia Disorder in Adults: A Clinical Practice Guideline From the American College of Physicians,GUIDE,Health Commons,Guideline
pre-sleep-silent-meditation,The consensus sleep diary: standardizing prospective sleep self-monitoring,SRC,Health Commons,Journal Article
pre-sleep-silent-meditation,Recommendations for Wearable Consumer Health Trackers in Sleep Medicine and Sleep Research: a World Sleep Society International Sleep Medicine Task Force statement,GUIDE,Health Commons,Guideline
pre-sleep-silent-meditation,The Management of Chronic Insomnia Disorder and Obstructive Sleep Apnea: Synopsis of the 2019 U.S. Department of Veterans Affairs and U.S. Department of Defense Clinical Practice Guidelines,GUIDE,Health Commons,Guideline
pre-sleep-silent-meditation,Recommendations for a standard research assessment of insomnia,GUIDE,Health Commons,Guideline
pre-sleep-silent-meditation,Psychometric Properties of the Consensus Sleep Diary in Those With Insomnia Disorder,SRC,Health Commons,Journal Article
pre-sleep-silent-meditation,World Sleep Society endorsement of sleep medicine guidelines: Behavioral and psychological treatments for chronic insomnia disorder in adults,GUIDE,Health Commons,Guideline
pre-sleep-silent-meditation,Consumer Sleep Technology: An American Academy of Sleep Medicine Position Statement,GUIDE,Health Commons,Guideline
pre-sleep-silent-meditation,State of the science and recommendations for using wearable technology in sleep and circadian research,SRC,Health Commons,Journal Article
pre-sleep-silent-meditation,Clinical guideline for the evaluation and management of chronic insomnia in adults,GUIDE,Health Commons,Guideline
pre-sleep-silent-meditation,Clinical Practice Guideline for the Pharmacologic Treatment of Chronic Insomnia in Adults: An American Academy of Sleep Medicine Clinical Practice Guideline,GUIDE,Health Commons,Guideline
pre-sleep-silent-meditation,Practice parameters for the use of actigraphy in the assessment of sleep and sleep disorders: an update for 2007,GUIDE,Health Commons,Guideline
pre-sleep-silent-meditation,Bedtime App–Guided Mindfulness Meditation in Patients With Insomnia: Mixed Methods Feasibility and Acceptability Pilot Study,SRC,Health Commons,Journal Article
pre-sleep-silent-meditation,A mindfulness-based approach to the treatment of insomnia,REV,Health Commons,Journal Article
pre-sleep-silent-meditation,Standalone digital mindfulness-based interventions for sleep and mental health outcomes: a systematic review and meta-analysis,MA,Health Commons,Review
pre-sleep-silent-meditation,Assessment of an App-Based Sleep Program to Improve Sleep Outcomes in a Clinical Insomnia Population: Randomized Controlled Trial,SRC,Health Commons,Journal Article
pre-sleep-silent-meditation,'Mindfulness Living with Insomnia': an mHealth intervention for individuals with insomnia in China: a study protocol of a randomised controlled trial,SRC,Health Commons,Journal Article
pre-sleep-silent-meditation,"Delivering Mindfulness-Based Interventions for Insomnia, Pain, and Dysfunctional Eating Through a Text Messaging App: Three Randomized Controlled Trials Investigating the Effectiveness and Mediating Mechanisms",SRC,Health Commons,Journal Article
pre-sleep-silent-meditation,The role and validity of actigraphy in sleep medicine: an update,REV,Health Commons,Review
pre-sleep-silent-meditation,"Measuring sleep: accuracy, sensitivity, and specificity of wrist actigraphy compared to polysomnography",SRC,Health Commons,Journal Article
pre-sleep-silent-meditation,"Use of Actigraphy for the Evaluation of Sleep Disorders and Circadian Rhythm Sleep-Wake Disorders: An American Academy of Sleep Medicine Systematic Review, Meta-Analysis, and GRADE Assessment",MA,Health Commons,Review
pre-sleep-silent-meditation,Wearable Sleep Technology in Clinical and Research Settings,REV,Health Commons,Review
pre-sleep-silent-meditation,Home practice in Mindfulness-Based Cognitive Therapy and Mindfulness-Based Stress Reduction: A systematic review and meta-analysis of participants' mindfulness practice and its association with outcomes,MA,Health Commons,Review
pre-sleep-silent-meditation,How Mindfulness Changed My Sleep: Focus Groups With Chronic Insomnia Patients,SRC,Health Commons,Journal Article
pre-sleep-silent-meditation,Mindfulness meditation for insomnia: A meta-analysis of randomized controlled trials,MA,Health Commons,Review
pre-sleep-silent-meditation,Effects of Mindfulness Meditation Duration and Type on Well-being: an Online Dose-Ranging Randomized Controlled Trial,SRC,Health Commons,Journal Article
pre-sleep-silent-meditation,Mindfulness-Based Strategies for Improving Sleep in People with Psychiatric Disorders,REV,Health Commons,Review
pre-sleep-silent-meditation,The effects of mindfulness-based stress reduction on sleep disturbance: a systematic review,REV,Health Commons,Review
pre-sleep-silent-meditation,Mindfulness meditation and cognitive behavioral therapy for insomnia: a naturalistic 12-month follow-up,SRC,Health Commons,Journal Article
pre-sleep-silent-meditation,Mindfulness Meditation and Improvement in Sleep Quality and Daytime Impairment Among Older Adults With Sleep Disturbances: A Randomized Clinical Trial,SRC,Health Commons,Journal Article
pre-sleep-silent-meditation,Using Mindfulness for the Treatment of Insomnia,REV,Health Commons,Review
pre-sleep-silent-meditation,The effect of mindfulness meditation on sleep quality: a systematic review and meta-analysis of randomized controlled trials,MA,Health Commons,Review
pre-sleep-silent-meditation,A Meta-Analysis of Mindfulness-Based Therapies for Insomnia and Sleep Disturbance: Moving Towards Processes of Change,MA,Health Commons,Review
pre-sleep-silent-meditation,Treating subclinical and clinical symptoms of insomnia with a mindfulness-based smartphone application: A pilot study,SRC,Health Commons,Journal Article
pre-sleep-silent-meditation,Testing a mindfulness meditation mobile app for the treatment of sleep-related symptoms in adults with sleep disturbance: a randomized controlled trial,SRC,Health Commons,Journal Article
pre-sleep-silent-meditation,Mindfulness-based therapy for insomnia for older adults with sleep difficulties: a randomized clinical trial,SRC,Health Commons,Journal Article
pre-sleep-silent-meditation,The Effect of Virtual Mindfulness-Based Interventions on Sleep Quality: A Systematic Review of Randomized Controlled Trials,REV,Health Commons,Review
pre-sleep-silent-meditation,A randomized controlled trial to examine the feasibility and preliminary efficacy of a digital mindfulness-based therapy for improving insomnia symptoms,SRC,Health Commons,Journal Article
pre-sleep-silent-meditation,Effects of mindfulness-based stress reduction on adults with sleep disturbance: an updated systematic review and meta-analysis,MA,Health Commons,Review
pre-sleep-silent-meditation,Combining mindfulness meditation with cognitive-behavior therapy for insomnia: a treatment-development study,SRC,Health Commons,Journal Article
pre-sleep-silent-meditation,Mindfulness-based stress reduction versus pharmacotherapy for chronic primary insomnia: a randomized controlled clinical trial,SRC,Health Commons,Journal Article
pre-sleep-silent-meditation,A randomized controlled trial of mindfulness meditation for chronic insomnia,SRC,Health Commons,Journal Article
pre-sleep-silent-meditation,Mindfulness-based therapy for insomnia alleviates cognitive arousal in treatment-resistant insomnia: a single-arm telemedicine proof-of-concept trial,SRC,Health Commons,Journal Article
pre-sleep-silent-meditation,Dissociable changes in sleep architecture with mindfulness and sleep hygiene intervention in older adults: secondary and exploratory analysis of polysomnography data from the Mindfulness Sleep Therapy (MIST) trial,SRC,Health Commons,Journal Article
pre-sleep-silent-meditation,Efficacy of online mindfulness for the treatment of insomnia in pregnancy: A randomized clinical trial,SRC,Health Commons,Journal Article
pre-sleep-silent-meditation,Effects of mindfulness-based therapy for insomnia and a sleep hygiene/exercise programme on subjective-objective sleep discrepancy in older adults with sleep disturbances: exploratory secondary analysis of a randomised clinical trial,SRC,Health Commons,Journal Article
pre-sleep-silent-meditation,Mindfulness-based cognitive therapy to improve sleep quality in older adults with insomnia,SRC,Health Commons,Journal Article
pre-sleep-silent-meditation,Effects of mindfulness-based cognitive therapy on older adults with sleep disorders: a systematic review and meta-analysis,MA,Health Commons,Review
pre-sleep-silent-meditation,Mindful Night-to-Day: a pilot feasibility trial of a mindfulness-based insomnia and symptom management intervention for patients with hematologic cancer,SRC,Health Commons,Journal Article
pre-sleep-silent-meditation,Cognitive-behavioral treatment for insomnia and mindfulness-based stress reduction in nurses with insomnia: a non-inferiority internet delivered randomized controlled trial,SRC,Health Commons,Journal Article
pre-sleep-silent-meditation,Mindfulness-based therapy for insomnia in Black women: a pilot randomized controlled trial,SRC,Health Commons,Journal Article
pre-sleep-silent-meditation,Effectiveness and Mechanisms of a Digital Mindfulness-Based Intervention for Subthreshold to Clinical Insomnia Symptoms in Pregnant Women: Randomized Controlled Trial,SRC,Health Commons,Journal Article
pre-sleep-silent-meditation,The Effectiveness of the Headspace App for Improving Sleep: Randomized Controlled Trial,SRC,Health Commons,Journal Article
pre-sleep-silent-meditation,Effects of Virtual Reality Meditation on Sleep and Delirium in ICU Patients: A Randomized Controlled Trial,RCT,Health Commons,Journal Article
pre-sleep-silent-meditation,Effects of mindfulness-based intervention programs on sleep among people with common mental disorders: a systematic review and meta-analysis,MA,Health Commons,Review
pre-sleep-silent-meditation,A virtual reality-based mind–body approach to downregulate psychophysiological arousal in adolescent insomnia,SRC,Health Commons,Journal Article
pre-sleep-silent-meditation,The effects of mindfulness and relaxation training for insomnia (MRTI) on postmenopausal women: a pilot study,SRC,Health Commons,Journal Article
pre-sleep-silent-meditation,Effect of Virtual Reality Meditation on Sleep Quality of Intensive Care Unit Patients: A Randomised Controlled Trial,RCT,Health Commons,Journal Article
pre-sleep-silent-meditation,Effect of Brief Mindfulness Induction on University Athletes' Sleep Quality Following Night Training,SRC,Health Commons,Journal Article
pre-sleep-silent-meditation,Effects of Induced Mindfulness at Night on Repetitive Negative Thinking: Ecological Momentary Assessment Study,SRC,Health Commons,Journal Article
pre-sleep-silent-meditation,Doing no harm in mindfulness-based programs: Conceptual issues and empirical findings,REV,Health Commons,Review
pre-sleep-silent-meditation,Adverse events in meditation practices and meditation-based therapies: a systematic review,REV,Health Commons,Review
pre-sleep-silent-meditation,Beyond serenity: Adverse effects of meditation and mindfulness in clinical practice,REV,Health Commons,Review
pre-sleep-silent-meditation,Meditation-induced psychosis: a narrative review and individual patient data analysis,REV,Health Commons,Review
pre-sleep-silent-meditation,Unwanted effects: Is there a negative side of meditation? A multicentre survey,SRC,Health Commons,Journal Article
pre-sleep-silent-meditation,Incidence and Predictors of Meditation-Related Unusual Experiences and Adverse Effects in a Representative Sample of Meditators in the United States,SRC,Health Commons,Journal Article
pre-sleep-silent-meditation,What Are Adverse Events in Mindfulness Meditation?,REV,Health Commons,Review
pre-sleep-silent-meditation,The Safety of Mindfulness-Based Interventions: a Systematic Review of Randomized Controlled Trials,REV,Health Commons,Review
pre-sleep-silent-meditation,"Prevalence, predictors and types of unpleasant and adverse effects of meditation in regular meditators: international cross-sectional study",SRC,Health Commons,Journal Article
pre-sleep-silent-meditation,The varieties of contemplative experience: A mixed-methods study of meditation-related challenges in Western Buddhists,SRC,Health Commons,Journal Article
pre-sleep-silent-meditation,Can mindfulness be too much of a good thing? The value of a middle way,REV,Health Commons,Review
pre-sleep-silent-meditation,"Unpleasant meditation-related experiences in regular meditators: Prevalence, predictors, and conceptual considerations",SRC,Health Commons,Journal Article
pre-sleep-silent-meditation,Prevalence of harm in mindfulness-based stress reduction,SRC,Health Commons,Journal Article
pre-sleep-silent-meditation,Prevalence of meditation-related adverse effects in a population-based sample in the United States,SRC,Health Commons,Journal Article
pre-sleep-silent-meditation,"First, do no harm: An intensive experience sampling study of adverse effects to mindfulness training",SRC,Health Commons,Journal Article
pre-sleep-silent-meditation,Adverse or therapeutic? A mixed-methods study investigating adverse effects of Mindfulness-Based Cognitive Therapy in bipolar disorder,SRC,Health Commons,Journal Article
pre-sleep-silent-meditation,Defining and Measuring Meditation-Related Adverse Effects in Mindfulness-Based Programs,SRC,Health Commons,Journal Article
pre-sleep-silent-meditation,Systematic review of the safety of mindfulness-based interventions for psychosis,REV,Health Commons,Review
pre-sleep-silent-meditation,Meditation-induced psychosis,SRC,Health Commons,Journal Article
pre-sleep-silent-meditation,Meditation-Induced Psychosis: Trigger and Recurrence,SRC,Health Commons,Journal Article
pre-sleep-silent-meditation,Precipitation of acute psychotic episodes by intensive meditation in individuals with a history of schizophrenia,SRC,Health Commons,Journal Article
pre-sleep-silent-meditation,Do mindfulness interventions cause harm? Findings from the Learning to Apply Mindfulness to Pain (LAMP) Pragmatic Clinical Trial,SRC,Health Commons,Journal Article
protein-floor-high-protein-intake,A carbohydrate-reduced high-protein diet improves HbA1c and liver fat content in weight stable participants with type 2 diabetes: a randomised controlled trial,RCT,Health Commons,Journal Article
protein-floor-high-protein-intake,A high protein diet (3.4 g/kg/d) combined with a heavy resistance training program improves body composition in healthy trained men and women: a follow-up investigation,RCT,Health Commons,Journal Article
protein-floor-high-protein-intake,A High Protein Diet Has No Harmful Effects: A One-Year Crossover Study in Resistance-Trained Males,INT,Health Commons,Journal Article
protein-floor-high-protein-intake,A high protein diet is more effective in improving insulin resistance and glycemic variability compared to a Mediterranean diet: a cross-over controlled inpatient dietary study,INT,Health Commons,Journal Article
protein-floor-high-protein-intake,"A high-protein diet induces sustained reductions in appetite, ad libitum caloric intake, and body weight despite compensatory changes in diurnal plasma leptin and ghrelin concentrations",RCT,Health Commons,Journal Article
protein-floor-high-protein-intake,A high-protein diet with and without strength training shows no negative effects on oxidative stress markers in older adults,RCT,Health Commons,Journal Article
protein-floor-high-protein-intake,"A high-protein total diet replacement increases energy expenditure and leads to negative fat balance in healthy, normal-weight adults",INT,Health Commons,Journal Article
protein-floor-high-protein-intake,"A high-protein, low glycemic index diet suppresses hunger but not weight regain after weight loss: results from a large, 3-years randomized trial (PREVIEW)",RCT,Health Commons,Journal Article
protein-floor-high-protein-intake,A randomized crossover trial on the effect of plant-based compared with animal-based meat on trimethylamine-N-oxide and cardiovascular disease risk factors in generally healthy adults: Study With Appetizing Plantfood-Meat Eating Alternative Trial (SWAP-MEAT),INT,Health Commons,Journal Article
protein-floor-high-protein-intake,"A randomized trial of a hypocaloric high-protein diet, with and without exercise, on weight loss, fitness, and markers of the Metabolic Syndrome in overweight and obese women",RCT,Health Commons,Journal Article
protein-floor-high-protein-intake,A reduced ratio of dietary carbohydrate to protein improves body composition and blood lipid profiles during weight loss in adult women,RCT,Health Commons,Journal Article
protein-floor-high-protein-intake,"A systematic review, meta-analysis and meta-regression of the effect of protein supplementation on resistance training-induced gains in muscle mass and strength in healthy adults",MA,Health Commons,Review
protein-floor-high-protein-intake,Additional protein intake limits weight regain after weight loss in humans,RCT,Health Commons,Journal Article
protein-floor-high-protein-intake,Appetite control and biomarkers of satiety with vegetarian (soy) and meat-based high-protein diets for weight loss in obese men: a randomized crossover trial,INT,Health Commons,Journal Article
protein-floor-high-protein-intake,Are dietary proteins the key to successful body weight management? A systematic review and meta-analysis of studies assessing body weight changes after interventions with increased dietary protein,MA,Health Commons,Review
protein-floor-high-protein-intake,Association of personalized dietary advice aiming to increase protein intake with macronutrient intake of community-dwelling older adults: a secondary analysis of the PROMISS RCT,SRC,Health Commons,Journal Article
protein-floor-high-protein-intake,Associations between High Protein Intake and Cardiovascular Diseases by Age Groups: A Cohort Study,OBS,Health Commons,Journal Article
protein-floor-high-protein-intake,"Beef in an Optimal Lean Diet study: effects on lipids, lipoproteins, and apolipoproteins",INT,Health Commons,Journal Article
protein-floor-high-protein-intake,Calcium homeostasis and bone metabolic responses to high-protein diets during energy deficit in healthy young adults: a randomized controlled trial,RCT,Health Commons,Journal Article
protein-floor-high-protein-intake,Characteristics of the diet patterns tested in the Optimal Macronutrient Intake Trial to Prevent Heart Disease (OmniHeart): options for a heart-healthy diet,SRC,Health Commons,Journal Article
protein-floor-high-protein-intake,Combined Protein-Rich Diet With Resistance Exercise Intervention to Counteract Sarcopenia: A Qualitative Study on Drivers and Barriers of Compliance,SRC,Health Commons,Journal Article
protein-floor-high-protein-intake,Comparative effects of low-carbohydrate high-protein versus low-fat diets on the kidney,RCT,Health Commons,Journal Article
protein-floor-high-protein-intake,Comparing Even with Skewed Dietary Protein Distribution Shows No Difference in Muscle Protein Synthesis or Amino Acid Utilization in Healthy Older Individuals: A Randomized Controlled Trial,RCT,Health Commons,Journal Article
protein-floor-high-protein-intake,Comparison of high protein and high fiber weight-loss diets in women with risk factors for the metabolic syndrome: a randomized trial,RCT,Health Commons,Journal Article
protein-floor-high-protein-intake,Comparison of the effects of diets high in animal or plant protein on metabolic and cardiovascular markers in type 2 diabetes: a randomized clinical trial,RCT,Health Commons,Journal Article
protein-floor-high-protein-intake,Cost-effectiveness of protein-rich meals and snacks for increasing protein intake in older adults,SRC,Health Commons,Journal Article
protein-floor-high-protein-intake,Daily Dietary Protein Distribution Does Not Influence Changes in Body Composition During Weight Loss in Women of Reproductive Years with Overweight or Obesity: A Randomized Controlled Trial,RCT,Health Commons,Journal Article
protein-floor-high-protein-intake,Dietary Protein Distribution Positively Influences 24-h Muscle Protein Synthesis in Healthy Adults,MECH,Health Commons,Journal Article
protein-floor-high-protein-intake,Diets high in protein or saturated fat do not affect insulin sensitivity or plasma concentrations of lipids and lipoproteins in overweight and obese adults,RCT,Health Commons,Journal Article
protein-floor-high-protein-intake,Distribution of Nutrient Derived Amino Acids,SRC,Health Commons,Web Page
protein-floor-high-protein-intake,Does a higher protein diet promote satiety and weight loss independent of carbohydrate content? An 8-week low-energy diet intervention,RCT,Health Commons,Journal Article
protein-floor-high-protein-intake,Dose-response relationship between protein intake and muscle mass increase: a systematic review and meta-analysis of randomized controlled trials,MA,Health Commons,Review
protein-floor-high-protein-intake,Effect of 3 Different Daily Protein Intakes in a 2-Meal Eating Pattern on Protein Turnover in Middle Age and Older Adults: A Randomized Controlled Trial,RCT,Health Commons,Journal Article
protein-floor-high-protein-intake,Effect of a high protein diet and/or resistance exercise on the preservation of fat free mass during weight loss in overweight and obese older adults: a randomized controlled trial,RCT,Health Commons,Journal Article
protein-floor-high-protein-intake,Effect of a High-Protein Diet on Kidney Function in Healthy Adults: Results From the OmniHeart Trial,INT,Health Commons,Journal Article
protein-floor-high-protein-intake,"Effect of an Energy-Restricted, Nutritionally Complete, Higher Protein Meal Plan on Body Composition and Mobility in Older Adults With Obesity: A Randomized Controlled Trial",RCT,Health Commons,Journal Article
protein-floor-high-protein-intake,"Effect of dietary protein content on weight gain, energy expenditure, and body composition during overeating: a randomized controlled trial",RCT,Health Commons,Journal Article
protein-floor-high-protein-intake,"Effect of Dietary Protein on Fat-Free Mass in Energy Restricted, Resistance-Trained Individuals: An Updated Systematic Review With Meta-Regression",MA,Health Commons,Review
protein-floor-high-protein-intake,"Effect of high protein vs high carbohydrate intake on insulin sensitivity, body weight, hemoglobin A1c, and blood pressure in patients with type 2 diabetes mellitus",RCT,Health Commons,Journal Article
protein-floor-high-protein-intake,"Effect of normal-fat diets, either medium or high in protein, on body weight in overweight subjects: a randomised 1-year trial",RCT,Health Commons,Journal Article
protein-floor-high-protein-intake,Effect of Plant Protein on Blood Lipids: A Systematic Review and Meta-Analysis of Randomized Controlled Trials,MA,Health Commons,Review
protein-floor-high-protein-intake,Effect of protein intake on lean body mass in functionally limited older men: a randomized clinical trial,RCT,Health Commons,Journal Article
protein-floor-high-protein-intake,"Effect of Protein Supplementation Combined With Resistance Training on Muscle Mass, Strength and Function in the Elderly: A Systematic Review and Meta-Analysis",MA,Health Commons,Review
protein-floor-high-protein-intake,"Effect of short- and long-term protein consumption on appetite and appetite-regulating gastrointestinal hormones, a systematic review and meta-analysis of randomized controlled trials",MA,Health Commons,Review
protein-floor-high-protein-intake,Effect of short-term high-protein compared with normal-protein diets on renal hemodynamics and associated variables in healthy young men,RCT,Health Commons,Journal Article
protein-floor-high-protein-intake,Effectiveness of two dietary advice strategies to increase protein intake among community-dwelling older adults: a randomized controlled trial,RCT,Health Commons,Journal Article
protein-floor-high-protein-intake,"Effects of 16 weeks of two different high-protein diets with either resistance or concurrent training on body composition, muscular strength and performance, and markers of liver and kidney function in resistance-trained males",RCT,Health Commons,Journal Article
protein-floor-high-protein-intake,"Effects of 8 weeks of resistance training in combination with a high protein diet on body composition, muscular performance, and markers of liver and kidney function in untrained older ex-military men",RCT,Health Commons,Journal Article
protein-floor-high-protein-intake,"Effects of Adherence to a Higher Protein Diet on Weight Loss, Markers of Health, and Functional Capacity in Older Women Participating in a Resistance-Based Exercise Program",SRC,Health Commons,Journal Article
protein-floor-high-protein-intake,"Effects of an increased habitual dietary protein intake followed by resistance training on fitness, muscle quality and body composition of seniors: a randomised controlled trial",RCT,Health Commons,Journal Article
protein-floor-high-protein-intake,"Effects of consuming a high-protein diet with or without soy protein during weight loss and maintenance: a non-inferiority, randomized clinical efficacy trial",RCT,Health Commons,Journal Article
protein-floor-high-protein-intake,Effects of dietary macronutrients on serum urate: results from the OmniHeart trial,INT,Health Commons,Journal Article
protein-floor-high-protein-intake,Effects of dietary protein intake on body composition changes after weight loss in older adults: a systematic review and meta-analysis,MA,Health Commons,Review
protein-floor-high-protein-intake,Effects of dietary protein on the composition of weight loss in post-menopausal women,RCT,Health Commons,Journal Article
protein-floor-high-protein-intake,"Effects of Dietary Protein Source and Quantity During Weight Loss on Appetite, Energy Expenditure, and Cardio-Metabolic Responses",INT,Health Commons,Journal Article
protein-floor-high-protein-intake,"Effects of energy-restricted high-protein, low-fat compared with standard-protein, low-fat diets: a meta-analysis of randomized controlled trials",MA,Health Commons,Review
protein-floor-high-protein-intake,Effects of High Versus Low Protein Intake on Body Composition and Maximal Strength in Aspiring Female Physique Athletes Engaging in an 8-Week Resistance Training Program,RCT,Health Commons,Journal Article
protein-floor-high-protein-intake,"Effects of high-protein diets on body weight, glycaemic control, blood lipids and blood pressure in type 2 diabetes: meta-analysis of randomised controlled trials",MA,Health Commons,Review
protein-floor-high-protein-intake,Effects of higher habitual protein intake on resistance-training-induced changes in body composition and muscular strength in untrained older women: a clinical trial study,SRC,Health Commons,Journal Article
protein-floor-high-protein-intake,Effects of protein supplementation combined with resistance exercise on body composition and physical function in older adults: a systematic review and meta-analysis,MA,Health Commons,Review
protein-floor-high-protein-intake,"Effects of protein supplementation on lean body mass, muscle strength, and physical performance in nonfrail community-dwelling older adults: a systematic review and meta-analysis",MA,Health Commons,Review
protein-floor-high-protein-intake,"Effects of protein, monounsaturated fat, and carbohydrate intake on blood pressure and serum lipids: results of the OmniHeart randomized trial",INT,Health Commons,Journal Article
protein-floor-high-protein-intake,"Effects of red meat, white meat, and nonmeat protein sources on atherogenic lipoprotein measures in the context of low compared with high saturated fat intake: a randomized controlled trial",RCT,Health Commons,Journal Article
protein-floor-high-protein-intake,"Effects of weight loss and long-term weight maintenance with diets varying in protein and glycemic index on cardiovascular risk factors: the Diet, Obesity and Genes (DiOGenes) Study: a randomized, controlled trial",RCT,Health Commons,Journal Article
protein-floor-high-protein-intake,"Equivalent reductions in body weight during the Beef WISE Study: beef's role in weight improvement, satisfaction and energy",RCT,Health Commons,Journal Article
protein-floor-high-protein-intake,Even or skewed dietary protein distribution is reflected in the whole-body protein net-balance in healthy older adults: A randomized controlled trial,RCT,Health Commons,Journal Article
protein-floor-high-protein-intake,Evenly Distributed Protein Intake over 3 Meals Augments Resistance Exercise-Induced Muscle Hypertrophy in Healthy Young Men,RCT,Health Commons,Journal Article
protein-floor-high-protein-intake,Evenness of dietary protein distribution is associated with higher muscle mass but not muscle strength or protein turnover in healthy adults: a systematic review,REV,Health Commons,Review
protein-floor-high-protein-intake,Evidence-Based Recommendations for Optimal Dietary Protein Intake in Older People: A Position Paper From the PROT-AGE Study Group,GUIDE,Health Commons,Guideline
protein-floor-high-protein-intake,Experience and acceptability of diets of varying protein content and glycemic index in an obese cohort: results from the Diogenes trial,SRC,Health Commons,Journal Article
protein-floor-high-protein-intake,"Farnsworth et al. 2003 high-protein energy-restricted diet, glycemic control, and lipid concentrations",RCT,Health Commons,Journal Article
protein-floor-high-protein-intake,Fiber Intake Predicts Weight Loss and Dietary Adherence in Adults Consuming Calorie-Restricted Diets: The POUNDS Lost Study,SRC,Health Commons,Journal Article
protein-floor-high-protein-intake,Food Sources of Protein and Risk of Incident Gout in the Singapore Chinese Health Study,OBS,Health Commons,Journal Article
protein-floor-high-protein-intake,Health effects of increasing protein intake above the current population reference intake in older adults: a systematic review of the Health Council of the Netherlands,REV,Health Commons,Review
protein-floor-high-protein-intake,High protein intake sustains weight maintenance after body weight loss in humans,RCT,Health Commons,Journal Article
protein-floor-high-protein-intake,High- and normal-protein diets improve body composition and glucose control in adults with type 2 diabetes: a randomized trial,RCT,Health Commons,Journal Article
protein-floor-high-protein-intake,High-protein diet with renal hyperfiltration is associated with rapid decline rate of renal function: a community-based prospective cohort study,OBS,Health Commons,Journal Article
protein-floor-high-protein-intake,High-protein intake during weight loss therapy eliminates the weight-loss-induced improvement in insulin action in obese postmenopausal women,RCT,Health Commons,Journal Article
protein-floor-high-protein-intake,High-Protein Plant-Based Diet Versus a Protein-Matched Omnivorous Diet to Support Resistance Training Adaptations: A Comparison Between Habitual Vegans and Omnivores,RCT,Health Commons,Journal Article
protein-floor-high-protein-intake,Higher compared with lower dietary protein during an energy deficit combined with intense exercise promotes greater lean mass gain and fat mass loss: a randomized trial,RCT,Health Commons,Journal Article
protein-floor-high-protein-intake,Higher Protein Intake Does Not Improve Lean Mass Gain When Compared with RDA Recommendation in Postmenopausal Women Following Resistance Exercise Protocol: A Randomized Clinical Trial,RCT,Health Commons,Journal Article
protein-floor-high-protein-intake,"Higher protein intake during resistance training does not potentiate strength, but modulates gut microbiota, in middle-aged adults: a randomized control trial",RCT,Health Commons,Journal Article
protein-floor-high-protein-intake,Higher protein intake preserves lean mass and satiety with weight loss in pre-obese and obese women,RCT,Health Commons,Journal Article
protein-floor-high-protein-intake,Impact of a High Protein Intake on the Plasma Metabolome in Elderly Males: 10 Week Randomized Dietary Intervention,RCT,Health Commons,Journal Article
protein-floor-high-protein-intake,"Impact of other macronutrient composition within high-protein diet on body composition and cardiometabolic health: a systematic review, pairwise, and network meta-analysis of randomized controlled trials",MA,Health Commons,Review
protein-floor-high-protein-intake,Increased dietary protein modifies glucose and insulin homeostasis in adult women during weight loss,RCT,Health Commons,Journal Article
protein-floor-high-protein-intake,Increased Leg Strength After Concurrent Aerobic and Resistance Exercise Training in Older Adults Is Augmented by a Whole Food-Based High Protein Diet Intervention,RCT,Health Commons,Journal Article
protein-floor-high-protein-intake,Increased protein intake reduces lean body mass loss during weight loss in athletes,RCT,Health Commons,Journal Article
protein-floor-high-protein-intake,International Society of Sports Nutrition Position Stand: protein and exercise,GUIDE,Health Commons,Guideline
protein-floor-high-protein-intake,Is protein the forgotten ingredient: Effects of higher compared to lower protein diets on cardiometabolic risk factors. A systematic review and meta-analysis of randomised controlled trials,MA,Health Commons,Review
protein-floor-high-protein-intake,Is there a beneficial effect of a high-protein diet on body composition and strength capacity in physical active middle-aged individuals?—An eight-week randomized controlled trial,RCT,Health Commons,Journal Article
protein-floor-high-protein-intake,"Long-term effects of a high-protein, low-carbohydrate diet on weight control and cardiovascular risk markers in obese hyperinsulinemic subjects",RCT,Health Commons,Journal Article
protein-floor-high-protein-intake,"Long-term effects of advice to consume a high-protein, low-fat diet, rather than a conventional weight-loss diet, in obese adults with type 2 diabetes: one-year follow-up of a randomised trial",RCT,Health Commons,Journal Article
protein-floor-high-protein-intake,Long-term effects of low-fat diets either low or high in protein on cardiovascular and metabolic risk factors: a systematic review and meta-analysis,MA,Health Commons,Review
protein-floor-high-protein-intake,Markers of dietary protein intake are associated with successful weight loss in the POUNDS Lost trial,SRC,Health Commons,Journal Article
protein-floor-high-protein-intake,"Microbiota Stability and Gastrointestinal Tolerance in Response to a High-Protein Diet with and without a Prebiotic, Probiotic, and Synbiotic: A Randomized, Double-Blind, Placebo-Controlled Trial in Older Women",RCT,Health Commons,Journal Article
protein-floor-high-protein-intake,"Normal protein intake is required for body weight loss and weight maintenance, and elevated protein intake for additional preservation of resting energy expenditure and fat free mass",INT,Health Commons,Journal Article
protein-floor-high-protein-intake,"Personalized Dietary Advice to Increase Protein Intake in Older Adults Does Not Affect the Gut Microbiota, Appetite or Central Processing of Food Stimuli in Community-Dwelling Older Adults: A Six-Month Randomized Controlled Trial",RCT,Health Commons,Journal Article
protein-floor-high-protein-intake,"Position of the Academy of Nutrition and Dietetics, Dietitians of Canada, and the American College of Sports Medicine: Nutrition and Athletic Performance",GUIDE,Health Commons,Guideline
protein-floor-high-protein-intake,Protein Distribution and Muscle-Related Outcomes: Does the Evidence Support the Concept?,REV,Health Commons,Review
protein-floor-high-protein-intake,Protein intake and exercise for optimal muscle function with aging: recommendations from the ESPEN Expert Group,GUIDE,Health Commons,Guideline
protein-floor-high-protein-intake,Protein intake and lean body mass preservation during energy intake restriction in overweight older adults,RCT,Health Commons,Journal Article
protein-floor-high-protein-intake,"Protein intake distribution pattern does not affect anabolic response, lean body mass, muscle strength or function over 8 weeks in older adults: A randomized-controlled trial",RCT,Health Commons,Journal Article
protein-floor-high-protein-intake,Protein Intake Greater than the RDA Differentially Influences Whole-Body Lean Mass Responses to Purposeful Catabolic and Anabolic Stressors: A Systematic Review and Meta-analysis,MA,Health Commons,Review
protein-floor-high-protein-intake,Protein pulse feeding improves protein retention in elderly women,INT,Health Commons,Journal Article
protein-floor-high-protein-intake,Protein requirements and muscle mass/strength changes during intensive training in novice bodybuilders,INT,Health Commons,Journal Article
protein-floor-high-protein-intake,Protein supplementation augments the adaptive response of skeletal muscle to resistance-type exercise training: a meta-analysis,MA,Health Commons,Review
protein-floor-high-protein-intake,Protein supplementation improves lean body mass in physically active older adults: a randomized placebo-controlled trial,RCT,Health Commons,Journal Article
protein-floor-high-protein-intake,Protein supplements after weight loss do not improve weight maintenance compared with recommended dietary protein intake despite beneficial effects on appetite sensation and energy expenditure: a randomized controlled double-blinded trial,RCT,Health Commons,Journal Article
protein-floor-high-protein-intake,"Protein-enriched diet, with the use of lean red meat, combined with progressive resistance training enhances lean tissue mass and muscle strength and reduces circulating IL-6 concentrations in elderly women: a cluster randomized controlled trial",RCT,Health Commons,Journal Article
protein-floor-high-protein-intake,Protein-Pacing from Food or Supplementation Improves Physical Performance in Overweight Men and Women: The PRISE 2 Study,RCT,Health Commons,Journal Article
protein-floor-high-protein-intake,"Quantity of dietary protein intake, but not pattern of intake, affects net protein balance primarily through differences in protein synthesis in older adults",MECH,Health Commons,Journal Article
protein-floor-high-protein-intake,Randomized trial on protein vs carbohydrate in ad libitum fat reduced diet for the treatment of obesity,RCT,Health Commons,Journal Article
protein-floor-high-protein-intake,"Regional, but not total, body composition changes in overweight and obese adults consuming a higher protein, energy-restricted diet are sex specific",RCT,Health Commons,Journal Article
protein-floor-high-protein-intake,Relatively high-protein or 'low-carb' energy-restricted diets for body weight loss and body weight maintenance?,RCT,Health Commons,Journal Article
protein-floor-high-protein-intake,Replacement of carbohydrate by protein in a conventional-fat diet reduces cholesterol and triglyceride concentrations in healthy normolipidemic subjects,SRC,Health Commons,Journal Article
protein-floor-high-protein-intake,Short-term effects of substituting protein for carbohydrate in the diets of moderately hypercholesterolemic human subjects,SRC,Health Commons,Journal Article
protein-floor-high-protein-intake,"Supplementing an energy adequate, higher protein diet with protein does not enhance fat-free mass restoration after short-term severe negative energy balance",INT,Health Commons,Journal Article
protein-floor-high-protein-intake,Synergistic Effect of Increased Total Protein Intake and Strength Training on Muscle Strength: A Dose-Response Meta-analysis of Randomized Controlled Trials,MA,Health Commons,Review
protein-floor-high-protein-intake,Systematic review and meta-analysis of protein intake to support muscle mass and function in healthy adults,MA,Health Commons,Review
protein-floor-high-protein-intake,Systematic review of health effects of dietary protein in older adults,REV,Health Commons,Guideline
protein-floor-high-protein-intake,"The Contribution of Whole-Food and Supplemental Derived Dietary Protein, From Animal and Nonanimal Origins, to Daily Protein Intake in Young Adults: A Cross-Sectional Analysis",SRC,Health Commons,Journal Article
protein-floor-high-protein-intake,The cost effectiveness of personalized dietary advice to increase protein intake in older adults with low habitual protein intake: a randomized controlled trial,RCT,Health Commons,Journal Article
protein-floor-high-protein-intake,The effect of 12 weeks of euenergetic high-protein diet in regulating appetite and body composition of women with normal-weight obesity: a randomised controlled trial,RCT,Health Commons,Journal Article
protein-floor-high-protein-intake,The Effect of Protein Intake on Health: A Systematic Review,REV,Health Commons,Guideline
protein-floor-high-protein-intake,"The effects of consuming frequent, higher protein meals on appetite and satiety during weight loss in overweight/obese men",RCT,Health Commons,Journal Article
protein-floor-high-protein-intake,The effects of dietary protein intake on appendicular lean mass and muscle function in elderly men: a 10-wk randomized controlled trial,RCT,Health Commons,Journal Article
protein-floor-high-protein-intake,"The effects of high protein intakes during energy restriction on body composition, energy metabolism and physical performance in recreational athletes",RCT,Health Commons,Journal Article
protein-floor-high-protein-intake,The feasibility of a 6-month dietary intervention aiming to increase protein intake among community-dwelling older adults with low habitual protein intake: A secondary analysis of the PROMISS randomised controlled trial,SRC,Health Commons,Journal Article
protein-floor-high-protein-intake,The impact of a high-protein diet with strength training on the gastrointestinal microbiota in community-dwelling older adults: subanalysis of a randomized controlled trial,RCT,Health Commons,Journal Article
protein-floor-high-protein-intake,The impact of protein intake on renal function decline in women with normal renal function or mild renal insufficiency,OBS,Health Commons,Journal Article
protein-floor-high-protein-intake,The plasma proteome is favorably modified by a high protein diet but not by additional resistance training in older adults: A 17-week randomized controlled trial,RCT,Health Commons,Journal Article
protein-floor-high-protein-intake,The role of protein in weight loss and maintenance,REV,Health Commons,Review
protein-floor-high-protein-intake,The short-term effect of high versus moderate protein intake on recovery after strength training in resistance-trained individuals,RCT,Health Commons,Journal Article
protein-floor-high-protein-intake,Timing and distribution of protein ingestion during prolonged recovery from resistance exercise alters myofibrillar protein synthesis,MECH,Health Commons,Journal Article
protein-floor-high-protein-intake,Vegan and Omnivorous High Protein Diets Support Comparable Daily Myofibrillar Protein Synthesis Rates and Skeletal Muscle Hypertrophy in Young Adults,RCT,Health Commons,Journal Article
protein-floor-high-protein-intake,Weight loss maintenance in overweight subjects on ad libitum diets with high or low protein content and glycemic index: the DIOGENES trial 12-month results,RCT,Health Commons,Journal Article
protein-floor-high-protein-intake,Within-day protein distribution does not influence body composition responses during weight loss in resistance-training adults who are overweight,RCT,Health Commons,Journal Article
protein-floor-high-protein-intake,2013 AHA/ACC/TOS guideline for the management of overweight and obesity in adults: a report of the American College of Cardiology/American Heart Association Task Force on Practice Guidelines and The Obesity Society,GUIDE,Health Commons,Guideline
protein-floor-high-protein-intake,2021 Dietary Guidance to Improve Cardiovascular Health: A Scientific Statement From the American Heart Association,GUIDE,Health Commons,Guideline
protein-floor-high-protein-intake,A 12-week intervention with protein-enriched foods and drinks improved protein intake but not physical performance of older patients during the first 6 months after hospital release: a randomised controlled trial,RCT,Health Commons,Journal Article
protein-floor-high-protein-intake,A Comparative Study Examining the Impact of a Protein-Enriched Diet on Body Composition and Resting Energy Expenditure in Obese Patients Before Sleeve Gastrectomy,INT,Health Commons,Journal Article
protein-floor-high-protein-intake,"A dairy-based, protein-rich breakfast enhances satiety and cognitive concentration before lunch in overweight to obese young females: A randomized controlled crossover study",INT,Health Commons,Journal Article
protein-floor-high-protein-intake,A High Protein Calorie Restriction Diet Alters the Gut Microbiome in Obesity,SRC,Health Commons,Journal Article
protein-floor-high-protein-intake,"A high-protein total diet replacement alters the regulation of food intake and energy homeostasis in healthy, normal-weight adults",INT,Health Commons,Journal Article
protein-floor-high-protein-intake,A prospective study of dietary calcium and other nutrients and the risk of symptomatic kidney stones,OBS,Health Commons,Journal Article
protein-floor-high-protein-intake,"A prospective study on total protein, plant protein and animal protein in relation to the risk of incident chronic kidney disease",OBS,Health Commons,Journal Article
protein-floor-high-protein-intake,A protein-supplemented very-low-calorie diet does not mitigate reductions in lean mass and resting metabolic rate in subjects with overweight or obesity: a randomized controlled trial,RCT,Health Commons,Journal Article
protein-floor-high-protein-intake,A randomized 3-way crossover study indicates that high-protein feeding induces de novo lipogenesis in healthy humans,INT,Health Commons,Journal Article
protein-floor-high-protein-intake,A randomized trial of low-animal-protein or high-fiber diets for secondary prevention of calcium nephrolithiasis,RCT,Health Commons,Journal Article
protein-floor-high-protein-intake,A systematic review of dietary protein during caloric restriction in resistance trained lean athletes: a case for higher intakes,REV,Health Commons,Review
protein-floor-high-protein-intake,An increase in dietary protein improves the blood glucose response in persons with type 2 diabetes,SRC,Health Commons,Journal Article
protein-floor-high-protein-intake,Appetite regulatory hormone responses to various dietary proteins differ by body mass index status despite similar reductions in ad libitum energy intake,INT,Health Commons,Journal Article
protein-floor-high-protein-intake,"Appetite Suppression and Altered Food Preferences Coincide with Changes in Appetite-Mediating Hormones During Energy Deficit at High Altitude, But Are Not Affected by Protein Intake",INT,Health Commons,Journal Article
protein-floor-high-protein-intake,Assessment of protein requirement in octogenarian women with use of the indicator amino acid oxidation technique,SRC,Health Commons,Journal Article
protein-floor-high-protein-intake,Association of Animal and Plant Protein Intake With All-Cause and Cause-Specific Mortality,OBS,Health Commons,Journal Article
protein-floor-high-protein-intake,Can soy intake affect serum uric acid level? Pooled analysis from two 6-month randomized controlled trials among Chinese postmenopausal women with prediabetes or prehypertension,RCT,Health Commons,Journal Article
protein-floor-high-protein-intake,Comparison of 2 weight-loss diets of different protein content on bone health: a randomized trial,RCT,Health Commons,Journal Article
protein-floor-high-protein-intake,Comparison of effects of weight loss from a high-protein versus standard-protein energy-restricted diet on strength and aerobic capacity in overweight and obese men,RCT,Health Commons,Journal Article
protein-floor-high-protein-intake,Comparison of Two Diets for the Prevention of Recurrent Stones in Idiopathic Hypercalciuria,RCT,Health Commons,Journal Article
protein-floor-high-protein-intake,Daytime pattern of post-exercise protein intake affects whole-body protein turnover in resistance-trained males,MECH,Health Commons,Journal Article
protein-floor-high-protein-intake,Dietary factors and the risk of incident kidney stones in men: new insights after 14 years of follow-up,OBS,Health Commons,Journal Article
protein-floor-high-protein-intake,Dietary intake of plant- and animal-derived protein and incident cardiovascular disease: EPIC-CVD case-cohort study,OBS,Health Commons,Journal Article
protein-floor-high-protein-intake,Dietary plant-to-animal protein ratio and risk of cardiovascular disease in 3 prospective cohorts,OBS,Health Commons,Journal Article
protein-floor-high-protein-intake,Dietary protein and energy balance in relation to obesity and co-morbidities,REV,Health Commons,Review
protein-floor-high-protein-intake,Dietary protein and exercise have additive effects on body composition during weight loss in adult women,RCT,Health Commons,Journal Article
protein-floor-high-protein-intake,"Dietary protein and weight reduction: a statement for healthcare professionals from the Nutrition Committee of the Council on Nutrition, Physical Activity, and Metabolism of the American Heart Association",GUIDE,Health Commons,Guideline
protein-floor-high-protein-intake,Dietary protein for athletes: from requirements to optimum adaptation,REV,Health Commons,Review
protein-floor-high-protein-intake,Dietary Protein for Training Adaptation and Body Composition Manipulation in Track and Field Athletes,REV,Health Commons,Review
protein-floor-high-protein-intake,Dietary protein intake and change in estimated GFR in the Cardiovascular Health Study,OBS,Health Commons,Journal Article
protein-floor-high-protein-intake,"Dietary protein intake is associated with lean mass change in older, community-dwelling adults: the Health, Aging, and Body Composition Study",OBS,Health Commons,Journal Article
protein-floor-high-protein-intake,Dietary Protein Requirement of Female Adults >65 Years Determined by the Indicator Amino Acid Oxidation Technique Is Higher Than Current Recommendations,SRC,Health Commons,Journal Article
protein-floor-high-protein-intake,Dietary Protein Requirement of Men >65 Years Old Determined by the Indicator Amino Acid Oxidation Technique Is Higher than the Current Estimated Average Requirement,SRC,Health Commons,Journal Article
protein-floor-high-protein-intake,Dietary protein requirements of older adults with sarcopenia determined by the indicator amino acid oxidation technology,SRC,Health Commons,Journal Article
protein-floor-high-protein-intake,"Dietary protein, weight loss, and weight maintenance",REV,Health Commons,Review
protein-floor-high-protein-intake,"Dietary Reference Intakes for Energy, Carbohydrate, Fiber, Fat, Fatty Acids, Cholesterol, Protein, and Amino Acids",GUIDE,Health Commons,Guideline
protein-floor-high-protein-intake,Dietary strategies for weight loss maintenance,REV,Health Commons,Review
protein-floor-high-protein-intake,"DiOGenes: Diet, Obesity and Genes Study",SRC,Health Commons,Web Page
protein-floor-high-protein-intake,Effect of a High Protein Diet on Weight Loss in Adults With Obesity,SRC,Health Commons,Web Page
protein-floor-high-protein-intake,Effect of a high-protein breakfast on the postprandial ghrelin response,INT,Health Commons,Journal Article
protein-floor-high-protein-intake,"Effect of a high-protein, low-carbohydrate diet on blood glucose control in people with type 2 diabetes",SRC,Health Commons,Journal Article
protein-floor-high-protein-intake,"Effect of a hypocaloric diet, increased protein intake and resistance training on lean mass gains and fat mass loss in overweight police officers",RCT,Health Commons,Journal Article
protein-floor-high-protein-intake,Effect of breakfast protein intake on muscle mass and strength in adults: a scoping review,REV,Health Commons,Review
protein-floor-high-protein-intake,Effect of dietary protein intake on energy expenditure and metabolic health in healthy participants: a randomized clinical trial,RCT,Health Commons,Journal Article
protein-floor-high-protein-intake,"Effect of different protein diets on weight loss, inflammatory markers, and cardiometabolic risk factors in obese women",RCT,Health Commons,Journal Article
protein-floor-high-protein-intake,Effect of High Protein Weight Loss for Seniors,RCT,Health Commons,Web Page
protein-floor-high-protein-intake,Effect of lean red meat combined with a multicomponent exercise program on muscle and cognitive function in older adults: a 6-month randomized controlled trial,RCT,Health Commons,Journal Article
protein-floor-high-protein-intake,Effect of personalized dietary advice to increase protein intake on food consumption and environmental impact in older adults with low habitual protein intake: secondary analysis of the PROMISS trial,SRC,Health Commons,Journal Article
protein-floor-high-protein-intake,"Effect of Protein Intake on Strength, Body Composition and Endocrine Changes in Strength/Power Athletes",OBS,Health Commons,Journal Article
protein-floor-high-protein-intake,Effect of Protein Intake on Visceral Abdominal Fat and Metabolic Biomarkers in Older Men With Functional Limitations: Results From a Randomized Clinical Trial,RCT,Health Commons,Journal Article
protein-floor-high-protein-intake,Effectiveness of personalised dietary advice aiming at increasing protein intake on food consumption and physical functioning in community-dwelling older adults with lower habitual protein intake: rationale and design of the PROMISS randomised controlled trial,SRC,Health Commons,Journal Article
protein-floor-high-protein-intake,Effectiveness of Protein Supplementation Combined with Resistance Training on Muscle Strength and Physical Performance in Elderly: A Systematic Review and Meta-Analysis,MA,Health Commons,Review
protein-floor-high-protein-intake,"Effects of 8 Weeks of Resistance Training Combined with a High-Protein Diet and Omega-3 Supplementation on Body Composition, Muscular Performance, and Muscle-Related Biomarkers in Overweight Women",RCT,Health Commons,Journal Article
protein-floor-high-protein-intake,Effects of a carbohydrate-reduced high-protein diet delivered through meal kits and an automated eHealth solution on health outcomes in women with type 2 diabetes: protocol for a randomised controlled trial,SRC,Health Commons,Journal Article
protein-floor-high-protein-intake,Effects of a High-Protein Diet Including Whole Eggs on Muscle Composition and Indices of Cardiometabolic Health and Systemic Inflammation in Older Adults with Overweight or Obesity: A Randomized Controlled Trial,RCT,Health Commons,Journal Article
protein-floor-high-protein-intake,"Effects of a high-protein ketogenic diet on hunger, appetite, and weight loss in obese men feeding ad libitum",INT,Health Commons,Journal Article
protein-floor-high-protein-intake,Effects of a self-prepared carbohydrate-reduced high-protein diet on cardiovascular disease risk markers in patients with type 2 diabetes,RCT,Health Commons,Journal Article
protein-floor-high-protein-intake,Effects of additional protein intake on lean body mass in patients with morbid obesity during a 12-week formula-based diet and multimodal treatment,RCT,Health Commons,Journal Article
protein-floor-high-protein-intake,"Effects of Dietary Protein and Fiber at Breakfast on Appetite, Ad Libitum Energy Intake at Lunch, and Neural Responses to Visual Food Stimuli in Overweight Adults",INT,Health Commons,Journal Article
protein-floor-high-protein-intake,Effects of high-protein diet combined with exercise to counteract frailty in pre-frail and frail community-dwelling older adults: study protocol for a three-arm randomized controlled trial,SRC,Health Commons,Journal Article
protein-floor-high-protein-intake,Effects of Low-Fat Diets Differing in Protein and Carbohydrate Content on Cardiometabolic Risk Factors during Weight Loss and Weight Maintenance in Obese Adults with Type 2 Diabetes,RCT,Health Commons,Journal Article
protein-floor-high-protein-intake,Effects of Protein Intake at Twice the Recommended Dietary Allowance on Circulating Trimethylamine N-oxide Concentrations in Older Men: A Randomized Controlled Trial,RCT,Health Commons,Journal Article
protein-floor-high-protein-intake,Effects of Supplemental Energy on Protein Balance during 4-d Arctic Military Training,INT,Health Commons,Journal Article
protein-floor-high-protein-intake,Effects of the daily consumption of protein enriched bread and protein enriched drinking yoghurt on the total protein intake in older adults in a rehabilitation centre: A single blind randomized controlled trial,RCT,Health Commons,Journal Article
protein-floor-high-protein-intake,Effects of Varying Protein Amounts and Types on Diet-Induced Thermogenesis: A Systematic Review and Meta-Analysis,MA,Health Commons,Review
protein-floor-high-protein-intake,"Energy intake, ghrelin, and cholecystokinin after different carbohydrate and protein preloads in overweight men",INT,Health Commons,Journal Article
protein-floor-high-protein-intake,Examining heterogeneity in elderly consumers’ acceptance of carriers for protein-enriched food: A segmentation study,SRC,Health Commons,Journal Article
protein-floor-high-protein-intake,Food-First Approach to Enhance the Regulation of Post-exercise Skeletal Muscle Protein Synthesis and Remodeling,REV,Health Commons,Review
protein-floor-high-protein-intake,Gastro-intestinal tolerance and renal safety of protein oral nutritional supplements in nursing home residents: A randomized controlled trial,RCT,Health Commons,Journal Article
protein-floor-high-protein-intake,High protein diets do not attenuate decrements in testosterone and IGF-I during energy deficit,RCT,Health Commons,Journal Article
protein-floor-high-protein-intake,High Protein Intake and Intense Exercise During Weight Loss,SRC,Health Commons,Web Page
protein-floor-high-protein-intake,High protein weight loss diets in obese subjects with type 2 diabetes mellitus,RCT,Health Commons,Journal Article
protein-floor-high-protein-intake,High-protein diet for patients with heart failure: feasibility and quality of life effects,SRC,Health Commons,Journal Article
protein-floor-high-protein-intake,High-protein diets for weight management: Interactions with the intestinal microbiota and consequences for gut health. A position paper by the My New Gut study group,REV,Health Commons,Review
protein-floor-high-protein-intake,High-Protein Total Diet Replacement and Energy Metabolism in Men,SRC,Health Commons,Web Page
protein-floor-high-protein-intake,High-Protein Total Diet Replacement and Energy Metabolism in Women,SRC,Health Commons,Web Page
protein-floor-high-protein-intake,High-protein vs. standard-protein diets in overweight and obese patients with heart failure and diabetes mellitus: findings of the Pro-HEART trial,RCT,Health Commons,Journal Article
protein-floor-high-protein-intake,"High-protein, reduced-carbohydrate weight-loss diets promote metabolite profiles likely to be detrimental to colonic health",SRC,Health Commons,Journal Article
protein-floor-high-protein-intake,Higher-protein diets improve indexes of sleep in energy-restricted overweight and obese adults: results from 2 randomized controlled trials,RCT,Health Commons,Journal Article
protein-floor-high-protein-intake,How much protein can the body use in a single meal for muscle-building? Implications for daily protein distribution,REV,Health Commons,Review
protein-floor-high-protein-intake,Hypoenergetic diet-induced reductions in myofibrillar protein synthesis are restored with resistance training and balanced daily protein ingestion in older men,MECH,Health Commons,Journal Article
protein-floor-high-protein-intake,Impact of increased protein intake in older adults: a 12-week double-blind randomised controlled trial,RCT,Health Commons,Journal Article
protein-floor-high-protein-intake,Impact of protein pulse feeding on lean mass in malnourished and at-risk hospitalized elderly patients: a randomized controlled trial,RCT,Health Commons,Journal Article
protein-floor-high-protein-intake,Ingested protein dose response of muscle and albumin protein synthesis after resistance exercise in young men,MECH,Health Commons,Journal Article
protein-floor-high-protein-intake,"Intake of purine-rich foods, protein, and dairy products and relationship to serum levels of uric acid: the Third National Health and Nutrition Examination Survey",OBS,Health Commons,Journal Article
protein-floor-high-protein-intake,Intermittent fasting and protein pacing are superior to caloric restriction for weight and visceral fat loss,RCT,Health Commons,Journal Article
protein-floor-high-protein-intake,International Society of Sports Nutrition position stand: protein and exercise,GUIDE,Health Commons,Guideline
protein-floor-high-protein-intake,Isocaloric Diets High in Animal or Plant Protein Reduce Liver Fat and Inflammation in Individuals With Type 2 Diabetes,RCT,Health Commons,Journal Article
protein-floor-high-protein-intake,Long-term effects of a high-protein weight-loss diet,RCT,Health Commons,Journal Article
protein-floor-high-protein-intake,Long-Term Effects of a Very Low Carbohydrate Compared With a High Carbohydrate Diet on Renal Function in Individuals With Type 2 Diabetes: A Randomized Trial,RCT,Health Commons,Journal Article
protein-floor-high-protein-intake,Low awareness of community-dwelling older adults on the importance of dietary protein: new insights from four qualitative studies,SRC,Health Commons,Journal Article
protein-floor-high-protein-intake,Myofibrillar muscle protein synthesis rates subsequent to a meal in response to increasing doses of whey protein at rest and after resistance exercise,MECH,Health Commons,Journal Article
protein-floor-high-protein-intake,No effects of high- v. low-protein breakfast on body composition and cardiometabolic health in young women with overweight: the NewStart randomised trial,RCT,Health Commons,Journal Article
protein-floor-high-protein-intake,Normal vs. high-protein weight loss diets in men: effects on body composition and indices of metabolic syndrome,RCT,Health Commons,Journal Article
protein-floor-high-protein-intake,Nutrition and Athletic Performance,GUIDE,Health Commons,Guideline
protein-floor-high-protein-intake,Old Question Revisited: Are High-Protein Diets Safe in Pregnancy?,OBS,Health Commons,Journal Article
protein-floor-high-protein-intake,Older Adults' Knowledge and Perceptions of Whole Foods High in Protein: A Pilot Study,SRC,Health Commons,Journal Article
protein-floor-high-protein-intake,Protein and Exercise to Counteract Frailty in Older Adults,SRC,Health Commons,Web Page
protein-floor-high-protein-intake,Protein Enrichment of Familiar Foods as an Innovative Strategy to Increase Protein Intake in Institutionalized Elderly,INT,Health Commons,Journal Article
protein-floor-high-protein-intake,Protein feeding pattern does not affect protein retention in young women,INT,Health Commons,Journal Article
protein-floor-high-protein-intake,"Protein Intake Distribution: Beneficial, Detrimental, or Inconsequential for Muscle Anabolism? Response to Witard & Mettler",REV,Health Commons,Review
protein-floor-high-protein-intake,Protein intake during energy restriction: effects on body composition and markers of metabolic and cardiovascular health in postmenopausal women,RCT,Health Commons,Journal Article
protein-floor-high-protein-intake,Protein Intake to Maximize Whole-Body Anabolism during Postexercise Recovery in Resistance-Trained Men with High Habitual Intakes is Severalfold Greater than the Current Recommended Dietary Allowance,SRC,Health Commons,Journal Article
protein-floor-high-protein-intake,Protein leverage affects energy intake of high-protein diets in humans,INT,Health Commons,Journal Article
protein-floor-high-protein-intake,Protein leverage effects of beef protein on energy intake in humans,INT,Health Commons,Journal Article
protein-floor-high-protein-intake,Protein Recommendations for Weight Loss in Elite Athletes: A Focus on Body Composition and Performance,REV,Health Commons,Review
protein-floor-high-protein-intake,Protein Requirements of Elderly Chinese Adults Are Higher than Current Recommendations,SRC,Health Commons,Journal Article
protein-floor-high-protein-intake,Protein Source and Quality for Skeletal Muscle Anabolism in Young and Older Adults: A Systematic Review and Meta-Analysis,MA,Health Commons,Review
protein-floor-high-protein-intake,Protein Supplementation at Breakfast and Lunch for 24 Weeks beyond Habitual Intakes Increases Whole-Body Lean Tissue Mass in Healthy Older Adults,RCT,Health Commons,Journal Article
protein-floor-high-protein-intake,"Protein supplementation improves muscle mass and physical performance in undernourished prefrail and frail elderly subjects: a randomized, double-blind, placebo-controlled trial",RCT,Health Commons,Journal Article
protein-floor-high-protein-intake,"Protein supplementation improves physical performance in frail elderly people: a randomized, double-blind, placebo-controlled trial",RCT,Health Commons,Journal Article
protein-floor-high-protein-intake,Protein to Maximize Whole-Body Anabolism in Resistance-trained Females after Exercise,SRC,Health Commons,Journal Article
protein-floor-high-protein-intake,Protein-enriched familiar foods and drinks improve protein intake of hospitalized older patients: A randomized controlled trial,RCT,Health Commons,Journal Article
protein-floor-high-protein-intake,Protein-enriched regular products and their effect on protein intake in acute hospitalized older adults; a randomized controlled trial,RCT,Health Commons,Journal Article
protein-floor-high-protein-intake,Protein-Pacing and Multi-Component Exercise Training Improves Physical Performance Outcomes in Exercise-Trained Women: The PRISE 3 Study,RCT,Health Commons,Journal Article
protein-floor-high-protein-intake,Protein-Pacing Caloric-Restriction Enhances Body Composition Similarly in Obese Men and Women during Weight Loss and Sustains Efficacy during Long-Term Weight Maintenance,RCT,Health Commons,Journal Article
protein-floor-high-protein-intake,"Protein, weight management, and satiety",REV,Health Commons,Review
protein-floor-high-protein-intake,"Purine-rich foods, dairy and protein intake, and the risk of gout in men",OBS,Health Commons,Journal Article
protein-floor-high-protein-intake,"Randomized controlled trial of a low animal protein, high fiber diet in the prevention of recurrent calcium oxalate kidney stones",RCT,Health Commons,Journal Article
protein-floor-high-protein-intake,"Randomized Trial of a High Protein, Partial Meal Replacement Program with or without Alternate Day Fasting: Similar Effects on Weight Loss, Retention Status, Nutritional, Metabolic, and Behavioral Outcomes",RCT,Health Commons,Journal Article
protein-floor-high-protein-intake,Recovery of Strength After Exercise-Induced Muscle Damage in Vegetarians Consuming the Upper and Lower Ends of Protein Recommendations for Athletes,RCT,Health Commons,Journal Article
protein-floor-high-protein-intake,Renal function following long-term weight loss in individuals with abdominal obesity on a very-low-carbohydrate diet vs high-carbohydrate diet,RCT,Health Commons,Journal Article
protein-floor-high-protein-intake,Resistance training and dietary protein: effects on glucose tolerance and contents of skeletal muscle insulin signaling proteins in older persons,RCT,Health Commons,Journal Article
protein-floor-high-protein-intake,Severe negative energy balance during 21 d at high altitude decreases fat-free mass regardless of dietary protein intake: a randomized controlled trial,RCT,Health Commons,Journal Article
protein-floor-high-protein-intake,Supplementation of Protein at Breakfast Rather Than at Dinner and Lunch Is Effective on Skeletal Muscle Mass in Older Adults,RCT,Health Commons,Journal Article
protein-floor-high-protein-intake,The anabolic response to protein ingestion during recovery from exercise has no upper limit in magnitude and duration in vivo in humans,MECH,Health Commons,Journal Article
protein-floor-high-protein-intake,The Effect of Dietary Advice Aimed at Increasing Protein Intake on Oral Health and Oral Microbiota in Older Adults: A Randomized Controlled Trial,RCT,Health Commons,Journal Article
protein-floor-high-protein-intake,The effect of protein timing on muscle strength and hypertrophy: a meta-analysis,MA,Health Commons,Review
protein-floor-high-protein-intake,The effects of a high protein diet on indices of health and body composition: a crossover trial in resistance-trained men,INT,Health Commons,Journal Article
protein-floor-high-protein-intake,"The effects of a high-protein diet on markers of muscle damage following exercise in active older adults: A randomized, controlled trial",RCT,Health Commons,Journal Article
protein-floor-high-protein-intake,The effects of a higher protein intake during energy restriction on changes in body composition and physical function in older women,RCT,Health Commons,Journal Article
protein-floor-high-protein-intake,The effects of consuming a high protein diet (4.4 g/kg/day) on body composition in resistance-trained individuals,RCT,Health Commons,Journal Article
protein-floor-high-protein-intake,"The effects of high protein diets on thermogenesis, satiety and weight loss: a critical review",REV,Health Commons,Review
protein-floor-high-protein-intake,"The macronutrients, appetite, and energy intake",REV,Health Commons,Review
protein-floor-high-protein-intake,"The metabolic response of subjects with type 2 diabetes to a high-protein, weight-maintenance diet",SRC,Health Commons,Journal Article
protein-floor-high-protein-intake,"The PREVIEW intervention study: results from a 3-year randomized 2 x 2 factorial multinational trial investigating high-protein, low-glycaemic index diet and physical activity for prevention of type 2 diabetes",RCT,Health Commons,Journal Article
protein-floor-high-protein-intake,The response of muscle protein synthesis following whole-body resistance exercise is greater following 40 g than 20 g of ingested whey protein,MECH,Health Commons,Journal Article
protein-floor-high-protein-intake,The role of higher protein diets in weight control and obesity-related comorbidities,REV,Health Commons,Review
protein-floor-high-protein-intake,The Role of Protein Intake and its Timing on Body Composition and Muscle Function in Healthy Adults: A Systematic Review and Meta-Analysis of Randomized Controlled Trials,MA,Health Commons,Review
protein-floor-high-protein-intake,The role of protein intake distribution across meals in maintenance of physical performance and muscle strength in older adults: An exploratory study based on secondary data analysis of the PRevention Of Malnutrition In Senior Subjects in the EU (PROMISS) trial,SRC,Health Commons,Journal Article
protein-floor-high-protein-intake,Timed-daily ingestion of whey protein and exercise training reduces visceral adipose tissue mass and improves insulin resistance: the PRISE study,RCT,Health Commons,Journal Article
protein-floor-high-protein-intake,"Timing matters? The effects of two different timing of high protein diets on body composition, muscular performance, and biochemical markers in resistance-trained males",RCT,Health Commons,Journal Article
protein-floor-high-protein-intake,Unprocessed red meat in the dietary treatment of obesity: a randomized controlled trial of beef supplementation during weight maintenance after successful weight loss,RCT,Health Commons,Journal Article
protein-floor-high-protein-intake,2016 updated EULAR evidence-based recommendations for the management of gout,GUIDE,Health Commons,Guideline
protein-floor-high-protein-intake,2020 American College of Rheumatology Guideline for the Management of Gout,GUIDE,Health Commons,Guideline
protein-floor-high-protein-intake,A moderate-protein diet produces sustained weight loss and long-term changes in body composition and blood lipids in obese adults,RCT,Health Commons,Journal Article
protein-floor-high-protein-intake,A Systematic Review of Renal Health in Healthy Individuals Associated with Protein Intake above the US Recommended Daily Allowance in Randomized Controlled Trials and Observational Studies,REV,Health Commons,Review
protein-floor-high-protein-intake,A Systematic Review of the Effects of Plant Compared with Animal Protein Sources on Features of Metabolic Syndrome,REV,Health Commons,Review
protein-floor-high-protein-intake,A TO Z Weight Loss Study,SRC,Health Commons,Web Page
protein-floor-high-protein-intake,Adverse Effects Associated with Protein Intake above the Recommended Dietary Allowance for Adults,REV,Health Commons,Review
protein-floor-high-protein-intake,Antenatal dietary education and supplementation to increase energy and protein intake,REV,Health Commons,Review
protein-floor-high-protein-intake,Association between dietary protein intake and risk of chronic kidney disease: a systematic review and dose-response meta-analysis of prospective cohort studies,MA,Health Commons,Review
protein-floor-high-protein-intake,Associations of Total Protein or Animal Protein Intake and Animal Protein Sources with Risk of Kidney Stones: A Systematic Review and Dose-Response Meta-Analysis,MA,Health Commons,Review
protein-floor-high-protein-intake,Changes in Kidney Function Do Not Differ between Healthy Adults Consuming Higher- Compared with Lower- or Normal-Protein Diets: A Systematic Review and Meta-Analysis,MA,Health Commons,Review
protein-floor-high-protein-intake,Comparison of high vs. normal/low protein diets on renal function in subjects without chronic kidney disease: a systematic review and meta-analysis,MA,Health Commons,Review
protein-floor-high-protein-intake,"Comparison of the Atkins, Zone, Ornish, and LEARN diets for change in weight and related risk factors among overweight premenopausal women: the A TO Z Weight Loss Study: a randomized trial",RCT,Health Commons,Journal Article
protein-floor-high-protein-intake,"Comparison of weight-loss diets with different compositions of fat, protein, and carbohydrates",RCT,Health Commons,Journal Article
protein-floor-high-protein-intake,Dietary protein intake and renal function,REV,Health Commons,Review
protein-floor-high-protein-intake,Diets with high or low protein content and glycemic index for weight-loss maintenance,RCT,Health Commons,Journal Article
protein-floor-high-protein-intake,Do regular high protein diets have potential health risks on kidney function in athletes?,OBS,Health Commons,Journal Article
protein-floor-high-protein-intake,EASL Clinical Practice Guidelines on nutrition in chronic liver disease,GUIDE,Health Commons,Guideline
protein-floor-high-protein-intake,EAU Guidelines on Urolithiasis,GUIDE,Health Commons,Guideline
protein-floor-high-protein-intake,Effect of a high-protein diet versus standard-protein diet on weight loss and biomarkers of metabolic syndrome: a randomized clinical trial,RCT,Health Commons,Journal Article
protein-floor-high-protein-intake,"Effect of an energy-restricted, high-protein, low-fat diet relative to a conventional high-carbohydrate, low-fat diet on weight loss, body composition, nutritional status, and markers of cardiovascular health in obese women",RCT,Health Commons,Journal Article
protein-floor-high-protein-intake,Effects of high-protein diets on fat-free mass and muscle protein synthesis following weight loss: a randomized controlled trial,RCT,Health Commons,Journal Article
protein-floor-high-protein-intake,Effects of higher- versus lower-protein diets on health outcomes: a systematic review and meta-analysis,MA,Health Commons,Review
protein-floor-high-protein-intake,Effects of protein intake and gender on body composition changes: a randomized clinical weight loss trial,RCT,Health Commons,Journal Article
protein-floor-high-protein-intake,Energy and protein intake in pregnancy,REV,Health Commons,Review
protein-floor-high-protein-intake,Enhanced protein intake on maintaining muscle mass during weight loss interventions in adults with overweight or obesity: a systematic review and meta-analysis,MA,Health Commons,Review
protein-floor-high-protein-intake,ESPEN guideline on clinical nutrition in hospitalized patients with acute or chronic kidney disease,GUIDE,Health Commons,Guideline
protein-floor-high-protein-intake,ESPEN guideline on clinical nutrition in liver disease,GUIDE,Health Commons,Guideline
protein-floor-high-protein-intake,Exercise Preserves Lean Mass and Performance during Severe Energy Deficit: The Role of Exercise Volume and Dietary Protein Content,RCT,Health Commons,Journal Article
protein-floor-high-protein-intake,Gout: diagnosis and management. NICE guideline NG219,GUIDE,Health Commons,Guideline
protein-floor-high-protein-intake,Gut microbiome remodeling and metabolomic profile improves in response to protein pacing with intermittent fasting versus continuous caloric restriction,RCT,Health Commons,Journal Article
protein-floor-high-protein-intake,Health effects of protein intake in healthy adults: a systematic literature review,REV,Health Commons,Review
protein-floor-high-protein-intake,"High-protein diets in hyperlipidemia: effect of wheat gluten on serum lipids, uric acid, and renal function",MA,Health Commons,Journal Article
protein-floor-high-protein-intake,High-protein supplementation during pregnancy,GUIDE,Health Commons,Web Page
protein-floor-high-protein-intake,Hypercalciuria associated with high dietary protein intake is not due to acid load,MA,Health Commons,Journal Article
protein-floor-high-protein-intake,Impact of a high-protein diet with and without strength training over 17 weeks on the plasma metabolome in older adults,MA,Health Commons,Journal Article
protein-floor-high-protein-intake,Impact of low-carbohydrate diet on renal function: a meta-analysis of over 1000 individuals from nine randomised controlled trials,MA,Health Commons,Review
protein-floor-high-protein-intake,"Impact of protein intake during weight loss on preservation of fat-free mass, resting energy expenditure, and physical function in overweight postmenopausal women: a randomized controlled trial",RCT,Health Commons,Journal Article
protein-floor-high-protein-intake,KDIGO 2024 Clinical Practice Guideline for the Evaluation and Management of Chronic Kidney Disease,GUIDE,Health Commons,Guideline
protein-floor-high-protein-intake,Long-Term Effects of High-Protein Diets on Renal Function,REV,Health Commons,Review
protein-floor-high-protein-intake,Medical Management of Kidney Stones: AUA Guideline,GUIDE,Health Commons,Guideline
protein-floor-high-protein-intake,"Moderate carbohydrate, moderate protein weight loss diet reduces cardiovascular disease risk compared to high carbohydrate, low protein diet in obese adults: a randomized clinical trial",RCT,Health Commons,Journal Article
protein-floor-high-protein-intake,Protein intake and risk of urolithiasis and kidney diseases: an umbrella review of systematic reviews for the evidence-based guideline of the German Nutrition Society,REV,Health Commons,Review
protein-floor-high-protein-intake,Protein supplementation: the double-edged sword,REV,Health Commons,Review
protein-floor-high-protein-intake,Safety and efficacy of high-protein diets for weight loss,REV,Health Commons,Review
protein-floor-high-protein-intake,"The effect of high-protein, low-carbohydrate diets in the treatment of type 2 diabetes: a 12 month randomised controlled trial",RCT,Health Commons,Journal Article
protein-floor-high-protein-intake,The Effects of High-Protein Diets on Kidney Health and Longevity,REV,Health Commons,Review
protein-floor-high-protein-intake,The effects of increased protein intake on fullness: a meta-analysis and its limitations,MA,Health Commons,Review
protein-floor-high-protein-intake,A reduced ratio of dietary carbohydrate to protein improves body composition and blood lipid profiles during weight loss in adult women,RCT,Health Commons,Journal Article
protein-floor-high-protein-intake,"Farnsworth et al. 2003 high-protein energy-restricted diet, glycemic control, and lipid concentrations",RCT,Health Commons,Journal Article
protein-floor-high-protein-intake,"Effect of an energy-restricted, high-protein, low-fat diet relative to a conventional high-carbohydrate, low-fat diet on weight loss, body composition, nutritional status, and markers of cardiovascular health in obese women",RCT,Health Commons,Journal Article
protein-floor-high-protein-intake,Effect of a high-protein diet versus standard-protein diet on weight loss and biomarkers of metabolic syndrome: a randomized clinical trial,RCT,Health Commons,Journal Article
protein-floor-high-protein-intake,"Comparison of weight-loss diets with different compositions of fat, protein, and carbohydrates",RCT,Health Commons,Journal Article
protein-floor-high-protein-intake,Diets with high or low protein content and glycemic index for weight-loss maintenance,RCT,Health Commons,Journal Article
protein-floor-high-protein-intake,"Impact of protein intake during weight loss on preservation of fat-free mass, resting energy expenditure, and physical function in overweight postmenopausal women: a randomized controlled trial",RCT,Health Commons,Journal Article
protein-floor-high-protein-intake,"Moderate carbohydrate, moderate protein weight loss diet reduces cardiovascular disease risk compared to high carbohydrate, low protein diet in obese adults: a randomized clinical trial",RCT,Health Commons,Journal Article
protein-floor-high-protein-intake,A moderate-protein diet produces sustained weight loss and long-term changes in body composition and blood lipids in obese adults,RCT,Health Commons,Journal Article
protein-floor-high-protein-intake,Effects of protein intake and gender on body composition changes: a randomized clinical weight loss trial,RCT,Health Commons,Journal Article
protein-floor-high-protein-intake,Effects of high-protein diets on fat-free mass and muscle protein synthesis following weight loss: a randomized controlled trial,RCT,Health Commons,Journal Article
protein-floor-high-protein-intake,"Protein, weight management, and satiety",REV,Health Commons,Review
protein-floor-high-protein-intake,"The macronutrients, appetite, and energy intake",REV,Health Commons,Review
protein-floor-high-protein-intake,Dietary protein and energy balance in relation to obesity and co-morbidities,REV,Health Commons,Review
protein-floor-high-protein-intake,"Dietary protein, weight loss, and weight maintenance",REV,Health Commons,Review
protein-floor-high-protein-intake,The role of higher protein diets in weight control and obesity-related comorbidities,REV,Health Commons,Review
protein-floor-high-protein-intake,Protein Recommendations for Weight Loss in Elite Athletes: A Focus on Body Composition and Performance,REV,Health Commons,Review
protein-floor-high-protein-intake,The role of protein in weight loss and maintenance,REV,Health Commons,Review
protein-floor-high-protein-intake,The effects of increased protein intake on fullness: a meta-analysis and its limitations,MA,Health Commons,Review
protein-floor-high-protein-intake,Dietary strategies for weight loss maintenance,REV,Health Commons,Review
protein-floor-high-protein-intake,"Effect of short- and long-term protein consumption on appetite and appetite-regulating gastrointestinal hormones, a systematic review and meta-analysis of randomized controlled trials",MA,Health Commons,Review
protein-floor-high-protein-intake,Protein Intake Greater than the RDA Differentially Influences Whole-Body Lean Mass Responses to Purposeful Catabolic and Anabolic Stressors: A Systematic Review and Meta-analysis,MA,Health Commons,Review
protein-floor-high-protein-intake,Are dietary proteins the key to successful body weight management? A systematic review and meta-analysis of studies assessing body weight changes after interventions with increased dietary protein,MA,Health Commons,Review
protein-floor-high-protein-intake,Enhanced protein intake on maintaining muscle mass during weight loss interventions in adults with overweight or obesity: a systematic review and meta-analysis,MA,Health Commons,Review
protein-floor-high-protein-intake,"Energy intake, ghrelin, and cholecystokinin after different carbohydrate and protein preloads in overweight men",INT,Health Commons,Journal Article
protein-floor-high-protein-intake,Appetite regulatory hormone responses to various dietary proteins differ by body mass index status despite similar reductions in ad libitum energy intake,INT,Health Commons,Journal Article
protein-floor-high-protein-intake,"Effects of a high-protein ketogenic diet on hunger, appetite, and weight loss in obese men feeding ad libitum",INT,Health Commons,Journal Article
protein-floor-high-protein-intake,Protein leverage affects energy intake of high-protein diets in humans,INT,Health Commons,Journal Article
protein-floor-high-protein-intake,Protein leverage effects of beef protein on energy intake in humans,INT,Health Commons,Journal Article
protein-floor-high-protein-intake,Higher-protein diets improve indexes of sleep in energy-restricted overweight and obese adults: results from 2 randomized controlled trials,RCT,Health Commons,Journal Article
protein-floor-high-protein-intake,"Appetite Suppression and Altered Food Preferences Coincide with Changes in Appetite-Mediating Hormones During Energy Deficit at High Altitude, But Are Not Affected by Protein Intake",INT,Health Commons,Journal Article
protein-floor-high-protein-intake,"A high-protein total diet replacement alters the regulation of food intake and energy homeostasis in healthy, normal-weight adults",INT,Health Commons,Journal Article
protein-floor-high-protein-intake,Severe negative energy balance during 21 d at high altitude decreases fat-free mass regardless of dietary protein intake: a randomized controlled trial,RCT,Health Commons,Journal Article
protein-floor-high-protein-intake,Higher protein intake preserves lean mass and satiety with weight loss in pre-obese and obese women,RCT,Health Commons,Journal Article
protein-floor-high-protein-intake,"Effect of dietary protein content on weight gain, energy expenditure, and body composition during overeating: a randomized controlled trial",RCT,Health Commons,Journal Article
protein-floor-high-protein-intake,Relatively high-protein or 'low-carb' energy-restricted diets for body weight loss and body weight maintenance?,RCT,Health Commons,Journal Article
protein-floor-high-protein-intake,"Supplementing an energy adequate, higher protein diet with protein does not enhance fat-free mass restoration after short-term severe negative energy balance",INT,Health Commons,Journal Article
protein-floor-high-protein-intake,"A high-protein total diet replacement increases energy expenditure and leads to negative fat balance in healthy, normal-weight adults",INT,Health Commons,Journal Article
protein-floor-high-protein-intake,High protein intake sustains weight maintenance after body weight loss in humans,RCT,Health Commons,Journal Article
protein-floor-high-protein-intake,Additional protein intake limits weight regain after weight loss in humans,RCT,Health Commons,Journal Article
protein-floor-high-protein-intake,"Normal protein intake is required for body weight loss and weight maintenance, and elevated protein intake for additional preservation of resting energy expenditure and fat free mass",INT,Health Commons,Journal Article
protein-floor-high-protein-intake,Protein supplements after weight loss do not improve weight maintenance compared with recommended dietary protein intake despite beneficial effects on appetite sensation and energy expenditure: a randomized controlled double-blinded trial,RCT,Health Commons,Journal Article
protein-floor-high-protein-intake,Gut microbiome remodeling and metabolomic profile improves in response to protein pacing with intermittent fasting versus continuous caloric restriction,RCT,Health Commons,Journal Article
protein-floor-high-protein-intake,Effect of a high-protein breakfast on the postprandial ghrelin response,INT,Health Commons,Journal Article
protein-floor-high-protein-intake,Timed-daily ingestion of whey protein and exercise training reduces visceral adipose tissue mass and improves insulin resistance: the PRISE study,RCT,Health Commons,Journal Article
protein-floor-high-protein-intake,Hypoenergetic diet-induced reductions in myofibrillar protein synthesis are restored with resistance training and balanced daily protein ingestion in older men,MECH,Health Commons,Journal Article
protein-floor-high-protein-intake,Effects of the daily consumption of protein enriched bread and protein enriched drinking yoghurt on the total protein intake in older adults in a rehabilitation centre: A single blind randomized controlled trial,RCT,Health Commons,Journal Article
protein-floor-high-protein-intake,"Effects of Dietary Protein and Fiber at Breakfast on Appetite, Ad Libitum Energy Intake at Lunch, and Neural Responses to Visual Food Stimuli in Overweight Adults",INT,Health Commons,Journal Article
protein-floor-high-protein-intake,Protein-Pacing and Multi-Component Exercise Training Improves Physical Performance Outcomes in Exercise-Trained Women: The PRISE 3 Study,RCT,Health Commons,Journal Article
protein-floor-high-protein-intake,Protein-Pacing Caloric-Restriction Enhances Body Composition Similarly in Obese Men and Women during Weight Loss and Sustains Efficacy during Long-Term Weight Maintenance,RCT,Health Commons,Journal Article
protein-floor-high-protein-intake,The response of muscle protein synthesis following whole-body resistance exercise is greater following 40 g than 20 g of ingested whey protein,MECH,Health Commons,Journal Article
protein-floor-high-protein-intake,Supplementation of Protein at Breakfast Rather Than at Dinner and Lunch Is Effective on Skeletal Muscle Mass in Older Adults,RCT,Health Commons,Journal Article
protein-floor-high-protein-intake,Intermittent fasting and protein pacing are superior to caloric restriction for weight and visceral fat loss,RCT,Health Commons,Journal Article
protein-floor-high-protein-intake,The anabolic response to protein ingestion during recovery from exercise has no upper limit in magnitude and duration in vivo in humans,MECH,Health Commons,Journal Article
protein-floor-high-protein-intake,"A dairy-based, protein-rich breakfast enhances satiety and cognitive concentration before lunch in overweight to obese young females: A randomized controlled crossover study",INT,Health Commons,Journal Article
protein-floor-high-protein-intake,Protein feeding pattern does not affect protein retention in young women,INT,Health Commons,Journal Article
protein-floor-high-protein-intake,Impact of protein pulse feeding on lean mass in malnourished and at-risk hospitalized elderly patients: a randomized controlled trial,RCT,Health Commons,Journal Article
protein-floor-high-protein-intake,Daytime pattern of post-exercise protein intake affects whole-body protein turnover in resistance-trained males,MECH,Health Commons,Journal Article
protein-floor-high-protein-intake,Myofibrillar muscle protein synthesis rates subsequent to a meal in response to increasing doses of whey protein at rest and after resistance exercise,MECH,Health Commons,Journal Article
protein-floor-high-protein-intake,Protein Supplementation at Breakfast and Lunch for 24 Weeks beyond Habitual Intakes Increases Whole-Body Lean Tissue Mass in Healthy Older Adults,RCT,Health Commons,Journal Article
protein-floor-high-protein-intake,"The effects of consuming frequent, higher protein meals on appetite and satiety during weight loss in overweight/obese men",RCT,Health Commons,Journal Article
protein-floor-high-protein-intake,Protein-Pacing from Food or Supplementation Improves Physical Performance in Overweight Men and Women: The PRISE 2 Study,RCT,Health Commons,Journal Article
protein-floor-high-protein-intake,Protein Distribution and Muscle-Related Outcomes: Does the Evidence Support the Concept?,REV,Health Commons,Review
protein-floor-high-protein-intake,No effects of high- v. low-protein breakfast on body composition and cardiometabolic health in young women with overweight: the NewStart randomised trial,RCT,Health Commons,Journal Article
protein-floor-high-protein-intake,The role of protein intake distribution across meals in maintenance of physical performance and muscle strength in older adults: An exploratory study based on secondary data analysis of the PRevention Of Malnutrition In Senior Subjects in the EU (PROMISS) trial,SRC,Health Commons,Journal Article
protein-floor-high-protein-intake,Protein pulse feeding improves protein retention in elderly women,INT,Health Commons,Journal Article
protein-floor-high-protein-intake,Evenly Distributed Protein Intake over 3 Meals Augments Resistance Exercise-Induced Muscle Hypertrophy in Healthy Young Men,RCT,Health Commons,Journal Article
protein-floor-high-protein-intake,Even or skewed dietary protein distribution is reflected in the whole-body protein net-balance in healthy older adults: A randomized controlled trial,RCT,Health Commons,Journal Article
protein-floor-high-protein-intake,Daily Dietary Protein Distribution Does Not Influence Changes in Body Composition During Weight Loss in Women of Reproductive Years with Overweight or Obesity: A Randomized Controlled Trial,RCT,Health Commons,Journal Article
protein-floor-high-protein-intake,"Timing matters? The effects of two different timing of high protein diets on body composition, muscular performance, and biochemical markers in resistance-trained males",RCT,Health Commons,Journal Article
protein-floor-high-protein-intake,Timing and distribution of protein ingestion during prolonged recovery from resistance exercise alters myofibrillar protein synthesis,MECH,Health Commons,Journal Article
protein-floor-high-protein-intake,Dietary Protein Distribution Positively Influences 24-h Muscle Protein Synthesis in Healthy Adults,MECH,Health Commons,Journal Article
protein-floor-high-protein-intake,"Quantity of dietary protein intake, but not pattern of intake, affects net protein balance primarily through differences in protein synthesis in older adults",MECH,Health Commons,Journal Article
protein-floor-high-protein-intake,"Protein intake distribution pattern does not affect anabolic response, lean body mass, muscle strength or function over 8 weeks in older adults: A randomized-controlled trial",RCT,Health Commons,Journal Article
protein-floor-high-protein-intake,Within-day protein distribution does not influence body composition responses during weight loss in resistance-training adults who are overweight,RCT,Health Commons,Journal Article
protein-floor-high-protein-intake,Comparing Even with Skewed Dietary Protein Distribution Shows No Difference in Muscle Protein Synthesis or Amino Acid Utilization in Healthy Older Individuals: A Randomized Controlled Trial,RCT,Health Commons,Journal Article
protein-floor-high-protein-intake,Effect of 3 Different Daily Protein Intakes in a 2-Meal Eating Pattern on Protein Turnover in Middle Age and Older Adults: A Randomized Controlled Trial,RCT,Health Commons,Journal Article
protein-floor-high-protein-intake,Vegan and Omnivorous High Protein Diets Support Comparable Daily Myofibrillar Protein Synthesis Rates and Skeletal Muscle Hypertrophy in Young Adults,RCT,Health Commons,Journal Article
protein-floor-high-protein-intake,"Effects of red meat, white meat, and nonmeat protein sources on atherogenic lipoprotein measures in the context of low compared with high saturated fat intake: a randomized controlled trial",RCT,Health Commons,Journal Article
protein-floor-high-protein-intake,A protein-supplemented very-low-calorie diet does not mitigate reductions in lean mass and resting metabolic rate in subjects with overweight or obesity: a randomized controlled trial,RCT,Health Commons,Journal Article
protein-floor-high-protein-intake,"Protein-enriched diet, with the use of lean red meat, combined with progressive resistance training enhances lean tissue mass and muscle strength and reduces circulating IL-6 concentrations in elderly women: a cluster randomized controlled trial",RCT,Health Commons,Journal Article
protein-floor-high-protein-intake,Effect of lean red meat combined with a multicomponent exercise program on muscle and cognitive function in older adults: a 6-month randomized controlled trial,RCT,Health Commons,Journal Article
protein-floor-high-protein-intake,"Effects of Dietary Protein Source and Quantity During Weight Loss on Appetite, Energy Expenditure, and Cardio-Metabolic Responses",INT,Health Commons,Journal Article
protein-floor-high-protein-intake,"Effects of protein, monounsaturated fat, and carbohydrate intake on blood pressure and serum lipids: results of the OmniHeart randomized trial",INT,Health Commons,Journal Article
protein-floor-high-protein-intake,A randomized crossover trial on the effect of plant-based compared with animal-based meat on trimethylamine-N-oxide and cardiovascular disease risk factors in generally healthy adults: Study With Appetizing Plantfood-Meat Eating Alternative Trial (SWAP-MEAT),INT,Health Commons,Journal Article
protein-floor-high-protein-intake,Protein Source and Quality for Skeletal Muscle Anabolism in Young and Older Adults: A Systematic Review and Meta-Analysis,MA,Health Commons,Review
protein-floor-high-protein-intake,Effect of Plant Protein on Blood Lipids: A Systematic Review and Meta-Analysis of Randomized Controlled Trials,MA,Health Commons,Review
protein-floor-high-protein-intake,Unprocessed red meat in the dietary treatment of obesity: a randomized controlled trial of beef supplementation during weight maintenance after successful weight loss,RCT,Health Commons,Journal Article
protein-floor-high-protein-intake,Characteristics of the diet patterns tested in the Optimal Macronutrient Intake Trial to Prevent Heart Disease (OmniHeart): options for a heart-healthy diet,SRC,Health Commons,Journal Article
protein-floor-high-protein-intake,Effects of Varying Protein Amounts and Types on Diet-Induced Thermogenesis: A Systematic Review and Meta-Analysis,MA,Health Commons,Review
protein-floor-high-protein-intake,"Equivalent reductions in body weight during the Beef WISE Study: beef's role in weight improvement, satisfaction and energy",RCT,Health Commons,Journal Article
protein-floor-high-protein-intake,Appetite control and biomarkers of satiety with vegetarian (soy) and meat-based high-protein diets for weight loss in obese men: a randomized crossover trial,INT,Health Commons,Journal Article
protein-floor-high-protein-intake,"Effects of consuming a high-protein diet with or without soy protein during weight loss and maintenance: a non-inferiority, randomized clinical efficacy trial",RCT,Health Commons,Journal Article
protein-floor-high-protein-intake,"Beef in an Optimal Lean Diet study: effects on lipids, lipoproteins, and apolipoproteins",INT,Health Commons,Journal Article
protein-floor-high-protein-intake,"Randomized Trial of a High Protein, Partial Meal Replacement Program with or without Alternate Day Fasting: Similar Effects on Weight Loss, Retention Status, Nutritional, Metabolic, and Behavioral Outcomes",RCT,Health Commons,Journal Article
protein-floor-high-protein-intake,Isocaloric Diets High in Animal or Plant Protein Reduce Liver Fat and Inflammation in Individuals With Type 2 Diabetes,RCT,Health Commons,Journal Article
protein-floor-high-protein-intake,Effects of a self-prepared carbohydrate-reduced high-protein diet on cardiovascular disease risk markers in patients with type 2 diabetes,RCT,Health Commons,Journal Article
protein-floor-high-protein-intake,Association of personalized dietary advice aiming to increase protein intake with macronutrient intake of community-dwelling older adults: a secondary analysis of the PROMISS RCT,SRC,Health Commons,Journal Article
protein-floor-high-protein-intake,"Effect of a hypocaloric diet, increased protein intake and resistance training on lean mass gains and fat mass loss in overweight police officers",RCT,Health Commons,Journal Article
protein-floor-high-protein-intake,"The Contribution of Whole-Food and Supplemental Derived Dietary Protein, From Animal and Nonanimal Origins, to Daily Protein Intake in Young Adults: A Cross-Sectional Analysis",SRC,Health Commons,Journal Article
protein-floor-high-protein-intake,Dietary plant-to-animal protein ratio and risk of cardiovascular disease in 3 prospective cohorts,OBS,Health Commons,Journal Article
protein-floor-high-protein-intake,Association of Animal and Plant Protein Intake With All-Cause and Cause-Specific Mortality,OBS,Health Commons,Journal Article
protein-floor-high-protein-intake,Dietary intake of plant- and animal-derived protein and incident cardiovascular disease: EPIC-CVD case-cohort study,OBS,Health Commons,Journal Article
protein-floor-high-protein-intake,Food-First Approach to Enhance the Regulation of Post-exercise Skeletal Muscle Protein Synthesis and Remodeling,REV,Health Commons,Review
protein-floor-high-protein-intake,Effect of personalized dietary advice to increase protein intake on food consumption and environmental impact in older adults with low habitual protein intake: secondary analysis of the PROMISS trial,SRC,Health Commons,Journal Article
protein-floor-high-protein-intake,Older Adults' Knowledge and Perceptions of Whole Foods High in Protein: A Pilot Study,SRC,Health Commons,Journal Article
protein-floor-high-protein-intake,Dietary protein for athletes: from requirements to optimum adaptation,REV,Health Commons,Review
protein-floor-high-protein-intake,The effect of protein timing on muscle strength and hypertrophy: a meta-analysis,MA,Health Commons,Review
protein-floor-high-protein-intake,Effects of Supplemental Energy on Protein Balance during 4-d Arctic Military Training,INT,Health Commons,Journal Article
protein-floor-high-protein-intake,How much protein can the body use in a single meal for muscle-building? Implications for daily protein distribution,REV,Health Commons,Review
protein-floor-high-protein-intake,Dietary Protein for Training Adaptation and Body Composition Manipulation in Track and Field Athletes,REV,Health Commons,Review
protein-floor-high-protein-intake,Resistance training and dietary protein: effects on glucose tolerance and contents of skeletal muscle insulin signaling proteins in older persons,RCT,Health Commons,Journal Article
protein-floor-high-protein-intake,"Effect of Protein Intake on Strength, Body Composition and Endocrine Changes in Strength/Power Athletes",OBS,Health Commons,Journal Article
protein-floor-high-protein-intake,Ingested protein dose response of muscle and albumin protein synthesis after resistance exercise in young men,MECH,Health Commons,Journal Article
protein-floor-high-protein-intake,Comparison of effects of weight loss from a high-protein versus standard-protein energy-restricted diet on strength and aerobic capacity in overweight and obese men,RCT,Health Commons,Journal Article
protein-floor-high-protein-intake,Evenness of dietary protein distribution is associated with higher muscle mass but not muscle strength or protein turnover in healthy adults: a systematic review,REV,Health Commons,Review
protein-floor-high-protein-intake,The plasma proteome is favorably modified by a high protein diet but not by additional resistance training in older adults: A 17-week randomized controlled trial,RCT,Health Commons,Journal Article
protein-floor-high-protein-intake,"Protein supplementation improves physical performance in frail elderly people: a randomized, double-blind, placebo-controlled trial",RCT,Health Commons,Journal Article
protein-floor-high-protein-intake,A systematic review of dietary protein during caloric restriction in resistance trained lean athletes: a case for higher intakes,REV,Health Commons,Review
protein-floor-high-protein-intake,The short-term effect of high versus moderate protein intake on recovery after strength training in resistance-trained individuals,RCT,Health Commons,Journal Article
protein-floor-high-protein-intake,Effects of higher habitual protein intake on resistance-training-induced changes in body composition and muscular strength in untrained older women: a clinical trial study,SRC,Health Commons,Journal Article
protein-floor-high-protein-intake,A 12-week intervention with protein-enriched foods and drinks improved protein intake but not physical performance of older patients during the first 6 months after hospital release: a randomised controlled trial,RCT,Health Commons,Journal Article
protein-floor-high-protein-intake,Effects of protein supplementation combined with resistance exercise on body composition and physical function in older adults: a systematic review and meta-analysis,MA,Health Commons,Review
protein-floor-high-protein-intake,Effects of High Versus Low Protein Intake on Body Composition and Maximal Strength in Aspiring Female Physique Athletes Engaging in an 8-Week Resistance Training Program,RCT,Health Commons,Journal Article
protein-floor-high-protein-intake,"Protein supplementation improves muscle mass and physical performance in undernourished prefrail and frail elderly subjects: a randomized, double-blind, placebo-controlled trial",RCT,Health Commons,Journal Article
protein-floor-high-protein-intake,Protein supplementation improves lean body mass in physically active older adults: a randomized placebo-controlled trial,RCT,Health Commons,Journal Article
protein-floor-high-protein-intake,High-Protein Plant-Based Diet Versus a Protein-Matched Omnivorous Diet to Support Resistance Training Adaptations: A Comparison Between Habitual Vegans and Omnivores,RCT,Health Commons,Journal Article
protein-floor-high-protein-intake,Increased Leg Strength After Concurrent Aerobic and Resistance Exercise Training in Older Adults Is Augmented by a Whole Food-Based High Protein Diet Intervention,RCT,Health Commons,Journal Article
protein-floor-high-protein-intake,"Effects of an increased habitual dietary protein intake followed by resistance training on fitness, muscle quality and body composition of seniors: a randomised controlled trial",RCT,Health Commons,Journal Article
protein-floor-high-protein-intake,Is there a beneficial effect of a high-protein diet on body composition and strength capacity in physical active middle-aged individuals?—An eight-week randomized controlled trial,RCT,Health Commons,Journal Article
protein-floor-high-protein-intake,"Effect of Dietary Protein on Fat-Free Mass in Energy Restricted, Resistance-Trained Individuals: An Updated Systematic Review With Meta-Regression",MA,Health Commons,Review
protein-floor-high-protein-intake,Protein requirements and muscle mass/strength changes during intensive training in novice bodybuilders,INT,Health Commons,Journal Article
protein-floor-high-protein-intake,"Effects of energy-restricted high-protein, low-fat compared with standard-protein, low-fat diets: a meta-analysis of randomized controlled trials",MA,Health Commons,Review
protein-floor-high-protein-intake,Protein supplementation augments the adaptive response of skeletal muscle to resistance-type exercise training: a meta-analysis,MA,Health Commons,Review
protein-floor-high-protein-intake,A high protein diet (3.4 g/kg/d) combined with a heavy resistance training program improves body composition in healthy trained men and women: a follow-up investigation,RCT,Health Commons,Journal Article
protein-floor-high-protein-intake,Effect of a high protein diet and/or resistance exercise on the preservation of fat free mass during weight loss in overweight and obese older adults: a randomized controlled trial,RCT,Health Commons,Journal Article
protein-floor-high-protein-intake,Higher Protein Intake Does Not Improve Lean Mass Gain When Compared with RDA Recommendation in Postmenopausal Women Following Resistance Exercise Protocol: A Randomized Clinical Trial,RCT,Health Commons,Journal Article
protein-floor-high-protein-intake,"Effects of protein supplementation on lean body mass, muscle strength, and physical performance in nonfrail community-dwelling older adults: a systematic review and meta-analysis",MA,Health Commons,Review
protein-floor-high-protein-intake,"Effect of Protein Supplementation Combined With Resistance Training on Muscle Mass, Strength and Function in the Elderly: A Systematic Review and Meta-Analysis",MA,Health Commons,Review
protein-floor-high-protein-intake,"The effects of high protein intakes during energy restriction on body composition, energy metabolism and physical performance in recreational athletes",RCT,Health Commons,Journal Article
protein-floor-high-protein-intake,Increased protein intake reduces lean body mass loss during weight loss in athletes,RCT,Health Commons,Journal Article
protein-floor-high-protein-intake,Higher compared with lower dietary protein during an energy deficit combined with intense exercise promotes greater lean mass gain and fat mass loss: a randomized trial,RCT,Health Commons,Journal Article
protein-floor-high-protein-intake,Systematic review and meta-analysis of protein intake to support muscle mass and function in healthy adults,MA,Health Commons,Review
protein-floor-high-protein-intake,Synergistic Effect of Increased Total Protein Intake and Strength Training on Muscle Strength: A Dose-Response Meta-analysis of Randomized Controlled Trials,MA,Health Commons,Review
protein-floor-high-protein-intake,"A systematic review, meta-analysis and meta-regression of the effect of protein supplementation on resistance training-induced gains in muscle mass and strength in healthy adults",MA,Health Commons,Review
protein-floor-high-protein-intake,Dose-response relationship between protein intake and muscle mass increase: a systematic review and meta-analysis of randomized controlled trials,MA,Health Commons,Review
protein-floor-high-protein-intake,"Effects of 8 Weeks of Resistance Training Combined with a High-Protein Diet and Omega-3 Supplementation on Body Composition, Muscular Performance, and Muscle-Related Biomarkers in Overweight Women",RCT,Health Commons,Journal Article
protein-floor-high-protein-intake,The Role of Protein Intake and its Timing on Body Composition and Muscle Function in Healthy Adults: A Systematic Review and Meta-Analysis of Randomized Controlled Trials,MA,Health Commons,Review
protein-floor-high-protein-intake,Effectiveness of Protein Supplementation Combined with Resistance Training on Muscle Strength and Physical Performance in Elderly: A Systematic Review and Meta-Analysis,MA,Health Commons,Review
protein-floor-high-protein-intake,Recovery of Strength After Exercise-Induced Muscle Damage in Vegetarians Consuming the Upper and Lower Ends of Protein Recommendations for Athletes,RCT,Health Commons,Journal Article
protein-floor-high-protein-intake,"The effects of a high-protein diet on markers of muscle damage following exercise in active older adults: A randomized, controlled trial",RCT,Health Commons,Journal Article
protein-floor-high-protein-intake,Effect of breakfast protein intake on muscle mass and strength in adults: a scoping review,REV,Health Commons,Review
protein-floor-high-protein-intake,"Protein Intake Distribution: Beneficial, Detrimental, or Inconsequential for Muscle Anabolism? Response to Witard & Mettler",REV,Health Commons,Review
protein-floor-high-protein-intake,Exercise Preserves Lean Mass and Performance during Severe Energy Deficit: The Role of Exercise Volume and Dietary Protein Content,RCT,Health Commons,Journal Article
protein-floor-high-protein-intake,Randomized trial on protein vs carbohydrate in ad libitum fat reduced diet for the treatment of obesity,RCT,Health Commons,Journal Article
protein-floor-high-protein-intake,Effects of dietary protein on the composition of weight loss in post-menopausal women,RCT,Health Commons,Journal Article
protein-floor-high-protein-intake,Short-term effects of substituting protein for carbohydrate in the diets of moderately hypercholesterolemic human subjects,SRC,Health Commons,Journal Article
protein-floor-high-protein-intake,"Regional, but not total, body composition changes in overweight and obese adults consuming a higher protein, energy-restricted diet are sex specific",RCT,Health Commons,Journal Article
protein-floor-high-protein-intake,Protein intake and lean body mass preservation during energy intake restriction in overweight older adults,RCT,Health Commons,Journal Article
protein-floor-high-protein-intake,Effects of dietary protein intake on body composition changes after weight loss in older adults: a systematic review and meta-analysis,MA,Health Commons,Review
protein-floor-high-protein-intake,Combined Protein-Rich Diet With Resistance Exercise Intervention to Counteract Sarcopenia: A Qualitative Study on Drivers and Barriers of Compliance,SRC,Health Commons,Journal Article
protein-floor-high-protein-intake,The effects of dietary protein intake on appendicular lean mass and muscle function in elderly men: a 10-wk randomized controlled trial,RCT,Health Commons,Journal Article
protein-floor-high-protein-intake,Effect of protein intake on lean body mass in functionally limited older men: a randomized clinical trial,RCT,Health Commons,Journal Article
protein-floor-high-protein-intake,"Effects of Adherence to a Higher Protein Diet on Weight Loss, Markers of Health, and Functional Capacity in Older Women Participating in a Resistance-Based Exercise Program",SRC,Health Commons,Journal Article
protein-floor-high-protein-intake,"Effect of an Energy-Restricted, Nutritionally Complete, Higher Protein Meal Plan on Body Composition and Mobility in Older Adults With Obesity: A Randomized Controlled Trial",RCT,Health Commons,Journal Article
protein-floor-high-protein-intake,Effectiveness of two dietary advice strategies to increase protein intake among community-dwelling older adults: a randomized controlled trial,RCT,Health Commons,Journal Article
protein-floor-high-protein-intake,The effect of 12 weeks of euenergetic high-protein diet in regulating appetite and body composition of women with normal-weight obesity: a randomised controlled trial,RCT,Health Commons,Journal Article
protein-floor-high-protein-intake,The cost effectiveness of personalized dietary advice to increase protein intake in older adults with low habitual protein intake: a randomized controlled trial,RCT,Health Commons,Journal Article
protein-floor-high-protein-intake,Health effects of increasing protein intake above the current population reference intake in older adults: a systematic review of the Health Council of the Netherlands,REV,Health Commons,Review
protein-floor-high-protein-intake,Does a higher protein diet promote satiety and weight loss independent of carbohydrate content? An 8-week low-energy diet intervention,RCT,Health Commons,Journal Article
protein-floor-high-protein-intake,The feasibility of a 6-month dietary intervention aiming to increase protein intake among community-dwelling older adults with low habitual protein intake: A secondary analysis of the PROMISS randomised controlled trial,SRC,Health Commons,Journal Article
protein-floor-high-protein-intake,Cost-effectiveness of protein-rich meals and snacks for increasing protein intake in older adults,SRC,Health Commons,Journal Article
protein-floor-high-protein-intake,Examining heterogeneity in elderly consumers’ acceptance of carriers for protein-enriched food: A segmentation study,SRC,Health Commons,Journal Article
protein-floor-high-protein-intake,An increase in dietary protein improves the blood glucose response in persons with type 2 diabetes,SRC,Health Commons,Journal Article
protein-floor-high-protein-intake,"The effects of high protein diets on thermogenesis, satiety and weight loss: a critical review",REV,Health Commons,Review
protein-floor-high-protein-intake,"Dietary protein intake is associated with lean mass change in older, community-dwelling adults: the Health, Aging, and Body Composition Study",OBS,Health Commons,Journal Article
protein-floor-high-protein-intake,The effects of a higher protein intake during energy restriction on changes in body composition and physical function in older women,RCT,Health Commons,Journal Article
protein-floor-high-protein-intake,Assessment of protein requirement in octogenarian women with use of the indicator amino acid oxidation technique,SRC,Health Commons,Journal Article
protein-floor-high-protein-intake,Protein-enriched regular products and their effect on protein intake in acute hospitalized older adults; a randomized controlled trial,RCT,Health Commons,Journal Article
protein-floor-high-protein-intake,Dietary Protein Requirement of Female Adults >65 Years Determined by the Indicator Amino Acid Oxidation Technique Is Higher Than Current Recommendations,SRC,Health Commons,Journal Article
protein-floor-high-protein-intake,Dietary Protein Requirement of Men >65 Years Old Determined by the Indicator Amino Acid Oxidation Technique Is Higher than the Current Estimated Average Requirement,SRC,Health Commons,Journal Article
protein-floor-high-protein-intake,Protein Enrichment of Familiar Foods as an Innovative Strategy to Increase Protein Intake in Institutionalized Elderly,INT,Health Commons,Journal Article
protein-floor-high-protein-intake,Protein-enriched familiar foods and drinks improve protein intake of hospitalized older patients: A randomized controlled trial,RCT,Health Commons,Journal Article
protein-floor-high-protein-intake,Effects of a High-Protein Diet Including Whole Eggs on Muscle Composition and Indices of Cardiometabolic Health and Systemic Inflammation in Older Adults with Overweight or Obesity: A Randomized Controlled Trial,RCT,Health Commons,Journal Article
protein-floor-high-protein-intake,Protein to Maximize Whole-Body Anabolism in Resistance-trained Females after Exercise,SRC,Health Commons,Journal Article
protein-floor-high-protein-intake,Protein Intake to Maximize Whole-Body Anabolism during Postexercise Recovery in Resistance-Trained Men with High Habitual Intakes is Severalfold Greater than the Current Recommended Dietary Allowance,SRC,Health Commons,Journal Article
protein-floor-high-protein-intake,Protein Requirements of Elderly Chinese Adults Are Higher than Current Recommendations,SRC,Health Commons,Journal Article
protein-floor-high-protein-intake,Effects of high-protein diet combined with exercise to counteract frailty in pre-frail and frail community-dwelling older adults: study protocol for a three-arm randomized controlled trial,SRC,Health Commons,Journal Article
protein-floor-high-protein-intake,Effect of Protein Intake on Visceral Abdominal Fat and Metabolic Biomarkers in Older Men With Functional Limitations: Results From a Randomized Clinical Trial,RCT,Health Commons,Journal Article
protein-floor-high-protein-intake,Effectiveness of personalised dietary advice aiming at increasing protein intake on food consumption and physical functioning in community-dwelling older adults with lower habitual protein intake: rationale and design of the PROMISS randomised controlled trial,SRC,Health Commons,Journal Article
protein-floor-high-protein-intake,Low awareness of community-dwelling older adults on the importance of dietary protein: new insights from four qualitative studies,SRC,Health Commons,Journal Article
protein-floor-high-protein-intake,Effects of additional protein intake on lean body mass in patients with morbid obesity during a 12-week formula-based diet and multimodal treatment,RCT,Health Commons,Journal Article
protein-floor-high-protein-intake,Impact of increased protein intake in older adults: a 12-week double-blind randomised controlled trial,RCT,Health Commons,Journal Article
protein-floor-high-protein-intake,Dietary protein requirements of older adults with sarcopenia determined by the indicator amino acid oxidation technology,SRC,Health Commons,Journal Article
protein-floor-high-protein-intake,"Comparison of the Atkins, Zone, Ornish, and LEARN diets for change in weight and related risk factors among overweight premenopausal women: the A TO Z Weight Loss Study: a randomized trial",RCT,Health Commons,Journal Article
protein-floor-high-protein-intake,"Effect of a high-protein, low-carbohydrate diet on blood glucose control in people with type 2 diabetes",SRC,Health Commons,Journal Article
protein-floor-high-protein-intake,Effect of dietary protein intake on energy expenditure and metabolic health in healthy participants: a randomized clinical trial,RCT,Health Commons,Journal Article
protein-floor-high-protein-intake,"The metabolic response of subjects with type 2 diabetes to a high-protein, weight-maintenance diet",SRC,Health Commons,Journal Article
protein-floor-high-protein-intake,Protein intake during energy restriction: effects on body composition and markers of metabolic and cardiovascular health in postmenopausal women,RCT,Health Commons,Journal Article
protein-floor-high-protein-intake,A randomized 3-way crossover study indicates that high-protein feeding induces de novo lipogenesis in healthy humans,INT,Health Commons,Journal Article
protein-floor-high-protein-intake,Replacement of carbohydrate by protein in a conventional-fat diet reduces cholesterol and triglyceride concentrations in healthy normolipidemic subjects,SRC,Health Commons,Journal Article
protein-floor-high-protein-intake,"A randomized trial of a hypocaloric high-protein diet, with and without exercise, on weight loss, fitness, and markers of the Metabolic Syndrome in overweight and obese women",RCT,Health Commons,Journal Article
protein-floor-high-protein-intake,Long-term effects of a high-protein weight-loss diet,RCT,Health Commons,Journal Article
protein-floor-high-protein-intake,"The effect of high-protein, low-carbohydrate diets in the treatment of type 2 diabetes: a 12 month randomised controlled trial",RCT,Health Commons,Journal Article
protein-floor-high-protein-intake,Normal vs. high-protein weight loss diets in men: effects on body composition and indices of metabolic syndrome,RCT,Health Commons,Journal Article
protein-floor-high-protein-intake,Effects of Low-Fat Diets Differing in Protein and Carbohydrate Content on Cardiometabolic Risk Factors during Weight Loss and Weight Maintenance in Obese Adults with Type 2 Diabetes,RCT,Health Commons,Journal Article
protein-floor-high-protein-intake,"Effect of different protein diets on weight loss, inflammatory markers, and cardiometabolic risk factors in obese women",RCT,Health Commons,Journal Article
protein-floor-high-protein-intake,A high protein diet is more effective in improving insulin resistance and glycemic variability compared to a Mediterranean diet: a cross-over controlled inpatient dietary study,INT,Health Commons,Journal Article
protein-floor-high-protein-intake,"Impact of other macronutrient composition within high-protein diet on body composition and cardiometabolic health: a systematic review, pairwise, and network meta-analysis of randomized controlled trials",MA,Health Commons,Review
protein-floor-high-protein-intake,"Long-term effects of advice to consume a high-protein, low-fat diet, rather than a conventional weight-loss diet, in obese adults with type 2 diabetes: one-year follow-up of a randomised trial",RCT,Health Commons,Journal Article
protein-floor-high-protein-intake,"Effect of high protein vs high carbohydrate intake on insulin sensitivity, body weight, hemoglobin A1c, and blood pressure in patients with type 2 diabetes mellitus",RCT,Health Commons,Journal Article
protein-floor-high-protein-intake,Comparison of high protein and high fiber weight-loss diets in women with risk factors for the metabolic syndrome: a randomized trial,RCT,Health Commons,Journal Article
protein-floor-high-protein-intake,"Effects of high-protein diets on body weight, glycaemic control, blood lipids and blood pressure in type 2 diabetes: meta-analysis of randomised controlled trials",MA,Health Commons,Review
protein-floor-high-protein-intake,A carbohydrate-reduced high-protein diet improves HbA1c and liver fat content in weight stable participants with type 2 diabetes: a randomised controlled trial,RCT,Health Commons,Journal Article
protein-floor-high-protein-intake,"The PREVIEW intervention study: results from a 3-year randomized 2 x 2 factorial multinational trial investigating high-protein, low-glycaemic index diet and physical activity for prevention of type 2 diabetes",RCT,Health Commons,Journal Article
protein-floor-high-protein-intake,Increased dietary protein modifies glucose and insulin homeostasis in adult women during weight loss,RCT,Health Commons,Journal Article
protein-floor-high-protein-intake,"Long-term effects of a high-protein, low-carbohydrate diet on weight control and cardiovascular risk markers in obese hyperinsulinemic subjects",RCT,Health Commons,Journal Article
protein-floor-high-protein-intake,"Effects of weight loss and long-term weight maintenance with diets varying in protein and glycemic index on cardiovascular risk factors: the Diet, Obesity and Genes (DiOGenes) Study: a randomized, controlled trial",RCT,Health Commons,Journal Article
protein-floor-high-protein-intake,Long-term effects of low-fat diets either low or high in protein on cardiovascular and metabolic risk factors: a systematic review and meta-analysis,MA,Health Commons,Review
protein-floor-high-protein-intake,Diets high in protein or saturated fat do not affect insulin sensitivity or plasma concentrations of lipids and lipoproteins in overweight and obese adults,RCT,Health Commons,Journal Article
protein-floor-high-protein-intake,Is protein the forgotten ingredient: Effects of higher compared to lower protein diets on cardiometabolic risk factors. A systematic review and meta-analysis of randomised controlled trials,MA,Health Commons,Review
protein-floor-high-protein-intake,Do regular high protein diets have potential health risks on kidney function in athletes?,OBS,Health Commons,Journal Article
protein-floor-high-protein-intake,The Effect of Dietary Advice Aimed at Increasing Protein Intake on Oral Health and Oral Microbiota in Older Adults: A Randomized Controlled Trial,RCT,Health Commons,Journal Article
protein-floor-high-protein-intake,Gastro-intestinal tolerance and renal safety of protein oral nutritional supplements in nursing home residents: A randomized controlled trial,RCT,Health Commons,Journal Article
protein-floor-high-protein-intake,Renal function following long-term weight loss in individuals with abdominal obesity on a very-low-carbohydrate diet vs high-carbohydrate diet,RCT,Health Commons,Journal Article
protein-floor-high-protein-intake,High protein weight loss diets in obese subjects with type 2 diabetes mellitus,RCT,Health Commons,Journal Article
protein-floor-high-protein-intake,Dietary protein intake and change in estimated GFR in the Cardiovascular Health Study,OBS,Health Commons,Journal Article
protein-floor-high-protein-intake,Long-Term Effects of a Very Low Carbohydrate Compared With a High Carbohydrate Diet on Renal Function in Individuals With Type 2 Diabetes: A Randomized Trial,RCT,Health Commons,Journal Article
protein-floor-high-protein-intake,The effects of a high protein diet on indices of health and body composition: a crossover trial in resistance-trained men,INT,Health Commons,Journal Article
protein-floor-high-protein-intake,Impact of low-carbohydrate diet on renal function: a meta-analysis of over 1000 individuals from nine randomised controlled trials,MA,Health Commons,Review
protein-floor-high-protein-intake,A High Protein Diet Has No Harmful Effects: A One-Year Crossover Study in Resistance-Trained Males,INT,Health Commons,Journal Article
protein-floor-high-protein-intake,A Systematic Review of the Effects of Plant Compared with Animal Protein Sources on Features of Metabolic Syndrome,REV,Health Commons,Review
protein-floor-high-protein-intake,Comparison of the effects of diets high in animal or plant protein on metabolic and cardiovascular markers in type 2 diabetes: a randomized clinical trial,RCT,Health Commons,Journal Article
protein-floor-high-protein-intake,"A prospective study on total protein, plant protein and animal protein in relation to the risk of incident chronic kidney disease",OBS,Health Commons,Journal Article
protein-floor-high-protein-intake,High- and normal-protein diets improve body composition and glucose control in adults with type 2 diabetes: a randomized trial,RCT,Health Commons,Journal Article
protein-floor-high-protein-intake,Protein supplementation: the double-edged sword,REV,Health Commons,Review
protein-floor-high-protein-intake,Association between dietary protein intake and risk of chronic kidney disease: a systematic review and dose-response meta-analysis of prospective cohort studies,MA,Health Commons,Review
protein-floor-high-protein-intake,Safety and efficacy of high-protein diets for weight loss,REV,Health Commons,Review
protein-floor-high-protein-intake,The impact of protein intake on renal function decline in women with normal renal function or mild renal insufficiency,OBS,Health Commons,Journal Article
protein-floor-high-protein-intake,Dietary protein intake and renal function,REV,Health Commons,Review
protein-floor-high-protein-intake,Effect of short-term high-protein compared with normal-protein diets on renal hemodynamics and associated variables in healthy young men,RCT,Health Commons,Journal Article
protein-floor-high-protein-intake,Effects of higher- versus lower-protein diets on health outcomes: a systematic review and meta-analysis,MA,Health Commons,Review
protein-floor-high-protein-intake,Effect of a High-Protein Diet on Kidney Function in Healthy Adults: Results From the OmniHeart Trial,INT,Health Commons,Journal Article
protein-floor-high-protein-intake,Health effects of protein intake in healthy adults: a systematic literature review,REV,Health Commons,Review
protein-floor-high-protein-intake,Comparison of high vs. normal/low protein diets on renal function in subjects without chronic kidney disease: a systematic review and meta-analysis,MA,Health Commons,Review
protein-floor-high-protein-intake,Adverse Effects Associated with Protein Intake above the Recommended Dietary Allowance for Adults,REV,Health Commons,Review
protein-floor-high-protein-intake,Long-Term Effects of High-Protein Diets on Renal Function,REV,Health Commons,Review
protein-floor-high-protein-intake,Changes in Kidney Function Do Not Differ between Healthy Adults Consuming Higher- Compared with Lower- or Normal-Protein Diets: A Systematic Review and Meta-Analysis,MA,Health Commons,Review
protein-floor-high-protein-intake,High-protein diet with renal hyperfiltration is associated with rapid decline rate of renal function: a community-based prospective cohort study,OBS,Health Commons,Journal Article
protein-floor-high-protein-intake,The Effects of High-Protein Diets on Kidney Health and Longevity,REV,Health Commons,Review
protein-floor-high-protein-intake,ESPEN guideline on clinical nutrition in hospitalized patients with acute or chronic kidney disease,GUIDE,Health Commons,Guideline
protein-floor-high-protein-intake,"Effects of 8 weeks of resistance training in combination with a high protein diet on body composition, muscular performance, and markers of liver and kidney function in untrained older ex-military men",RCT,Health Commons,Journal Article
protein-floor-high-protein-intake,"Effects of 16 weeks of two different high-protein diets with either resistance or concurrent training on body composition, muscular strength and performance, and markers of liver and kidney function in resistance-trained males",RCT,Health Commons,Journal Article
protein-floor-high-protein-intake,KDIGO 2024 Clinical Practice Guideline for the Evaluation and Management of Chronic Kidney Disease,GUIDE,Health Commons,Guideline
protein-floor-high-protein-intake,Can soy intake affect serum uric acid level? Pooled analysis from two 6-month randomized controlled trials among Chinese postmenopausal women with prediabetes or prehypertension,RCT,Health Commons,Journal Article
protein-floor-high-protein-intake,2016 updated EULAR evidence-based recommendations for the management of gout,GUIDE,Health Commons,Guideline
protein-floor-high-protein-intake,"Randomized controlled trial of a low animal protein, high fiber diet in the prevention of recurrent calcium oxalate kidney stones",RCT,Health Commons,Journal Article
protein-floor-high-protein-intake,"High-protein diets in hyperlipidemia: effect of wheat gluten on serum lipids, uric acid, and renal function",MA,Health Commons,Journal Article
protein-floor-high-protein-intake,Dietary factors and the risk of incident kidney stones in men: new insights after 14 years of follow-up,OBS,Health Commons,Journal Article
protein-floor-high-protein-intake,"Intake of purine-rich foods, protein, and dairy products and relationship to serum levels of uric acid: the Third National Health and Nutrition Examination Survey",OBS,Health Commons,Journal Article
protein-floor-high-protein-intake,A randomized trial of low-animal-protein or high-fiber diets for secondary prevention of calcium nephrolithiasis,RCT,Health Commons,Journal Article
protein-floor-high-protein-intake,A prospective study of dietary calcium and other nutrients and the risk of symptomatic kidney stones,OBS,Health Commons,Journal Article
protein-floor-high-protein-intake,"Purine-rich foods, dairy and protein intake, and the risk of gout in men",OBS,Health Commons,Journal Article
protein-floor-high-protein-intake,Comparative effects of low-carbohydrate high-protein versus low-fat diets on the kidney,RCT,Health Commons,Journal Article
protein-floor-high-protein-intake,Food Sources of Protein and Risk of Incident Gout in the Singapore Chinese Health Study,OBS,Health Commons,Journal Article
protein-floor-high-protein-intake,Effects of dietary macronutrients on serum urate: results from the OmniHeart trial,INT,Health Commons,Journal Article
protein-floor-high-protein-intake,Comparison of Two Diets for the Prevention of Recurrent Stones in Idiopathic Hypercalciuria,RCT,Health Commons,Journal Article
protein-floor-high-protein-intake,Hypercalciuria associated with high dietary protein intake is not due to acid load,MA,Health Commons,Journal Article
protein-floor-high-protein-intake,A Systematic Review of Renal Health in Healthy Individuals Associated with Protein Intake above the US Recommended Daily Allowance in Randomized Controlled Trials and Observational Studies,REV,Health Commons,Review
protein-floor-high-protein-intake,Associations of Total Protein or Animal Protein Intake and Animal Protein Sources with Risk of Kidney Stones: A Systematic Review and Dose-Response Meta-Analysis,MA,Health Commons,Review
protein-floor-high-protein-intake,Protein intake and risk of urolithiasis and kidney diseases: an umbrella review of systematic reviews for the evidence-based guideline of the German Nutrition Society,REV,Health Commons,Review
protein-floor-high-protein-intake,EAU Guidelines on Urolithiasis,GUIDE,Health Commons,Guideline
protein-floor-high-protein-intake,Gout: diagnosis and management. NICE guideline NG219,GUIDE,Health Commons,Guideline
protein-floor-high-protein-intake,Medical Management of Kidney Stones: AUA Guideline,GUIDE,Health Commons,Guideline
protein-floor-high-protein-intake,2020 American College of Rheumatology Guideline for the Management of Gout,GUIDE,Health Commons,Guideline
protein-floor-high-protein-intake,A High Protein Calorie Restriction Diet Alters the Gut Microbiome in Obesity,SRC,Health Commons,Journal Article
protein-floor-high-protein-intake,"Personalized Dietary Advice to Increase Protein Intake in Older Adults Does Not Affect the Gut Microbiota, Appetite or Central Processing of Food Stimuli in Community-Dwelling Older Adults: A Six-Month Randomized Controlled Trial",RCT,Health Commons,Journal Article
protein-floor-high-protein-intake,"Microbiota Stability and Gastrointestinal Tolerance in Response to a High-Protein Diet with and without a Prebiotic, Probiotic, and Synbiotic: A Randomized, Double-Blind, Placebo-Controlled Trial in Older Women",RCT,Health Commons,Journal Article
protein-floor-high-protein-intake,Old Question Revisited: Are High-Protein Diets Safe in Pregnancy?,OBS,Health Commons,Journal Article
protein-floor-high-protein-intake,"Higher protein intake during resistance training does not potentiate strength, but modulates gut microbiota, in middle-aged adults: a randomized control trial",RCT,Health Commons,Journal Article
protein-floor-high-protein-intake,"High-protein, reduced-carbohydrate weight-loss diets promote metabolite profiles likely to be detrimental to colonic health",SRC,Health Commons,Journal Article
protein-floor-high-protein-intake,EASL Clinical Practice Guidelines on nutrition in chronic liver disease,GUIDE,Health Commons,Guideline
protein-floor-high-protein-intake,ESPEN guideline on clinical nutrition in liver disease,GUIDE,Health Commons,Guideline
protein-floor-high-protein-intake,The impact of a high-protein diet with strength training on the gastrointestinal microbiota in community-dwelling older adults: subanalysis of a randomized controlled trial,RCT,Health Commons,Journal Article
protein-floor-high-protein-intake,Energy and protein intake in pregnancy,REV,Health Commons,Review
protein-floor-high-protein-intake,Antenatal dietary education and supplementation to increase energy and protein intake,REV,Health Commons,Review
protein-floor-high-protein-intake,High-protein supplementation during pregnancy,GUIDE,Health Commons,Web Page
protein-floor-high-protein-intake,The effects of consuming a high protein diet (4.4 g/kg/day) on body composition in resistance-trained individuals,RCT,Health Commons,Journal Article
protein-floor-high-protein-intake,High protein diets do not attenuate decrements in testosterone and IGF-I during energy deficit,RCT,Health Commons,Journal Article
protein-floor-high-protein-intake,Comparison of 2 weight-loss diets of different protein content on bone health: a randomized trial,RCT,Health Commons,Journal Article
protein-floor-high-protein-intake,Calcium homeostasis and bone metabolic responses to high-protein diets during energy deficit in healthy young adults: a randomized controlled trial,RCT,Health Commons,Journal Article
protein-floor-high-protein-intake,High-protein intake during weight loss therapy eliminates the weight-loss-induced improvement in insulin action in obese postmenopausal women,RCT,Health Commons,Journal Article
protein-floor-high-protein-intake,Effects of Protein Intake at Twice the Recommended Dietary Allowance on Circulating Trimethylamine N-oxide Concentrations in Older Men: A Randomized Controlled Trial,RCT,Health Commons,Journal Article
protein-floor-high-protein-intake,Impact of a High Protein Intake on the Plasma Metabolome in Elderly Males: 10 Week Randomized Dietary Intervention,RCT,Health Commons,Journal Article
protein-floor-high-protein-intake,A high-protein diet with and without strength training shows no negative effects on oxidative stress markers in older adults,RCT,Health Commons,Journal Article
protein-floor-high-protein-intake,Associations between High Protein Intake and Cardiovascular Diseases by Age Groups: A Cohort Study,OBS,Health Commons,Journal Article
protein-floor-high-protein-intake,Impact of a high-protein diet with and without strength training over 17 weeks on the plasma metabolome in older adults,MA,Health Commons,Journal Article
protein-floor-high-protein-intake,Experience and acceptability of diets of varying protein content and glycemic index in an obese cohort: results from the Diogenes trial,SRC,Health Commons,Journal Article
protein-floor-high-protein-intake,Weight loss maintenance in overweight subjects on ad libitum diets with high or low protein content and glycemic index: the DIOGENES trial 12-month results,RCT,Health Commons,Journal Article
protein-floor-high-protein-intake,"A high-protein, low glycemic index diet suppresses hunger but not weight regain after weight loss: results from a large, 3-years randomized trial (PREVIEW)",RCT,Health Commons,Journal Article
protein-floor-high-protein-intake,"A high-protein diet induces sustained reductions in appetite, ad libitum caloric intake, and body weight despite compensatory changes in diurnal plasma leptin and ghrelin concentrations",RCT,Health Commons,Journal Article
protein-floor-high-protein-intake,High-protein vs. standard-protein diets in overweight and obese patients with heart failure and diabetes mellitus: findings of the Pro-HEART trial,RCT,Health Commons,Journal Article
protein-floor-high-protein-intake,"Effect of normal-fat diets, either medium or high in protein, on body weight in overweight subjects: a randomised 1-year trial",RCT,Health Commons,Journal Article
protein-floor-high-protein-intake,Dietary protein and exercise have additive effects on body composition during weight loss in adult women,RCT,Health Commons,Journal Article
protein-floor-high-protein-intake,Markers of dietary protein intake are associated with successful weight loss in the POUNDS Lost trial,SRC,Health Commons,Journal Article
protein-floor-high-protein-intake,Fiber Intake Predicts Weight Loss and Dietary Adherence in Adults Consuming Calorie-Restricted Diets: The POUNDS Lost Study,SRC,Health Commons,Journal Article
protein-floor-high-protein-intake,High-protein diet for patients with heart failure: feasibility and quality of life effects,SRC,Health Commons,Journal Article
protein-floor-high-protein-intake,Effects of a carbohydrate-reduced high-protein diet delivered through meal kits and an automated eHealth solution on health outcomes in women with type 2 diabetes: protocol for a randomised controlled trial,SRC,Health Commons,Journal Article
protein-floor-high-protein-intake,"Dietary Reference Intakes for Energy, Carbohydrate, Fiber, Fat, Fatty Acids, Cholesterol, Protein, and Amino Acids",GUIDE,Health Commons,Guideline
protein-floor-high-protein-intake,Systematic review of health effects of dietary protein in older adults,REV,Health Commons,Guideline
protein-floor-high-protein-intake,Evidence-Based Recommendations for Optimal Dietary Protein Intake in Older People: A Position Paper From the PROT-AGE Study Group,GUIDE,Health Commons,Guideline
protein-floor-high-protein-intake,Protein intake and exercise for optimal muscle function with aging: recommendations from the ESPEN Expert Group,GUIDE,Health Commons,Guideline
protein-floor-high-protein-intake,"Position of the Academy of Nutrition and Dietetics, Dietitians of Canada, and the American College of Sports Medicine: Nutrition and Athletic Performance",GUIDE,Health Commons,Guideline
protein-floor-high-protein-intake,International Society of Sports Nutrition Position Stand: protein and exercise,GUIDE,Health Commons,Guideline
protein-floor-high-protein-intake,The Effect of Protein Intake on Health: A Systematic Review,REV,Health Commons,Guideline
protein-floor-high-protein-intake,"Dietary protein and weight reduction: a statement for healthcare professionals from the Nutrition Committee of the Council on Nutrition, Physical Activity, and Metabolism of the American Heart Association",GUIDE,Health Commons,Guideline
protein-floor-high-protein-intake,International Society of Sports Nutrition position stand: protein and exercise,GUIDE,Health Commons,Guideline
protein-floor-high-protein-intake,2013 AHA/ACC/TOS guideline for the management of overweight and obesity in adults: a report of the American College of Cardiology/American Heart Association Task Force on Practice Guidelines and The Obesity Society,GUIDE,Health Commons,Guideline
protein-floor-high-protein-intake,Nutrition and Athletic Performance,GUIDE,Health Commons,Guideline
protein-floor-high-protein-intake,High-protein diets for weight management: Interactions with the intestinal microbiota and consequences for gut health. A position paper by the My New Gut study group,REV,Health Commons,Review
protein-floor-high-protein-intake,2021 Dietary Guidance to Improve Cardiovascular Health: A Scientific Statement From the American Heart Association,GUIDE,Health Commons,Guideline
protein-floor-high-protein-intake,A TO Z Weight Loss Study,SRC,Health Commons,Web Page
protein-floor-high-protein-intake,"DiOGenes: Diet, Obesity and Genes Study",SRC,Health Commons,Web Page
protein-floor-high-protein-intake,High Protein Intake and Intense Exercise During Weight Loss,SRC,Health Commons,Web Page
protein-floor-high-protein-intake,Effect of a High Protein Diet on Weight Loss in Adults With Obesity,SRC,Health Commons,Web Page
protein-floor-high-protein-intake,Effect of High Protein Weight Loss for Seniors,RCT,Health Commons,Web Page
protein-floor-high-protein-intake,High-Protein Total Diet Replacement and Energy Metabolism in Men,SRC,Health Commons,Web Page
protein-floor-high-protein-intake,High-Protein Total Diet Replacement and Energy Metabolism in Women,SRC,Health Commons,Web Page
protein-floor-high-protein-intake,Protein and Exercise to Counteract Frailty in Older Adults,SRC,Health Commons,Web Page
protein-floor-high-protein-intake,Distribution of Nutrient Derived Amino Acids,SRC,Health Commons,Web Page
protein-floor-high-protein-intake,A Comparative Study Examining the Impact of a Protein-Enriched Diet on Body Composition and Resting Energy Expenditure in Obese Patients Before Sleeve Gastrectomy,INT,Health Commons,Journal Article
short-term-alcohol-abstinence,Accuracy Assessment of Oura Ring Nocturnal Heart Rate and Heart Rate Variability in Comparison With Electrocardiography in Time and Frequency Domains: Comprehensive Analysis,SRC,Health Commons,Journal Article
short-term-alcohol-abstinence,Accuracy Assessment of Oura Ring Nocturnal Heart Rate and Heart Rate Variability in Comparison With Electrocardiography in Time and Frequency Domains: Comprehensive Analysis,SRC,Health Commons,Journal Article
tabata-20-10-interval-training,Anaerobic capacity determined by maximal accumulated O2 deficit,MECH,Health Commons,Journal Article
tabata-20-10-interval-training,Benefits and Risks of High-Intensity Interval Training in Patients With Coronary Artery Disease,REV,Health Commons,Review
tabata-20-10-interval-training,Cardiovascular Complications During Exercise Training of Cardiac Patients,OBS,Health Commons,Journal Article
tabata-20-10-interval-training,Cardiovascular Complications of Outpatient Cardiac Rehabilitation Programs,OBS,Health Commons,Journal Article
tabata-20-10-interval-training,Changes in the reactive hyperemia index after continuous and interval exercise,INT,Health Commons,Journal Article
tabata-20-10-interval-training,Effects of Different Exercise Modes on Arterial Stiffness and Nitric Oxide Synthesis,SRC,Health Commons,Journal Article
tabata-20-10-interval-training,Effects of High-Intensity Interval Training on Aerobic Capacity in Cardiac Patients: A Systematic Review with Meta-Analysis,MA,Health Commons,Review
tabata-20-10-interval-training,Effects of High-Intensity Interval vs. Moderate-Intensity Continuous Training on Cardiac Rehabilitation in Patients With Cardiovascular Disease: A Systematic Review and Meta-Analysis,MA,Health Commons,Review
tabata-20-10-interval-training,Effects of short sprint interval training on aerobic and anaerobic indices: a systematic review and meta-analysis,MA,Health Commons,Review
tabata-20-10-interval-training,Effects of sprint interval training on VO2max and aerobic exercise performance: a systematic review and meta-analysis,MA,Health Commons,Review
tabata-20-10-interval-training,Exercise and the Heart: Safety of Medically Supervised Outpatient Cardiac Rehabilitation Exercise Therapy. A 16-Year Follow-up,OBS,Health Commons,Journal Article
tabata-20-10-interval-training,Exercise-Based Cardiac Rehabilitation for Coronary Heart Disease: Cochrane Systematic Review and Meta-Analysis,MA,Health Commons,Review
tabata-20-10-interval-training,Get fit quick with this Tabata HIIT workout that blasts fat,SRC,Health Commons,Web Page
tabata-20-10-interval-training,Heart rate recovery and heart rate variability are unchanged in patients with coronary artery disease following 12 weeks of high-intensity interval and moderate-intensity endurance exercise training,SRC,Health Commons,Journal Article
tabata-20-10-interval-training,High-Intensity Interval Training for Patients with Coronary Artery Disease: Finding the Optimal Balance,RCT,Health Commons,Journal Article
tabata-20-10-interval-training,High-Intensity Interval Training in Cardiac Rehabilitation: A Multi-Centre Randomized Controlled Trial,RCT,Health Commons,Journal Article
tabata-20-10-interval-training,Incidence of nonresponse and individual patterns of response following sprint interval training,SRC,Health Commons,Journal Article
tabata-20-10-interval-training,Low-Active Male Adolescents: A Dose Response to High-Intensity Interval Training,RCT,Health Commons,Journal Article
tabata-20-10-interval-training,"Physiological adaptations to low-volume, high-intensity interval training in health and disease",REV,Health Commons,Review
tabata-20-10-interval-training,"Physiological, Perceptual, and Affective Responses to Six High-Intensity Interval Training Protocols",MECH,Health Commons,Journal Article
tabata-20-10-interval-training,Relative importance of aerobic and anaerobic energy release during short-lasting exhausting bicycle exercise,MECH,Health Commons,Journal Article
tabata-20-10-interval-training,Research into the Health Benefits of Sprint Interval Training Should Focus on Protocols with Fewer and Shorter Sprints,REV,Health Commons,Review
tabata-20-10-interval-training,Risk of bias and reporting practices in studies comparing VO2max responses to sprint interval vs. continuous training: A systematic review and meta-analysis,MA,Health Commons,Review
tabata-20-10-interval-training,Safety of Exercise Training for Cardiac Patients: Results of the French Registry of Complications During Cardiac Rehabilitation,OBS,Health Commons,Journal Article
tabata-20-10-interval-training,Safety of Exercise-Based Cardiac Rehabilitation and Exercise Testing for Cardiac Patients in Japan: A Nationwide Survey,OBS,Health Commons,Journal Article
tabata-20-10-interval-training,Safety of Home-Based Cardiac Rehabilitation: A Systematic Review,REV,Health Commons,Review
tabata-20-10-interval-training,"Short-term and Long-term Feasibility, Safety, and Efficacy of High-Intensity Interval Training in Cardiac Rehabilitation: The FITR Heart Study Randomized Clinical Trial",RCT,Health Commons,Journal Article
tabata-20-10-interval-training,Similar Anaerobic and Aerobic Adaptations After 2 High-Intensity Interval Training Configurations: 10:5 s vs. 20:10 s Work-to-Rest Ratio,RCT,Health Commons,Journal Article
tabata-20-10-interval-training,Six sessions of sprint interval training increases muscle oxidative potential and cycle endurance capacity in humans,MECH,Health Commons,Journal Article
tabata-20-10-interval-training,Sprint interval training effects on aerobic capacity: a systematic review and meta-analysis,MA,Health Commons,Review
tabata-20-10-interval-training,Tabata HIIT. Interval Training,SRC,Health Commons,Web Page
tabata-20-10-interval-training,The effects of sprint interval training on physical performance: A systematic review and meta-analysis,MA,Health Commons,Review
tabata-20-10-interval-training,"Why Is Tabata Only 4 Minutes? Workout for Beginners, 9 Benefits",SRC,Health Commons,Web Page
tabata-20-10-interval-training,Tabata HIIT. Interval Training,SRC,Health Commons,Web Page
tabata-20-10-interval-training,Get fit quick with this Tabata HIIT workout that blasts fat,SRC,Health Commons,Web Page
tabata-20-10-interval-training,"Why Is Tabata Only 4 Minutes? Workout for Beginners, 9 Benefits",SRC,Health Commons,Web Page
tabata-20-10-interval-training,"Short-term and Long-term Feasibility, Safety, and Efficacy of High-Intensity Interval Training in Cardiac Rehabilitation: The FITR Heart Study Randomized Clinical Trial",RCT,Health Commons,Journal Article
tabata-20-10-interval-training,Safety of Home-Based Cardiac Rehabilitation: A Systematic Review,REV,Health Commons,Review
tabata-20-10-interval-training,High-Intensity Interval Training in Cardiac Rehabilitation: A Multi-Centre Randomized Controlled Trial,RCT,Health Commons,Journal Article
tabata-20-10-interval-training,Safety of Exercise Training for Cardiac Patients: Results of the French Registry of Complications During Cardiac Rehabilitation,OBS,Health Commons,Journal Article
tabata-20-10-interval-training,Heart rate recovery and heart rate variability are unchanged in patients with coronary artery disease following 12 weeks of high-intensity interval and moderate-intensity endurance exercise training,SRC,Health Commons,Journal Article
tabata-20-10-interval-training,Safety of Exercise-Based Cardiac Rehabilitation and Exercise Testing for Cardiac Patients in Japan: A Nationwide Survey,OBS,Health Commons,Journal Article
tabata-20-10-interval-training,Exercise-Based Cardiac Rehabilitation for Coronary Heart Disease: Cochrane Systematic Review and Meta-Analysis,MA,Health Commons,Review
tabata-20-10-interval-training,Effects of High-Intensity Interval Training on Aerobic Capacity in Cardiac Patients: A Systematic Review with Meta-Analysis,MA,Health Commons,Review
tabata-20-10-interval-training,Benefits and Risks of High-Intensity Interval Training in Patients With Coronary Artery Disease,REV,Health Commons,Review
tabata-20-10-interval-training,High-Intensity Interval Training for Patients with Coronary Artery Disease: Finding the Optimal Balance,RCT,Health Commons,Journal Article
tabata-20-10-interval-training,Effects of High-Intensity Interval vs. Moderate-Intensity Continuous Training on Cardiac Rehabilitation in Patients With Cardiovascular Disease: A Systematic Review and Meta-Analysis,MA,Health Commons,Review
tabata-20-10-interval-training,Cardiovascular Complications of Outpatient Cardiac Rehabilitation Programs,OBS,Health Commons,Journal Article
tabata-20-10-interval-training,Cardiovascular Complications During Exercise Training of Cardiac Patients,OBS,Health Commons,Journal Article
tabata-20-10-interval-training,Exercise and the Heart: Safety of Medically Supervised Outpatient Cardiac Rehabilitation Exercise Therapy. A 16-Year Follow-up,OBS,Health Commons,Journal Article
tabata-20-10-interval-training,Six sessions of sprint interval training increases muscle oxidative potential and cycle endurance capacity in humans,MECH,Health Commons,Journal Article
tabata-20-10-interval-training,"Physiological adaptations to low-volume, high-intensity interval training in health and disease",REV,Health Commons,Review
tabata-20-10-interval-training,Effects of sprint interval training on VO2max and aerobic exercise performance: a systematic review and meta-analysis,MA,Health Commons,Review
tabata-20-10-interval-training,Sprint interval training effects on aerobic capacity: a systematic review and meta-analysis,MA,Health Commons,Review
tabata-20-10-interval-training,Relative importance of aerobic and anaerobic energy release during short-lasting exhausting bicycle exercise,MECH,Health Commons,Journal Article
tabata-20-10-interval-training,Low-Active Male Adolescents: A Dose Response to High-Intensity Interval Training,RCT,Health Commons,Journal Article
tabata-20-10-interval-training,Incidence of nonresponse and individual patterns of response following sprint interval training,SRC,Health Commons,Journal Article
tabata-20-10-interval-training,Research into the Health Benefits of Sprint Interval Training Should Focus on Protocols with Fewer and Shorter Sprints,REV,Health Commons,Review
tabata-20-10-interval-training,"Physiological, Perceptual, and Affective Responses to Six High-Intensity Interval Training Protocols",MECH,Health Commons,Journal Article
tabata-20-10-interval-training,Effects of Different Exercise Modes on Arterial Stiffness and Nitric Oxide Synthesis,SRC,Health Commons,Journal Article
tabata-20-10-interval-training,Similar Anaerobic and Aerobic Adaptations After 2 High-Intensity Interval Training Configurations: 10:5 s vs. 20:10 s Work-to-Rest Ratio,RCT,Health Commons,Journal Article
tabata-20-10-interval-training,Anaerobic capacity determined by maximal accumulated O2 deficit,MECH,Health Commons,Journal Article
tabata-20-10-interval-training,Risk of bias and reporting practices in studies comparing VO2max responses to sprint interval vs. continuous training: A systematic review and meta-analysis,MA,Health Commons,Review
tabata-20-10-interval-training,Effects of short sprint interval training on aerobic and anaerobic indices: a systematic review and meta-analysis,MA,Health Commons,Review
tabata-20-10-interval-training,The effects of sprint interval training on physical performance: A systematic review and meta-analysis,MA,Health Commons,Review
tabata-20-10-interval-training,Changes in the reactive hyperemia index after continuous and interval exercise,INT,Health Commons,Journal Article
