Library,ID,Name,Category,Target Area,Level,Equipment,Position,Modality,Commonness Tier,Short Description,Source URL(s),Steps,Best Practices,Images
Exercise,EX501,Backpack Front Squat,Lower Body Strength,"Quads, glutes, trunk",Intermediate,Backpack,Standing,Strength,Variant,Hold a backpack high against your chest while performing a controlled squat.,https://www.acefitness.org/resources/everyone/exercise-library/; https://acsm.org/resistance-training-guidelines-update-2026/; https://acsm.org/education-resources/trending-topics-resources/physical-activity-guidelines/,"1) Stand with feet about hip-to-shoulder width apart and brace lightly through your trunk. 2) Load the backpack lightly, close all zippers, and hold or wear it securely before the first rep. 3) Hold a backpack high against your chest while performing a controlled squat. 4) Bend your hips and knees to lower under control while your heels stay grounded. 5) Press through your whole foot to stand tall and reset before the next rep.","1) Keep knees tracking the same direction as your toes. 2) Use your whole foot instead of rolling onto toes or collapsing arches. 3) Choose a light load first and make sure lids, straps, and zippers are secure. 4) Stop if you feel sharp pain, numbness, dizziness, or joint pinching.","Setup hold | Adult standing on a mat holding a closed backpack high against the chest with feet grounded and trunk lightly braced. | https://imagedelivery.net/TDuhqfLDl0Fb8RGwGw6mYw/bbba2aeb-f4c9-417e-bb6d-0c46135e9200/public ;; Controlled squat | Adult holding a backpack high against the chest in the bottom of a controlled squat with chest tall, knees tracking, and heels down. | https://imagedelivery.net/TDuhqfLDl0Fb8RGwGw6mYw/5c40865a-ad5e-4f6e-d218-22eb2a427700/public ;; Stand reset | Adult standing tall after the squat with the backpack held high, feet planted, and posture reset before the next repetition. | https://imagedelivery.net/TDuhqfLDl0Fb8RGwGw6mYw/b08dac41-7ae3-4363-37b6-ca22912d8700/public"
Exercise,EX502,Backpack Zercher Squat,Lower Body Strength,"Quads, glutes, trunk",Intermediate,Backpack,Standing,Strength,Variant,Cradle a backpack in the crooks of your elbows and squat with an upright torso.,https://www.acefitness.org/resources/everyone/exercise-library/; https://acsm.org/resistance-training-guidelines-update-2026/; https://acsm.org/education-resources/trending-topics-resources/physical-activity-guidelines/,"1) Stand with feet about hip-to-shoulder width apart and brace lightly through your trunk. 2) Load the backpack lightly, close all zippers, and hold or wear it securely before the first rep. 3) Cradle a backpack in the crooks of your elbows and squat with an upright torso. 4) Bend your hips and knees to lower under control while your heels stay grounded. 5) Press through your whole foot to stand tall and reset before the next rep.","1) Keep knees tracking the same direction as your toes. 2) Use your whole foot instead of rolling onto toes or collapsing arches. 3) Choose a light load first and make sure lids, straps, and zippers are secure. 4) Stop if you feel sharp pain, numbness, dizziness, or joint pinching.","Secure backpack setup | An adult stands on a mat with feet hip-to-shoulder width, bracing lightly while checking a closed backpack before the squat. | https://imagedelivery.net/TDuhqfLDl0Fb8RGwGw6mYw/28f040dc-cd40-4207-fd00-c907118b8e00/public ;; Zercher rack | An adult cradles a backpack evenly in the crooks of the elbows with a tall chest and planted feet. | https://imagedelivery.net/TDuhqfLDl0Fb8RGwGw6mYw/69ca6c15-414f-404e-c2ed-be3027f4a100/public ;; Controlled squat descent | An adult lowers into a backpack Zercher squat with knees tracking over the feet, heels grounded, and the backpack held securely. | https://imagedelivery.net/TDuhqfLDl0Fb8RGwGw6mYw/9ddc266b-51cb-4904-3dfc-a6322944ea00/public ;; Stand and reset | An adult stands tall from the squat while keeping the backpack cradled, pressing through the whole foot before resetting. | https://imagedelivery.net/TDuhqfLDl0Fb8RGwGw6mYw/b03f4381-7a5a-4736-6fc1-3266cdf3b700/public"
Exercise,EX503,Wall-Supported Squat Hold,Lower Body Strength,"Quads, glutes",Beginner,Wall,Standing,Strength,Common,Use a wall for light balance support while holding the bottom of a squat.,https://www.acefitness.org/resources/everyone/exercise-library/; https://acsm.org/resistance-training-guidelines-update-2026/; https://acsm.org/education-resources/trending-topics-resources/physical-activity-guidelines/,"1) Stand with your back against a wall and feet a comfortable step forward. 2) Slide down until your knees and hips are bent to a manageable angle. 3) Use a wall for light balance support while holding the bottom of a squat. 4) Hold or move as prescribed, then press through your feet and slide back up the wall.","1) Keep knees tracking the same direction as your toes. 2) Use your whole foot instead of rolling onto toes or collapsing arches. 3) Stand close enough to control the movement without jamming your wrists, shoulders, or back. 4) Stop if you feel sharp pain, numbness, dizziness, or joint pinching.","Setup | Adult standing with their back lightly against a wall, feet stepped forward on a mat, with callouts for chest position, wall contact, and foot placement. | https://imagedelivery.net/TDuhqfLDl0Fb8RGwGw6mYw/61ddfa5f-3340-4436-e752-d6e22674ec00/public ;; Slide down | Adult sliding down the wall into a supported squat with feet flat, a downward motion arrow, and callouts for knee tracking and heel contact. | https://imagedelivery.net/TDuhqfLDl0Fb8RGwGw6mYw/5f1fff3a-a733-43eb-f4eb-58e495ee1500/public ;; Hold | Adult holding a beginner wall-supported squat with back against the wall, knees bent over feet, and callouts for chest position, knee tracking, and whole-foot pressure. | https://imagedelivery.net/TDuhqfLDl0Fb8RGwGw6mYw/d97f5c31-1299-44c9-cef9-afab30165300/public"
Exercise,EX504,Slow Goblet Squat to Chair,Lower Body Strength,"Quads, glutes, hips",Beginner,Backpack and chair,Standing,Strength,Common,Hold a backpack at the chest and lower slowly until you tap a chair.,https://www.acefitness.org/resources/everyone/exercise-library/; https://acsm.org/resistance-training-guidelines-update-2026/; https://acsm.org/education-resources/trending-topics-resources/physical-activity-guidelines/,1) Stand in front of a sturdy chair with feet about hip-to-shoulder width apart. 2) Hold a backpack at the chest and lower slowly until you tap a chair. 3) Reach your hips back and lower until you lightly touch or hover above the chair. 4) Press through the floor to stand tall without rocking forward for momentum.,"1) Keep knees tracking the same direction as your toes. 2) Use your whole foot instead of rolling onto toes or collapsing arches. 3) Use only a stable surface that will not slide, tip, or open unexpectedly. 4) Stop if you feel sharp pain, numbness, dizziness, or joint pinching.","Setup | Adult stands in front of a sturdy chair holding a backpack at the chest with feet planted on a mat. | https://imagedelivery.net/TDuhqfLDl0Fb8RGwGw6mYw/a3162916-c59c-4865-20cb-c8c85d290a00/public ;; Chair tap | Adult lowers slowly into a goblet squat with hips reaching back toward the chair, knees tracking toes, and heels down. | https://imagedelivery.net/TDuhqfLDl0Fb8RGwGw6mYw/e240d964-19c8-4f99-8c34-82764c314900/public ;; Stand tall | Adult stands tall again from the chair squat while holding the backpack close and pressing through the floor. | https://imagedelivery.net/TDuhqfLDl0Fb8RGwGw6mYw/7c558c61-dc60-41de-e555-eef4ade1a500/public"
Exercise,EX505,Staggered-Stance Squat,Lower Body Strength,"Quads, glutes, balance",Intermediate,None,Standing,Strength,Variant,Place one foot slightly behind the other so the front leg does more work during the squat.,https://www.acefitness.org/resources/everyone/exercise-library/; https://acsm.org/resistance-training-guidelines-update-2026/; https://acsm.org/education-resources/trending-topics-resources/physical-activity-guidelines/,1) Stand with feet about hip-to-shoulder width apart and brace lightly through your trunk. 2) Start with enough open floor space to move comfortably. 3) Place one foot slightly behind the other so the front leg does more work during the squat. 4) Bend your hips and knees to lower under control while your heels stay grounded. 5) Press through your whole foot to stand tall and reset before the next rep.,"1) Keep knees tracking the same direction as your toes. 2) Use your whole foot instead of rolling onto toes or collapsing arches. 3) Stop if you feel sharp pain, numbness, dizziness, or joint pinching.","Setup stance | Adult stands barefoot on a mat in a short staggered stance with one foot slightly behind the other and callouts for stance, bracing, and grounded feet. | https://imagedelivery.net/TDuhqfLDl0Fb8RGwGw6mYw/20e5852a-bd94-4da9-03d0-416ad151af00/public ;; Lower under control | Adult lowers into a staggered-stance squat with both heels down, hips back, and a knee-tracking callout. | https://imagedelivery.net/TDuhqfLDl0Fb8RGwGw6mYw/65f5f09d-a336-42db-867d-d88de2320e00/public ;; Stand and reset | Adult stands tall in the same staggered stance with an upward arrow showing the press through the foot to reset. | https://imagedelivery.net/TDuhqfLDl0Fb8RGwGw6mYw/930cdeb9-7d82-46b2-bfca-0459eb0c3b00/public"
Exercise,EX506,Split-Stance Heel-Elevated Squat,Lower Body Strength,"Quads, glutes",Intermediate,Book or low wedge,Standing,Strength,Variant,Use a split stance with the front heel slightly elevated to bias the front thigh.,https://www.acefitness.org/resources/everyone/exercise-library/; https://acsm.org/resistance-training-guidelines-update-2026/; https://acsm.org/education-resources/trending-topics-resources/physical-activity-guidelines/,"1) Stand with feet about hip-to-shoulder width apart and brace lightly through your trunk. 2) Prepare the Book or low wedge so it is stable, comfortable, and easy to control. 3) Use a split stance with the front heel slightly elevated to bias the front thigh. 4) Bend your hips and knees to lower under control while your heels stay grounded. 5) Press through your whole foot to stand tall and reset before the next rep.","1) Keep knees tracking the same direction as your toes. 2) Use your whole foot instead of rolling onto toes or collapsing arches. 3) Stop if you feel sharp pain, numbness, dizziness, or joint pinching.","Setup | Adult in a split stance with the front heel supported on a low wedge and the rear foot behind, torso upright. | https://imagedelivery.net/TDuhqfLDl0Fb8RGwGw6mYw/6d9a5653-8e60-4f0f-5899-94deb23b1100/public ;; Controlled lower | Adult lowering into a heel-elevated split-stance squat with the front knee tracking over toes and the heel supported. | https://imagedelivery.net/TDuhqfLDl0Fb8RGwGw6mYw/73d408b0-9ace-4814-0250-89a534492f00/public ;; Bottom position | Adult in the bottom position of a heel-elevated split-stance squat with whole-foot pressure and knee tracking cued. | https://imagedelivery.net/TDuhqfLDl0Fb8RGwGw6mYw/20da2eb4-9764-4cc1-4360-c91cf928fe00/public"
Exercise,EX507,Lateral Box Squat to Chair,Lower Body Strength,"Quads, glutes, lateral hips",Beginner,Chair,Standing,Strength,Variant,Sit back toward a chair from a slightly wider stance while shifting one hip back.,https://www.acefitness.org/resources/everyone/exercise-library/; https://acsm.org/resistance-training-guidelines-update-2026/; https://acsm.org/education-resources/trending-topics-resources/physical-activity-guidelines/,1) Stand in front of a sturdy chair with feet about hip-to-shoulder width apart. 2) Sit back toward a chair from a slightly wider stance while shifting one hip back. 3) Reach your hips back and lower until you lightly touch or hover above the chair. 4) Press through the floor to stand tall without rocking forward for momentum.,"1) Keep knees tracking the same direction as your toes. 2) Use your whole foot instead of rolling onto toes or collapsing arches. 3) Use only a stable surface that will not slide, tip, or open unexpectedly. 4) Stop if you feel sharp pain, numbness, dizziness, or joint pinching.","Setup stance | Adult stands barefoot in front of a sturdy chair with a hip-to-shoulder-width stance, chest tall, and feet flat on a mat. | https://imagedelivery.net/TDuhqfLDl0Fb8RGwGw6mYw/38b75033-30f0-4f87-419b-5a8513e99500/public ;; Sit back to chair | Adult sits back toward a chair from a slightly wider stance, arms reaching forward, knees tracking over toes, and both feet planted. | https://imagedelivery.net/TDuhqfLDl0Fb8RGwGw6mYw/f2ca2ba8-1c3b-4625-d8ff-ad9bf29efa00/public ;; Stand tall | Adult returns to standing from the chair touch with chest tall, hips and knees extending, and whole-foot pressure on the mat. | https://imagedelivery.net/TDuhqfLDl0Fb8RGwGw6mYw/75016059-68cd-48af-c8eb-b49a6853e700/public"
Exercise,EX508,Chair-Assisted Cossack Squat,Lower Body Strength,"Adductors, quads, glutes",Intermediate,Chair,Standing,Strength,Variant,Hold a chair lightly while shifting into a side squat with the opposite leg long.,https://www.acefitness.org/resources/everyone/exercise-library/; https://acsm.org/resistance-training-guidelines-update-2026/; https://acsm.org/education-resources/trending-topics-resources/physical-activity-guidelines/,"1) Stand with feet about hip-to-shoulder width apart and brace lightly through your trunk. 2) Use a sturdy chair that will not slide, tip, or fold while you move. 3) Hold a chair lightly while shifting into a side squat with the opposite leg long. 4) Bend your hips and knees to lower under control while your heels stay grounded. 5) Press through your whole foot to stand tall and reset before the next rep.","1) Keep knees tracking the same direction as your toes. 2) Use your whole foot instead of rolling onto toes or collapsing arches. 3) Use only a stable surface that will not slide, tip, or open unexpectedly. 4) Stop if you feel sharp pain, numbness, dizziness, or joint pinching.","Chair setup | Adult standing behind a sturdy chair with light hand support, feet grounded, and chest tall before a chair-assisted Cossack squat. | https://imagedelivery.net/TDuhqfLDl0Fb8RGwGw6mYw/a96a5383-5aeb-41a2-469c-d8a9b9430d00/public ;; Side squat with opposite leg long | Adult lightly holding a chair while shifting into a side squat with one knee bent, the opposite leg long, and the heel grounded. | https://imagedelivery.net/TDuhqfLDl0Fb8RGwGw6mYw/87389ba2-9060-4ec6-86b8-ff5222386200/public ;; Opposite side squat | Adult lightly holding a chair while shifting into the opposite side squat with the other knee bent and the opposite leg long. | https://imagedelivery.net/TDuhqfLDl0Fb8RGwGw6mYw/2cf5439b-7745-43bb-0460-06c066d3b800/public ;; Stand tall reset | Adult returning to a tall standing reset behind the chair with both feet grounded and light hand support. | https://imagedelivery.net/TDuhqfLDl0Fb8RGwGw6mYw/a2e042c1-c660-40b8-48c6-20c04bcf5000/public"
Exercise,EX509,Step-Up to Reverse Lunge,Lower Body Strength,"Quads, glutes, balance",Intermediate,Low step,Standing,Strength,Variant,"Step up, step down, then move directly into a reverse lunge on the same side.",https://www.acefitness.org/resources/everyone/exercise-library/; https://acsm.org/resistance-training-guidelines-update-2026/; https://acsm.org/education-resources/trending-topics-resources/physical-activity-guidelines/,"1) Stand facing a low, stable step or stair. 2) Place one whole foot on the step and brace your trunk. 3) Step up, step down, then move directly into a reverse lunge on the same side. 4) Drive through the foot on the step to rise with control. 5) Step down softly and repeat on the same side or alternate sides.","1) Keep knees tracking the same direction as your toes. 2) Use your whole foot instead of rolling onto toes or collapsing arches. 3) Use only a stable surface that will not slide, tip, or open unexpectedly. 4) Stop if you feel sharp pain, numbness, dizziness, or joint pinching.","Setup on step | A single adult stands facing a low step with the working foot fully on top, trunk braced, and the other foot on the floor behind. | https://imagedelivery.net/TDuhqfLDl0Fb8RGwGw6mYw/003ae1ba-2c41-44a4-0744-42cdd4f18200/public ;; Step up | The adult drives up onto the low step with both feet on the step, knees tracking with the toes and chest tall. | https://imagedelivery.net/TDuhqfLDl0Fb8RGwGw6mYw/1dcb04d3-3294-4bb0-c071-0fbdab910300/public ;; Reverse lunge | The working foot stays planted on the step while the opposite leg reaches back into a reverse lunge, with the front knee tracking over the toes. | https://imagedelivery.net/TDuhqfLDl0Fb8RGwGw6mYw/b18aa5b4-21f6-4499-9c77-a26e633cb800/public ;; Drive to stand | The adult drives through the foot on the step to rise from the reverse lunge with control while the trailing leg returns. | https://imagedelivery.net/TDuhqfLDl0Fb8RGwGw6mYw/7a97a588-9f9e-47c9-dd93-85a4cb09b000/public"
Exercise,EX510,Step-Up to Curtsy Tap,Lower Body Strength,"Quads, glutes, lateral hips",Intermediate,Low step,Standing,Strength,Variant,Step up and lightly tap the trailing foot behind you in a curtsy pattern.,https://www.acefitness.org/resources/everyone/exercise-library/; https://acsm.org/resistance-training-guidelines-update-2026/; https://acsm.org/education-resources/trending-topics-resources/physical-activity-guidelines/,"1) Stand facing a low, stable step or stair. 2) Place one whole foot on the step and brace your trunk. 3) Step up and lightly tap the trailing foot behind you in a curtsy pattern. 4) Drive through the foot on the step to rise with control. 5) Step down softly and repeat on the same side or alternate sides.","1) Keep knees tracking the same direction as your toes. 2) Use your whole foot instead of rolling onto toes or collapsing arches. 3) Use only a stable surface that will not slide, tip, or open unexpectedly. 4) Stop if you feel sharp pain, numbness, dizziness, or joint pinching.","Setup on step | Adult faces a low stable step with one whole foot planted on top, trunk tall, and knees tracking with toes. | https://imagedelivery.net/TDuhqfLDl0Fb8RGwGw6mYw/8ec6778f-3f9a-406b-1e52-22f0d6395400/public ;; Curtsy tap | Adult stands on the low step and lightly taps the trailing foot behind in a curtsy pattern while keeping hips level. | https://imagedelivery.net/TDuhqfLDl0Fb8RGwGw6mYw/467c2ddb-a585-4fad-9787-b7f9d4036c00/public ;; Soft step-down reset | Adult has stepped back down to the floor behind the low step with a tall chest and controlled soft landing. | https://imagedelivery.net/TDuhqfLDl0Fb8RGwGw6mYw/9c310a1a-8b7c-4615-588e-56e6bd53a200/public"
Exercise,EX511,Low Step-Up Calf Raise,Lower Body Strength,"Quads, glutes, calves",Beginner,Low step,Standing,Strength,Common,Step up and finish by lifting the heel into a small calf raise.,https://www.acefitness.org/resources/everyone/exercise-library/; https://acsm.org/resistance-training-guidelines-update-2026/; https://acsm.org/education-resources/trending-topics-resources/physical-activity-guidelines/,"1) Stand facing a low, stable step or stair. 2) Place one whole foot on the step and brace your trunk. 3) Step up and finish by lifting the heel into a small calf raise. 4) Drive through the foot on the step to rise with control. 5) Step down softly and repeat on the same side or alternate sides.","1) Keep knees tracking the same direction as your toes. 2) Use your whole foot instead of rolling onto toes or collapsing arches. 3) Use only a stable surface that will not slide, tip, or open unexpectedly. 4) Stop if you feel sharp pain, numbness, dizziness, or joint pinching.","Setup on step | An adult faces a low step with one whole foot planted on the step, chest tall, and knee tracking over toes. | https://imagedelivery.net/TDuhqfLDl0Fb8RGwGw6mYw/ea494da6-4db9-49fe-e630-5c498f9b4d00/public ;; Controlled step-up | The adult drives through the foot on the low step as the trailing foot lifts, with the trunk braced and the working foot steady. | https://imagedelivery.net/TDuhqfLDl0Fb8RGwGw6mYw/6f39f9f4-86c5-4670-003d-6658cc525f00/public ;; Small calf raise | The adult stands on the low step and finishes with a small heel lift, with a control-down cue for the return. | https://imagedelivery.net/TDuhqfLDl0Fb8RGwGw6mYw/98c4c9a3-d02d-425b-d484-6faeae61a200/public"
Exercise,EX512,Slow Lateral Step-Down,Lower Body Strength,"Quads, glutes, knee control",Intermediate,Low step,Standing,Strength,Common,Stand sideways on a step and lower the free heel slowly toward the floor.,https://www.acefitness.org/resources/everyone/exercise-library/; https://acsm.org/resistance-training-guidelines-update-2026/; https://acsm.org/education-resources/trending-topics-resources/physical-activity-guidelines/,"1) Stand facing a low, stable step or stair. 2) Place one whole foot on the step and brace your trunk. 3) Stand sideways on a step and lower the free heel slowly toward the floor. 4) Drive through the foot on the step to rise with control. 5) Step down softly and repeat on the same side or alternate sides.","1) Keep knees tracking the same direction as your toes. 2) Use your whole foot instead of rolling onto toes or collapsing arches. 3) Use only a stable surface that will not slide, tip, or open unexpectedly. 4) Stop if you feel sharp pain, numbness, dizziness, or joint pinching.",Setup | Adult stands sideways on a low step with one whole foot planted on the step and the free foot hovering beside it. | https://imagedelivery.net/TDuhqfLDl0Fb8RGwGw6mYw/a1de4824-2d83-498c-4c67-ba41321daf00/public ;; Slow lower | Adult bends the stance knee and hip to lower the free heel slowly toward the floor while keeping the step foot planted. | https://imagedelivery.net/TDuhqfLDl0Fb8RGwGw6mYw/287aa486-da00-463c-028f-dfdd501a1000/public ;; Controlled rise | Adult drives through the foot on the step to return to tall standing with the free foot lifted and balance controlled. | https://imagedelivery.net/TDuhqfLDl0Fb8RGwGw6mYw/4843b70a-ffce-48e6-0bbc-aeff2c96d400/public
Exercise,EX513,Stair Eccentric Step-Down,Lower Body Strength,"Quads, glutes, knee control",Intermediate,Stair,Standing,Strength,Common,Lower from a stair slowly to train control through the front leg.,https://www.acefitness.org/resources/everyone/exercise-library/; https://acsm.org/resistance-training-guidelines-update-2026/; https://acsm.org/education-resources/trending-topics-resources/physical-activity-guidelines/,"1) Stand facing a low, stable step or stair. 2) Place one whole foot on the step and brace your trunk. 3) Lower from a stair slowly to train control through the front leg. 4) Drive through the foot on the step to rise with control. 5) Step down softly and repeat on the same side or alternate sides.","1) Keep knees tracking the same direction as your toes. 2) Use your whole foot instead of rolling onto toes or collapsing arches. 3) Use only a stable surface that will not slide, tip, or open unexpectedly. 4) Stop if you feel sharp pain, numbness, dizziness, or joint pinching.","Set stance | Adult stands tall with one whole foot planted on a low stair and the other foot hovering off the step, with labels for chest tall, whole foot, and stable step. | https://imagedelivery.net/TDuhqfLDl0Fb8RGwGw6mYw/6ce2aa0f-9fc2-464e-b5ae-11a6c8094400/public ;; Slow lower | Adult slowly lowers from a low stair with the stair foot planted, knee tracking over toes, hips back, and the free foot reaching toward the floor. | https://imagedelivery.net/TDuhqfLDl0Fb8RGwGw6mYw/440ec796-cdf8-4eb3-b000-0f057953ec00/public ;; Drive up | Adult drives through the foot on the stair to rise with control after a soft tap, with the same stair and side view. | https://imagedelivery.net/TDuhqfLDl0Fb8RGwGw6mYw/46958aae-5d1e-456f-d236-f8091b90f300/public"
Exercise,EX514,Doorway Assisted Squat,Lower Body Strength,"Quads, glutes, hips",Beginner,Doorframe,Standing,Strength,Common,Hold a sturdy doorframe lightly to help balance during a deeper squat.,https://www.acefitness.org/resources/everyone/exercise-library/; https://acsm.org/resistance-training-guidelines-update-2026/; https://acsm.org/education-resources/trending-topics-resources/physical-activity-guidelines/,1) Stand with feet about hip-to-shoulder width apart and brace lightly through your trunk. 2) Use a sturdy doorframe or doorway surface and avoid pulling on anything loose. 3) Hold a sturdy doorframe lightly to help balance during a deeper squat. 4) Bend your hips and knees to lower under control while your heels stay grounded. 5) Press through your whole foot to stand tall and reset before the next rep.,"1) Keep knees tracking the same direction as your toes. 2) Use your whole foot instead of rolling onto toes or collapsing arches. 3) Stop if you feel sharp pain, numbness, dizziness, or joint pinching.",Setup | Adult standing barefoot in a doorway with feet planted and a light hand hold on both sides of the doorframe. | https://imagedelivery.net/TDuhqfLDl0Fb8RGwGw6mYw/7c594194-27c3-4d85-17f7-7bf68af71200/public ;; Controlled descent | Adult lowering into a doorway assisted squat with light hand support and knees tracking over toes. | https://imagedelivery.net/TDuhqfLDl0Fb8RGwGw6mYw/a04ce6ad-4959-434f-f1b0-e20cf8ad5500/public ;; Press to stand | Adult pressing back toward standing from a doorway assisted squat with chest tall and feet grounded. | https://imagedelivery.net/TDuhqfLDl0Fb8RGwGw6mYw/e709f021-b31f-4d6a-fb96-f2f6dd143c00/public
Exercise,EX515,Banded Squat with Mini Band,Lower Body Strength,"Quads, glutes, lateral hips",Intermediate,Mini band,Standing,Strength,Common,Wear a mini band above the knees and keep outward tension as you squat.,https://www.acefitness.org/resources/everyone/exercise-library/; https://acsm.org/resistance-training-guidelines-update-2026/; https://acsm.org/education-resources/trending-topics-resources/physical-activity-guidelines/,"1) Stand with feet about hip-to-shoulder width apart and brace lightly through your trunk. 2) Loop or anchor the band securely, start with light tension, and keep the band path clear. 3) Wear a mini band above the knees and keep outward tension as you squat. 4) Bend your hips and knees to lower under control while your heels stay grounded. 5) Press through your whole foot to stand tall and reset before the next rep.","1) Keep knees tracking the same direction as your toes. 2) Use your whole foot instead of rolling onto toes or collapsing arches. 3) Use a light band first and make sure it is anchored or held securely before adding tension. 4) Stop if you feel sharp pain, numbness, dizziness, or joint pinching.","Setup stance | Adult standing on a mat with a mini band above the knees, feet hip-to-shoulder width apart, chest tall, and heels grounded. | https://imagedelivery.net/TDuhqfLDl0Fb8RGwGw6mYw/92a9f8f9-c5e2-4c09-4000-613bc4af5500/public ;; Controlled squat | Adult squatting with a mini band above the knees, hips back, knees tracking with the toes, and heels down on the mat. | https://imagedelivery.net/TDuhqfLDl0Fb8RGwGw6mYw/15de35fe-1d0b-4e90-d84d-985d8bdb1e00/public ;; Stand and reset | Adult standing tall after the squat with mini-band tension maintained above the knees and weight through the whole foot. | https://imagedelivery.net/TDuhqfLDl0Fb8RGwGw6mYw/bd82013f-a061-4b5f-cef0-b423f1b48300/public"
Exercise,EX516,Mini-Band Squat Pulse,Lower Body Strength,"Quads, glutes, lateral hips",Intermediate,Mini band,Standing,Strength,Variant,Hold a squat and make small controlled pulses while pressing knees gently outward.,https://www.acefitness.org/resources/everyone/exercise-library/; https://acsm.org/resistance-training-guidelines-update-2026/; https://acsm.org/education-resources/trending-topics-resources/physical-activity-guidelines/,"1) Stand with feet about hip-to-shoulder width apart and brace lightly through your trunk. 2) Loop or anchor the band securely, start with light tension, and keep the band path clear. 3) Hold a squat and make small controlled pulses while pressing knees gently outward. 4) Bend your hips and knees to lower under control while your heels stay grounded. 5) Press through your whole foot to stand tall and reset before the next rep.","1) Keep knees tracking the same direction as your toes. 2) Use your whole foot instead of rolling onto toes or collapsing arches. 3) Use a light band first and make sure it is anchored or held securely before adding tension. 4) Stop if you feel sharp pain, numbness, dizziness, or joint pinching.","Band setup | Instructional illustration of an adult standing on a mat with a mini band above the knees, feet planted hip-to-shoulder width, and trunk lightly braced. | https://imagedelivery.net/TDuhqfLDl0Fb8RGwGw6mYw/e3cc9b04-c57e-4acc-731d-e499b5f0a600/public ;; Squat hold | Instructional illustration of the same adult holding a squat with a mini band above the knees, hips back, chest tall, and knees tracking over toes. | https://imagedelivery.net/TDuhqfLDl0Fb8RGwGw6mYw/7633454a-91a1-4fa2-288a-5aaedb065f00/public ;; Pulse and press out | Instructional illustration of the same adult in a low mini-band squat making a small controlled pulse while pressing both knees gently outward and keeping heels grounded. | https://imagedelivery.net/TDuhqfLDl0Fb8RGwGw6mYw/afde6513-98e8-4323-3009-c818d4528700/public ;; Stand reset | Instructional illustration of the same adult standing tall after the squat pulse, feet grounded, mini band still above the knees, and band tension reset before the next rep. | https://imagedelivery.net/TDuhqfLDl0Fb8RGwGw6mYw/e958cd52-8f6b-4c2f-0b4c-924b1af64000/public"
Exercise,EX517,Mini-Band Squat to Side Step,Lower Body Strength,"Quads, glutes, lateral hips",Intermediate,Mini band,Standing,Strength,Variant,"Squat, stand, then step sideways while keeping light tension on the band.",https://www.acefitness.org/resources/everyone/exercise-library/; https://acsm.org/resistance-training-guidelines-update-2026/; https://acsm.org/education-resources/trending-topics-resources/physical-activity-guidelines/,"1) Stand with feet about hip-to-shoulder width apart and brace lightly through your trunk. 2) Loop or anchor the band securely, start with light tension, and keep the band path clear. 3) Squat, stand, then step sideways while keeping light tension on the band. 4) Bend your hips and knees to lower under control while your heels stay grounded. 5) Press through your whole foot to stand tall and reset before the next rep.","1) Keep knees tracking the same direction as your toes. 2) Use your whole foot instead of rolling onto toes or collapsing arches. 3) Use a light band first and make sure it is anchored or held securely before adding tension. 4) Stop if you feel sharp pain, numbness, dizziness, or joint pinching.","Setup stance | An adult stands on a mat with a mini band around the thighs, feet planted hip-to-shoulder width, with labels for chest tall, light tension, and feet planted. | https://imagedelivery.net/TDuhqfLDl0Fb8RGwGw6mYw/01fdfeae-c2f6-4873-9645-910acfe47200/public ;; Controlled squat | An adult lowers into a mini-band squat with hips back, knees tracking over toes, and heel down labels. | https://imagedelivery.net/TDuhqfLDl0Fb8RGwGw6mYw/44cfdb60-6edd-4dca-afc0-99d2c3075e00/public ;; Side step | An adult stands tall and steps sideways with a mini band taut around the thighs, with labels for step wide, band stays taut, and chest tall. | https://imagedelivery.net/TDuhqfLDl0Fb8RGwGw6mYw/8dd45f38-eae9-4dec-5933-8ff57ab52a00/public"
Exercise,EX518,Sit-to-Stand with Knee Drive,Lower Body Strength,"Quads, glutes, hip flexors",Beginner,Chair,Standing,Strength,Common,Stand from a chair and lift one knee before sitting back down with control.,https://www.acefitness.org/resources/everyone/exercise-library/; https://acsm.org/resistance-training-guidelines-update-2026/; https://acsm.org/education-resources/trending-topics-resources/physical-activity-guidelines/,1) Stand in front of a sturdy chair with feet about hip-to-shoulder width apart. 2) Stand from a chair and lift one knee before sitting back down with control. 3) Reach your hips back and lower until you lightly touch or hover above the chair. 4) Press through the floor to stand tall without rocking forward for momentum.,"1) Keep knees tracking the same direction as your toes. 2) Use your whole foot instead of rolling onto toes or collapsing arches. 3) Use only a stable surface that will not slide, tip, or open unexpectedly. 4) Stop if you feel sharp pain, numbness, dizziness, or joint pinching.","Seated setup | Adult seated tall on the front edge of a sturdy chair with both feet planted on a mat, preparing to stand. | https://imagedelivery.net/TDuhqfLDl0Fb8RGwGw6mYw/c8b69d14-fec6-4620-2b4c-cc5c86c22500/public ;; Knee drive | Adult standing tall in front of the chair with one knee lifted to hip height and the opposite foot planted. | https://imagedelivery.net/TDuhqfLDl0Fb8RGwGw6mYw/e2cf1110-19d9-4cdc-027c-bb3a96d9a700/public ;; Controlled sit back | Adult reaching the hips back and lowering with control toward a sturdy chair while both feet stay planted. | https://imagedelivery.net/TDuhqfLDl0Fb8RGwGw6mYw/0ecf0d06-1a32-4ee0-7fc7-8c398ca2bd00/public"
Exercise,EX519,Sit-to-Stand with Reach,Lower Body Strength,"Quads, glutes, shoulders",Beginner,Chair,Standing,Strength,Common,Stand from a chair while reaching arms forward or overhead to practice coordination.,https://www.acefitness.org/resources/everyone/exercise-library/; https://acsm.org/resistance-training-guidelines-update-2026/; https://acsm.org/education-resources/trending-topics-resources/physical-activity-guidelines/,1) Stand in front of a sturdy chair with feet about hip-to-shoulder width apart. 2) Stand from a chair while reaching arms forward or overhead to practice coordination. 3) Reach your hips back and lower until you lightly touch or hover above the chair. 4) Press through the floor to stand tall without rocking forward for momentum.,"1) Keep knees tracking the same direction as your toes. 2) Use your whole foot instead of rolling onto toes or collapsing arches. 3) Use only a stable surface that will not slide, tip, or open unexpectedly. 4) Stop if you feel sharp pain, numbness, dizziness, or joint pinching.","Chair setup | Adult seated near the front edge of a sturdy chair with bare feet planted, arms reaching forward, and chest upright. | https://imagedelivery.net/TDuhqfLDl0Fb8RGwGw6mYw/66451862-0c0c-4aa1-e1a6-a9bc5331e000/public ;; Stand and reach | Adult standing tall in front of a sturdy chair with both feet planted and arms reaching overhead. | https://imagedelivery.net/TDuhqfLDl0Fb8RGwGw6mYw/189e3d1e-d0fa-44b9-edbd-68878a2caa00/public ;; Controlled lower | Adult lowering hips back toward a sturdy chair with arms reaching forward, knees tracking over toes, and feet planted. | https://imagedelivery.net/TDuhqfLDl0Fb8RGwGw6mYw/901c1b1d-42fa-4215-4929-4ed780864400/public"
Exercise,EX520,Sit-to-Stand Tempo Lower,Lower Body Strength,"Quads, glutes",Beginner,Chair,Standing,Strength,Common,"Stand normally, then take several seconds to lower back to the chair.",https://www.acefitness.org/resources/everyone/exercise-library/; https://acsm.org/resistance-training-guidelines-update-2026/; https://acsm.org/education-resources/trending-topics-resources/physical-activity-guidelines/,"1) Stand in front of a sturdy chair with feet about hip-to-shoulder width apart. 2) Stand normally, then take several seconds to lower back to the chair. 3) Reach your hips back and lower until you lightly touch or hover above the chair. 4) Press through the floor to stand tall without rocking forward for momentum.","1) Keep knees tracking the same direction as your toes. 2) Use your whole foot instead of rolling onto toes or collapsing arches. 3) Use only a stable surface that will not slide, tip, or open unexpectedly. 4) Stop if you feel sharp pain, numbness, dizziness, or joint pinching.","Setup stance | Adult stands tall in front of a sturdy chair with feet planted and chest upright. | https://imagedelivery.net/TDuhqfLDl0Fb8RGwGw6mYw/32112f5a-22c7-421c-fbbd-a8892c04d400/public ;; Slow lower | Adult lowers hips back toward the chair with knees tracking over toes and whole feet planted. | https://imagedelivery.net/TDuhqfLDl0Fb8RGwGw6mYw/55a6b455-8ce9-475e-92b9-4a8dfe15b800/public ;; Stand tall | Adult stands tall after pressing through the floor, with a cue to avoid rocking forward. | https://imagedelivery.net/TDuhqfLDl0Fb8RGwGw6mYw/c74ed155-85b4-4a8a-9948-c02ea30c4d00/public"
Exercise,EX521,Wall Sit Heel Lift,Lower Body Strength,"Quads, calves",Intermediate,Wall,Standing,Strength,Variant,Hold a wall sit and lift both heels or alternate heels without changing hip height.,https://www.acefitness.org/resources/everyone/exercise-library/; https://acsm.org/resistance-training-guidelines-update-2026/; https://acsm.org/education-resources/trending-topics-resources/physical-activity-guidelines/,"1) Stand with your back against a wall and feet a comfortable step forward. 2) Slide down until your knees and hips are bent to a manageable angle. 3) Hold a wall sit and lift both heels or alternate heels without changing hip height. 4) Hold or move as prescribed, then press through your feet and slide back up the wall.","1) Keep knees tracking the same direction as your toes. 2) Use your whole foot instead of rolling onto toes or collapsing arches. 3) Stand close enough to control the movement without jamming your wrists, shoulders, or back. 4) Stop if you feel sharp pain, numbness, dizziness, or joint pinching.","Wall setup | Side-view illustration of a person standing with their back against a wall and feet stepped forward before sliding into a wall sit. | https://imagedelivery.net/TDuhqfLDl0Fb8RGwGw6mYw/57506f5e-67b5-4600-3e79-9e001ab8c900/public ;; Wall sit hold | Side-view illustration of a person holding a wall sit with back against the wall, knees tracking forward, and both feet flat. | https://imagedelivery.net/TDuhqfLDl0Fb8RGwGw6mYw/7f44ee6f-556b-4bc5-4625-654e65e8f800/public ;; Heel lift | Side-view illustration of a person maintaining the same wall-sit hip height while lifting the heels with the balls of the feet planted. | https://imagedelivery.net/TDuhqfLDl0Fb8RGwGw6mYw/d6f5feba-a034-4a84-aa88-5e37ecfd5600/public"
Exercise,EX522,Wall Sit Toe Lift,Lower Body Strength,"Quads, shins",Intermediate,Wall,Standing,Strength,Variant,Hold a wall sit and lift the toes to train shin control.,https://www.acefitness.org/resources/everyone/exercise-library/; https://acsm.org/resistance-training-guidelines-update-2026/; https://acsm.org/education-resources/trending-topics-resources/physical-activity-guidelines/,"1) Stand with your back against a wall and feet a comfortable step forward. 2) Slide down until your knees and hips are bent to a manageable angle. 3) Hold a wall sit and lift the toes to train shin control. 4) Hold or move as prescribed, then press through your feet and slide back up the wall.","1) Keep knees tracking the same direction as your toes. 2) Use your whole foot instead of rolling onto toes or collapsing arches. 3) Stand close enough to control the movement without jamming your wrists, shoulders, or back. 4) Stop if you feel sharp pain, numbness, dizziness, or joint pinching.","Setup | Side-view instructional image of an adult standing with their back against a wall, feet stepped forward, and labels for back-to-wall contact and foot position. | https://imagedelivery.net/TDuhqfLDl0Fb8RGwGw6mYw/a58fbcf0-01b2-44e2-20c3-955c0245eb00/public ;; Toe lift hold | Side-view instructional image of an adult holding a wall sit with heels grounded and toes lifted, with labels for toe lift, heels down, and knee tracking. | https://imagedelivery.net/TDuhqfLDl0Fb8RGwGw6mYw/45a75fe7-29a7-4d7d-8029-e11171a68d00/public ;; Press up | Side-view instructional image of an adult in a wall sit with feet flat, preparing to press up while maintaining knee tracking and whole-foot contact. | https://imagedelivery.net/TDuhqfLDl0Fb8RGwGw6mYw/59e9edb6-e05c-4a43-ad33-9c4dc59c7c00/public"
Exercise,EX523,Wall Sit Alternating Knee Extension,Lower Body Strength,"Quads, hip flexors",Intermediate,Wall,Standing,Strength,Variant,Hold a wall sit and straighten one knee at a time without shifting your hips.,https://www.acefitness.org/resources/everyone/exercise-library/; https://acsm.org/resistance-training-guidelines-update-2026/; https://acsm.org/education-resources/trending-topics-resources/physical-activity-guidelines/,"1) Stand with your back against a wall and feet a comfortable step forward. 2) Slide down until your knees and hips are bent to a manageable angle. 3) Hold a wall sit and straighten one knee at a time without shifting your hips. 4) Hold or move as prescribed, then press through your feet and slide back up the wall.","1) Keep knees tracking the same direction as your toes. 2) Use your whole foot instead of rolling onto toes or collapsing arches. 3) Stand close enough to control the movement without jamming your wrists, shoulders, or back. 4) Stop if you feel sharp pain, numbness, dizziness, or joint pinching.","Wall sit setup | Instructional illustration of an adult holding a wall sit with back on a wall, knees bent, and both feet planted. | https://imagedelivery.net/TDuhqfLDl0Fb8RGwGw6mYw/ac3b1b47-adbd-4f0e-08f9-02031c7eeb00/public ;; First knee extension | Instructional illustration of an adult holding a wall sit while straightening the front leg forward and keeping the other foot flat. | https://imagedelivery.net/TDuhqfLDl0Fb8RGwGw6mYw/e22bd254-5db3-4d32-6256-e6080ff31000/public ;; Controlled reset | Instructional illustration of an adult returning to a centered wall sit with both knees bent and whole feet grounded. | https://imagedelivery.net/TDuhqfLDl0Fb8RGwGw6mYw/ea507f69-d5b7-4601-e15e-b72003c04d00/public ;; Opposite knee extension | Instructional illustration of an adult holding a wall sit while straightening the opposite leg forward with hips level and the support foot planted. | https://imagedelivery.net/TDuhqfLDl0Fb8RGwGw6mYw/01e93d74-2cf7-4b32-c65d-9eac8069fd00/public"
Exercise,EX524,Split Squat Front-Foot Elevated,Lower Body Strength,"Quads, glutes, hip flexors",Intermediate,Book or low step,Standing,Strength,Variant,Place the front foot on a low elevation and perform a controlled split squat.,https://www.acefitness.org/resources/everyone/exercise-library/; https://acsm.org/resistance-training-guidelines-update-2026/; https://acsm.org/education-resources/trending-topics-resources/physical-activity-guidelines/,"1) Stand tall with feet hip-width apart and brace gently. 2) Use a low, stable step or stair and keep the whole working foot supported. 3) Place the front foot on a low elevation and perform a controlled split squat. 4) Lower by bending both knees while keeping the front heel grounded. 5) Press through the front foot to return to the start position, then repeat or switch sides.","1) Keep knees tracking the same direction as your toes. 2) Use your whole foot instead of rolling onto toes or collapsing arches. 3) Use only a stable surface that will not slide, tip, or open unexpectedly. 4) Stop if you feel sharp pain, numbness, dizziness, or joint pinching.","Setup stance | Person stands in a split stance with the front foot fully supported on a low step, chest tall, and rear foot behind on the floor. | https://imagedelivery.net/TDuhqfLDl0Fb8RGwGw6mYw/cc48e12a-f906-4ca7-0442-062a50b34800/public ;; Controlled lower | Person lowers into a front-foot-elevated split squat with the front heel down, knee tracking over the toes, and a cue to press through the front foot to return. | https://imagedelivery.net/TDuhqfLDl0Fb8RGwGw6mYw/9df75c2c-cc70-460b-efbc-0ebd3b230200/public"
Exercise,EX525,Reverse Lunge with Front Foot Elevated,Lower Body Strength,"Quads, glutes, hip flexors",Intermediate,Low step,Standing,Strength,Variant,Stand on a low step and reach the free foot back into a deeper reverse lunge.,https://www.acefitness.org/resources/everyone/exercise-library/; https://acsm.org/resistance-training-guidelines-update-2026/; https://acsm.org/education-resources/trending-topics-resources/physical-activity-guidelines/,"1) Stand tall with feet hip-width apart and brace gently. 2) Use a low, stable step or stair and keep the whole working foot supported. 3) Stand on a low step and reach the free foot back into a deeper reverse lunge. 4) Lower by bending both knees while keeping the front heel grounded. 5) Press through the front foot to return to the start position, then repeat or switch sides.","1) Keep knees tracking the same direction as your toes. 2) Use your whole foot instead of rolling onto toes or collapsing arches. 3) Use only a stable surface that will not slide, tip, or open unexpectedly. 4) Stop if you feel sharp pain, numbness, dizziness, or joint pinching.","Elevated setup | Adult stands tall on a low exercise step with both feet supported, showing the start position for a front-foot-elevated reverse lunge. | https://imagedelivery.net/TDuhqfLDl0Fb8RGwGw6mYw/428f345a-01fb-473e-b8b7-3715ce823b00/public ;; Reach back and lower | Adult keeps the front foot on the low step while reaching the other leg back and lowering into a controlled reverse lunge. | https://imagedelivery.net/TDuhqfLDl0Fb8RGwGw6mYw/d446770c-695a-4582-a1ee-b107684c8700/public ;; Press to return | Adult presses through the elevated front foot to rise from the reverse lunge while keeping the chest tall. | https://imagedelivery.net/TDuhqfLDl0Fb8RGwGw6mYw/c97b2169-3245-4550-c83b-6ca2e938c800/public"
Exercise,EX526,Alternating Drop Step Lunge,Lower Body Strength,"Glutes, quads, rotation control",Intermediate,None,Standing,Strength,Variant,Step diagonally backward and slightly across to train a rotational lunge pattern.,https://www.acefitness.org/resources/everyone/exercise-library/; https://acsm.org/resistance-training-guidelines-update-2026/; https://acsm.org/education-resources/trending-topics-resources/physical-activity-guidelines/,"1) Stand tall with feet hip-width apart and brace gently. 2) Start with enough open floor space to move comfortably. 3) Step diagonally backward and slightly across to train a rotational lunge pattern. 4) Lower by bending both knees while keeping the front heel grounded. 5) Press through the front foot to return to the start position, then repeat or switch sides.","1) Keep knees tracking the same direction as your toes. 2) Use your whole foot instead of rolling onto toes or collapsing arches. 3) Stop if you feel sharp pain, numbness, dizziness, or joint pinching.","Setup stance | An adult stands tall on a mat with feet hip-width apart, gently braced, ready to begin an alternating drop step lunge. | https://imagedelivery.net/TDuhqfLDl0Fb8RGwGw6mYw/333b4f3c-a7c4-417c-c551-ce4ae7df4600/public ;; First drop step | An adult lowers into a diagonal back-and-across drop step lunge with the front heel grounded and the knee tracking over the toes. | https://imagedelivery.net/TDuhqfLDl0Fb8RGwGw6mYw/c31050b4-b73d-4228-0a7e-0b677b8a3200/public ;; Reset and switch | An adult returns to a tall stance with footpath arrows showing the alternating diagonal back-and-across step pattern. | https://imagedelivery.net/TDuhqfLDl0Fb8RGwGw6mYw/26513e1b-7e5a-437b-f791-5aedd9b26400/public ;; Opposite drop step | An adult performs the drop step lunge on the opposite side with the rear foot crossing behind and the front heel grounded. | https://imagedelivery.net/TDuhqfLDl0Fb8RGwGw6mYw/1a47439c-4edf-4d3d-7757-ac915338b400/public"
Exercise,EX527,Diagonal Reverse Lunge,Lower Body Strength,"Glutes, quads, lateral hips",Intermediate,None,Standing,Strength,Variant,"Step back on a diagonal instead of straight behind you, then return to standing.",https://www.acefitness.org/resources/everyone/exercise-library/; https://acsm.org/resistance-training-guidelines-update-2026/; https://acsm.org/education-resources/trending-topics-resources/physical-activity-guidelines/,"1) Stand tall with feet hip-width apart and brace gently. 2) Start with enough open floor space to move comfortably. 3) Step back on a diagonal instead of straight behind you, then return to standing. 4) Lower by bending both knees while keeping the front heel grounded. 5) Press through the front foot to return to the start position, then repeat or switch sides.","1) Keep knees tracking the same direction as your toes. 2) Use your whole foot instead of rolling onto toes or collapsing arches. 3) Stop if you feel sharp pain, numbness, dizziness, or joint pinching.","Tall setup | Adult standing tall on a mat with feet hip-width apart, chest lifted, and open floor space for a diagonal reverse lunge. | https://imagedelivery.net/TDuhqfLDl0Fb8RGwGw6mYw/bc895222-153f-40df-e4f2-123df54b3d00/public ;; Diagonal step | Adult stepping one foot backward and diagonally out from a tall stance while keeping the front heel grounded. | https://imagedelivery.net/TDuhqfLDl0Fb8RGwGw6mYw/f73af0a5-28e1-4d6b-6b83-53654d4ae200/public ;; Bottom position | Adult in the bottom position of a diagonal reverse lunge with front heel down, tall torso, and the front knee tracking over the toes. | https://imagedelivery.net/TDuhqfLDl0Fb8RGwGw6mYw/7244e53a-a3df-45c5-ca66-4215cc466500/public ;; Switch sides | Adult stepping the opposite foot backward and diagonally out to switch sides while the front heel stays grounded. | https://imagedelivery.net/TDuhqfLDl0Fb8RGwGw6mYw/78939cd7-f586-4d8c-f80e-628bc39f8500/public"
Exercise,EX528,Lateral Lunge to Curtsy Lunge,Lower Body Strength,"Quads, glutes, adductors",Intermediate,None,Standing,Strength,Variant,Move from a side lunge directly into a curtsy lunge on the same side.,https://www.acefitness.org/resources/everyone/exercise-library/; https://acsm.org/resistance-training-guidelines-update-2026/; https://acsm.org/education-resources/trending-topics-resources/physical-activity-guidelines/,"1) Stand tall with feet hip-width apart and brace gently. 2) Start with enough open floor space to move comfortably. 3) Move from a side lunge directly into a curtsy lunge on the same side. 4) Lower by bending both knees while keeping the front heel grounded. 5) Press through the front foot to return to the start position, then repeat or switch sides.","1) Keep knees tracking the same direction as your toes. 2) Use your whole foot instead of rolling onto toes or collapsing arches. 3) Stop if you feel sharp pain, numbness, dizziness, or joint pinching.","Setup | Adult stands barefoot on a mat with feet hip-width and chest tall before a lateral lunge to curtsy lunge sequence. | https://imagedelivery.net/TDuhqfLDl0Fb8RGwGw6mYw/506b721b-14a2-4575-01b2-ecb78fe6f200/public ;; Lateral lunge | Adult shifts into a lateral lunge with one knee bent, opposite leg long, hips back, and feet grounded. | https://imagedelivery.net/TDuhqfLDl0Fb8RGwGw6mYw/7e6dff0e-10f1-45f7-346f-de40b2a89100/public ;; Curtsy lunge | Adult crosses the moving leg behind into a curtsy lunge, keeping the chest tall and the front heel grounded. | https://imagedelivery.net/TDuhqfLDl0Fb8RGwGw6mYw/f3546d79-9aad-4664-8298-f258790a2b00/public ;; Return to stand | Adult returns to standing with feet under hips after pressing through the front foot. | https://imagedelivery.net/TDuhqfLDl0Fb8RGwGw6mYw/230120b9-0356-49ef-060d-3696463b4900/public"
Exercise,EX529,Squat to Alternating Front Kick,Lower Body Strength,"Quads, glutes, hip flexors",Intermediate,None,Standing,Strength,Common,"Perform a squat, then stand and kick one leg forward at a controlled height.",https://www.acefitness.org/resources/everyone/exercise-library/; https://acsm.org/resistance-training-guidelines-update-2026/; https://acsm.org/education-resources/trending-topics-resources/physical-activity-guidelines/,"1) Stand with feet about hip-to-shoulder width apart and brace lightly through your trunk. 2) Start with enough open floor space to move comfortably. 3) Perform a squat, then stand and kick one leg forward at a controlled height. 4) Bend your hips and knees to lower under control while your heels stay grounded. 5) Press through your whole foot to stand tall and reset before the next rep.","1) Keep knees tracking the same direction as your toes. 2) Use your whole foot instead of rolling onto toes or collapsing arches. 3) Stop if you feel sharp pain, numbness, dizziness, or joint pinching.","Setup stance | Instructional illustration of an adult standing tall with feet hip-to-shoulder width apart, feet grounded, chest tall, and trunk lightly braced. | https://imagedelivery.net/TDuhqfLDl0Fb8RGwGw6mYw/01ed9831-4be2-4160-9456-3dfb14b36c00/public ;; Squat phase | Instructional illustration of the adult lowering into a squat with hips back, knees tracking over toes, and heels grounded. | https://imagedelivery.net/TDuhqfLDl0Fb8RGwGw6mYw/921430a9-b3bf-4f66-2c95-01bfe29f3300/public ;; Right front kick | Instructional illustration of the adult standing after the squat while the subject's right leg kicks forward at a controlled height and the left foot stays planted. | https://imagedelivery.net/TDuhqfLDl0Fb8RGwGw6mYw/08e45c01-d971-4b5b-e2c6-1024ec337b00/public ;; Left front kick | Instructional illustration of the adult standing after the squat while the subject's left leg kicks forward at a controlled height and the right foot stays planted. | https://imagedelivery.net/TDuhqfLDl0Fb8RGwGw6mYw/ab539048-68ce-4b19-b154-046cbf6af900/public"
Exercise,EX530,Squat to Alternating Back Kick,Lower Body Strength,"Quads, glutes, hamstrings",Intermediate,None,Standing,Strength,Common,"Perform a squat, then stand and extend one leg backward with the glute.",https://www.acefitness.org/resources/everyone/exercise-library/; https://acsm.org/resistance-training-guidelines-update-2026/; https://acsm.org/education-resources/trending-topics-resources/physical-activity-guidelines/,"1) Stand with feet about hip-to-shoulder width apart and brace lightly through your trunk. 2) Start with enough open floor space to move comfortably. 3) Perform a squat, then stand and extend one leg backward with the glute. 4) Bend your hips and knees to lower under control while your heels stay grounded. 5) Press through your whole foot to stand tall and reset before the next rep.","1) Keep knees tracking the same direction as your toes. 2) Use your whole foot instead of rolling onto toes or collapsing arches. 3) Stop if you feel sharp pain, numbness, dizziness, or joint pinching.","Setup stance | Adult stands barefoot on a mat with feet hip-to-shoulder width, chest tall, and feet planted before starting the squat. | https://imagedelivery.net/TDuhqfLDl0Fb8RGwGw6mYw/c65d7a0c-2c5e-40ae-97a3-8400503b4400/public ;; Squat phase | Adult lowers into a controlled squat with hips back, knees tracking toes, and heels grounded. | https://imagedelivery.net/TDuhqfLDl0Fb8RGwGw6mYw/aad51c3e-55f2-4ab8-ffcc-c2f417f96d00/public ;; Back kick first side | Adult stands tall on one planted foot and reaches the right leg backward with hips level after the squat. | https://imagedelivery.net/TDuhqfLDl0Fb8RGwGw6mYw/958f48ae-c3f7-4e17-8543-f28149b9ad00/public ;; Back kick alternate side | Adult stands tall on the opposite planted foot and reaches the left leg backward with hips level to show the alternating kick. | https://imagedelivery.net/TDuhqfLDl0Fb8RGwGw6mYw/3bf7efb5-e867-4cfb-d42c-e16db499b600/public"
Exercise,EX531,Squat to Cross-Body Knee Drive,Lower Body Strength,"Quads, glutes, obliques",Intermediate,None,Standing,Strength,Variant,"Squat, then drive one knee across the body as you stand.",https://www.acefitness.org/resources/everyone/exercise-library/; https://acsm.org/resistance-training-guidelines-update-2026/; https://acsm.org/education-resources/trending-topics-resources/physical-activity-guidelines/,"1) Stand with feet about hip-to-shoulder width apart and brace lightly through your trunk. 2) Start with enough open floor space to move comfortably. 3) Squat, then drive one knee across the body as you stand. 4) Bend your hips and knees to lower under control while your heels stay grounded. 5) Press through your whole foot to stand tall and reset before the next rep.","1) Keep knees tracking the same direction as your toes. 2) Use your whole foot instead of rolling onto toes or collapsing arches. 3) Stop if you feel sharp pain, numbness, dizziness, or joint pinching.","Setup stance | Person standing tall on a mat with feet set hip-to-shoulder width, annotated with chest tall, brace lightly, and feet set cues. | https://imagedelivery.net/TDuhqfLDl0Fb8RGwGw6mYw/6c6cf263-fef2-4f4d-b02b-3aa8ded97a00/public ;; Controlled squat | Person lowering into a squat with feet planted, annotated with hips back, knee tracks, and heels down cues. | https://imagedelivery.net/TDuhqfLDl0Fb8RGwGw6mYw/a1194459-b1b5-4fca-d702-4d5ce1db8200/public ;; Cross-body drive side A | Person standing from the squat with one knee driven diagonally across the body while the opposite foot stays planted, annotated with drive across, stand tall, and foot planted cues. | https://imagedelivery.net/TDuhqfLDl0Fb8RGwGw6mYw/32b8cfed-1697-4ca4-7e48-9b301a4d3f00/public ;; Cross-body drive side B | Person repeating the cross-body knee drive on the other side while the opposite foot stays planted, annotated with drive across, stand tall, and foot planted cues. | https://imagedelivery.net/TDuhqfLDl0Fb8RGwGw6mYw/655ffbec-c617-45f9-b16d-686535b9b400/public"
Exercise,EX532,Low Squat Lateral Shuffle,Lower Body Strength,"Quads, glutes, conditioning",Intermediate,None,Standing,Strength,Common,Stay in a shallow squat while taking quick side steps left and right.,https://www.acefitness.org/resources/everyone/exercise-library/; https://acsm.org/resistance-training-guidelines-update-2026/; https://acsm.org/education-resources/trending-topics-resources/physical-activity-guidelines/,1) Stand with feet about hip-to-shoulder width apart and brace lightly through your trunk. 2) Start with enough open floor space to move comfortably. 3) Stay in a shallow squat while taking quick side steps left and right. 4) Bend your hips and knees to lower under control while your heels stay grounded. 5) Press through your whole foot to stand tall and reset before the next rep.,"1) Keep knees tracking the same direction as your toes. 2) Use your whole foot instead of rolling onto toes or collapsing arches. 3) Stop if you feel sharp pain, numbness, dizziness, or joint pinching.","Setup stance | Adult in a shallow squat setup with hips back, trunk braced, and heels grounded on a mat. | https://imagedelivery.net/TDuhqfLDl0Fb8RGwGw6mYw/a349dae6-3f2a-43d8-7a75-c45da86c8100/public ;; Low shuffle | Adult staying low in a shallow squat while taking quick lateral side steps with knees tracking over toes. | https://imagedelivery.net/TDuhqfLDl0Fb8RGwGw6mYw/b19373b5-2384-46e0-694e-1447d00f9a00/public ;; Stand tall reset | Adult standing tall after the lateral shuffle with feet grounded and posture reset. | https://imagedelivery.net/TDuhqfLDl0Fb8RGwGw6mYw/6ea41650-95c9-47e9-7b44-67b965ebf700/public"
Exercise,EX533,Frog Squat Stand,Lower Body Strength,"Adductors, hamstrings, quads",Intermediate,None,Standing,Strength,Variant,"Hold the toes, squat down, then lift hips into a hamstring-loaded position.",https://www.acefitness.org/resources/everyone/exercise-library/; https://acsm.org/resistance-training-guidelines-update-2026/; https://acsm.org/education-resources/trending-topics-resources/physical-activity-guidelines/,"1) Stand with feet about hip-to-shoulder width apart and brace lightly through your trunk. 2) Start with enough open floor space to move comfortably. 3) Hold the toes, squat down, then lift hips into a hamstring-loaded position. 4) Bend your hips and knees to lower under control while your heels stay grounded. 5) Press through your whole foot to stand tall and reset before the next rep.","1) Keep knees tracking the same direction as your toes. 2) Use your whole foot instead of rolling onto toes or collapsing arches. 3) Stop if you feel sharp pain, numbness, dizziness, or joint pinching.","Toe-hold setup | Adult in neutral athletic clothing hinges forward with feet planted and fingers holding the toes to set up the frog squat stand. | https://imagedelivery.net/TDuhqfLDl0Fb8RGwGw6mYw/b524dc47-eab4-47e9-8a08-0efa8e9f9000/public ;; Controlled squat | Adult lowers into a deep frog-style squat with chest tall, knees tracking over the toes, and heels grounded. | https://imagedelivery.net/TDuhqfLDl0Fb8RGwGw6mYw/36e9038b-7235-42ad-8e25-be999f3f0300/public ;; Hip-lift hamstring load | Adult keeps the toe hold while lifting the hips into a forward-fold position that loads the hamstrings with heels grounded. | https://imagedelivery.net/TDuhqfLDl0Fb8RGwGw6mYw/5e17b921-4750-4537-d6c5-0261cb6a9c00/public"
Exercise,EX534,Half-Kneeling Step-Through,Lower Body Strength,"Quads, glutes, hip flexors",Intermediate,None,Half-kneeling,Strength,Variant,Move from half-kneeling to standing by stepping the back leg through.,https://www.acefitness.org/resources/everyone/exercise-library/; https://acsm.org/resistance-training-guidelines-update-2026/; https://acsm.org/education-resources/trending-topics-resources/physical-activity-guidelines/,1) Start kneeling on a padded surface with your trunk tall. 2) Start with enough open floor space to move comfortably. 3) Move from half-kneeling to standing by stepping the back leg through. 4) Move one leg or both legs through the pattern slowly. 5) Return to the start with control and repeat on the other side when needed.,"1) Keep knees tracking the same direction as your toes. 2) Use your whole foot instead of rolling onto toes or collapsing arches. 3) Stop if you feel sharp pain, numbness, dizziness, or joint pinching.",Half-kneeling setup | Adult starts in a tall half-kneeling position on a mat with one knee down and the front foot planted. | https://imagedelivery.net/TDuhqfLDl0Fb8RGwGw6mYw/e1ac9644-d09a-41ae-d5b4-1ba6b25ae000/public ;; Step through | Adult steps the back leg through from half-kneeling while maintaining tall posture and whole-foot pressure. | https://imagedelivery.net/TDuhqfLDl0Fb8RGwGw6mYw/46839ae3-18d5-4a5d-33ae-8bd0ee62ea00/public ;; Stand and return | Adult finishes standing tall in a controlled split stance with a cue to return slowly. | https://imagedelivery.net/TDuhqfLDl0Fb8RGwGw6mYw/534044ea-516a-4fb4-12be-7eebc6674d00/public
Exercise,EX535,Kneeling Squat to Stand,Lower Body Strength,"Quads, glutes, hips",Intermediate,None,Kneeling,Strength,Variant,"Start tall-kneeling, step one foot forward, then stand and reverse the pattern.",https://www.acefitness.org/resources/everyone/exercise-library/; https://acsm.org/resistance-training-guidelines-update-2026/; https://acsm.org/education-resources/trending-topics-resources/physical-activity-guidelines/,"1) Start kneeling on a padded surface with your trunk tall. 2) Start with enough open floor space to move comfortably. 3) Start tall-kneeling, step one foot forward, then stand and reverse the pattern. 4) Move one leg or both legs through the pattern slowly. 5) Return to the start with control and repeat on the other side when needed.","1) Keep knees tracking the same direction as your toes. 2) Use your whole foot instead of rolling onto toes or collapsing arches. 3) Stop if you feel sharp pain, numbness, dizziness, or joint pinching.","Tall-kneeling setup | An instructional illustration of a barefoot adult kneeling tall on a mat with chest upright and hips stacked over knees. | https://imagedelivery.net/TDuhqfLDl0Fb8RGwGw6mYw/1283c159-3a85-4c72-700f-56f758ce4100/public ;; Step to half-kneel | The adult steps one foot forward into half kneeling with the whole front foot flat and knee tracking over the toes. | https://imagedelivery.net/TDuhqfLDl0Fb8RGwGw6mYw/384579ab-c682-4407-cf8a-6e6885440900/public ;; Stand tall | The adult stands upright on the mat after rising from the half-kneeling position, with feet grounded and knees soft. | https://imagedelivery.net/TDuhqfLDl0Fb8RGwGw6mYw/332d4568-d5ea-4d18-c7e0-1ab39a216b00/public ;; Reverse with control | The adult lowers one knee back toward the mat from a half-kneeling return position while keeping the front heel down. | https://imagedelivery.net/TDuhqfLDl0Fb8RGwGw6mYw/064d8197-8c93-401f-c395-2357a3c5fd00/public"
Exercise,EX536,Chair-Assisted Skater Squat,Lower Body Strength,"Quads, glutes, balance",Advanced,Chair,Standing,Strength,Variant,Use a chair for balance while lowering one knee behind you like a skater squat.,https://www.acefitness.org/resources/everyone/exercise-library/; https://acsm.org/resistance-training-guidelines-update-2026/; https://acsm.org/education-resources/trending-topics-resources/physical-activity-guidelines/,"1) Stand tall with feet hip-width apart and brace gently. 2) Use a sturdy chair that will not slide, tip, or fold while you move. 3) Use a chair for balance while lowering one knee behind you like a skater squat. 4) Lower by bending both knees while keeping the front heel grounded. 5) Press through the front foot to return to the start position, then repeat or switch sides.","1) Keep knees tracking the same direction as your toes. 2) Use your whole foot instead of rolling onto toes or collapsing arches. 3) Use only a stable surface that will not slide, tip, or open unexpectedly. 4) Stop if you feel sharp pain, numbness, dizziness, or joint pinching.","Setup stance | Adult stands barefoot on a mat beside a sturdy chair, lightly holding the chair for balance with chest tall and the whole foot grounded. | https://imagedelivery.net/TDuhqfLDl0Fb8RGwGw6mYw/7f3a9fbe-7902-4879-d2f4-8c76469c2300/public ;; Controlled lower | Adult lowers into a chair-assisted skater squat with the front heel down, front knee tracking toes, and rear knee lowering behind the body. | https://imagedelivery.net/TDuhqfLDl0Fb8RGwGw6mYw/01a52a91-a00a-4e26-c1fb-0be0ecff8000/public ;; Press to stand | Adult rises back toward standing from the planted front foot while lightly holding the chair, with the trailing leg lifted behind before switching sides. | https://imagedelivery.net/TDuhqfLDl0Fb8RGwGw6mYw/7549952a-2a72-47c2-8e2b-b8d8de2e0700/public"
Exercise,EX537,Sliding Reverse Lunge,Lower Body Strength,"Quads, glutes, adductors",Intermediate,Towel or slider,Standing,Strength,Common,Slide one foot backward into a reverse lunge while the front leg controls the motion.,https://www.acefitness.org/resources/everyone/exercise-library/; https://acsm.org/resistance-training-guidelines-update-2026/; https://acsm.org/education-resources/trending-topics-resources/physical-activity-guidelines/,1) Stand tall with one foot on a towel or slider and the other foot planted. 2) Keep most of your weight on the planted leg. 3) Slide one foot backward into a reverse lunge while the front leg controls the motion. 4) Slide the moving foot out or back while bending the planted knee. 5) Pull the slider back under you and stand tall before switching sides.,"1) Keep knees tracking the same direction as your toes. 2) Use your whole foot instead of rolling onto toes or collapsing arches. 3) Keep the towel loose enough to guide the stretch or tension without forcing the joint. 4) Stop if you feel sharp pain, numbness, dizziness, or joint pinching.",Setup stance | Standing setup for a sliding reverse lunge with one foot planted and the other foot light on a towel or slider. | https://imagedelivery.net/TDuhqfLDl0Fb8RGwGw6mYw/803ce2ab-8770-4c5a-d310-12a8d243d800/public ;; Slide back | The rear foot slides backward on a towel while the front leg bends and controls the reverse lunge. | https://imagedelivery.net/TDuhqfLDl0Fb8RGwGw6mYw/65372432-831d-4f89-14c3-c4f30c317300/public ;; Pull in and stand | The rear slider foot pulls forward under the body as the planted leg returns the person to standing. | https://imagedelivery.net/TDuhqfLDl0Fb8RGwGw6mYw/92e78405-24ee-4b5a-de59-fcbbd372a900/public
Exercise,EX538,Sliding Lateral Lunge,Lower Body Strength,"Quads, glutes, adductors",Intermediate,Towel or slider,Standing,Strength,Common,Slide one foot out to the side while sitting back into the planted leg.,https://www.acefitness.org/resources/everyone/exercise-library/; https://acsm.org/resistance-training-guidelines-update-2026/; https://acsm.org/education-resources/trending-topics-resources/physical-activity-guidelines/,1) Stand tall with one foot on a towel or slider and the other foot planted. 2) Keep most of your weight on the planted leg. 3) Slide one foot out to the side while sitting back into the planted leg. 4) Slide the moving foot out or back while bending the planted knee. 5) Pull the slider back under you and stand tall before switching sides.,"1) Keep knees tracking the same direction as your toes. 2) Use your whole foot instead of rolling onto toes or collapsing arches. 3) Keep the towel loose enough to guide the stretch or tension without forcing the joint. 4) Stop if you feel sharp pain, numbness, dizziness, or joint pinching.",Setup | Standing setup for a sliding lateral lunge with one foot planted and the other foot resting lightly on a towel or slider. | https://imagedelivery.net/TDuhqfLDl0Fb8RGwGw6mYw/36b4740c-5b8c-46b8-bc73-8f6e3edcee00/public ;; Slide out | The exerciser sits the hips back into the planted leg while the other foot slides out to the side on the towel. | https://imagedelivery.net/TDuhqfLDl0Fb8RGwGw6mYw/7bf04cca-8efc-4383-f85a-b701accfc300/public ;; Return | The exerciser stands tall again after pulling the slider foot back under the body before switching sides. | https://imagedelivery.net/TDuhqfLDl0Fb8RGwGw6mYw/393cf8a0-72c6-4271-e74e-77fcb6b99b00/public
Exercise,EX539,Sliding Curtsy Lunge,Lower Body Strength,"Quads, glutes, lateral hips",Intermediate,Towel or slider,Standing,Strength,Variant,Slide one foot diagonally behind the other into a curtsy lunge.,https://www.acefitness.org/resources/everyone/exercise-library/; https://acsm.org/resistance-training-guidelines-update-2026/; https://acsm.org/education-resources/trending-topics-resources/physical-activity-guidelines/,1) Stand tall with one foot on a towel or slider and the other foot planted. 2) Keep most of your weight on the planted leg. 3) Slide one foot diagonally behind the other into a curtsy lunge. 4) Slide the moving foot out or back while bending the planted knee. 5) Pull the slider back under you and stand tall before switching sides.,"1) Keep knees tracking the same direction as your toes. 2) Use your whole foot instead of rolling onto toes or collapsing arches. 3) Keep the towel loose enough to guide the stretch or tension without forcing the joint. 4) Stop if you feel sharp pain, numbness, dizziness, or joint pinching.","Setup | Adult stands tall on a mat with one foot planted and the other foot resting on a towel slider, with cues for tall posture and planted-foot weight. | https://imagedelivery.net/TDuhqfLDl0Fb8RGwGw6mYw/88545557-e8f9-4817-ea6b-8f7941867d00/public ;; Curtsy slide | Adult performs a sliding curtsy lunge with the slider foot crossed diagonally behind the planted leg, with cues for knee tracking and square hips. | https://imagedelivery.net/TDuhqfLDl0Fb8RGwGw6mYw/44e63db8-92be-48ad-e29f-5c7450053100/public ;; Return | Adult stands tall again after pulling the towel slider foot back under the body, with cues for standing tall and grounding the whole foot. | https://imagedelivery.net/TDuhqfLDl0Fb8RGwGw6mYw/32802a7f-0127-4588-c21f-62a2e11e4000/public"
Exercise,EX540,Hip Hinge Drill with Dowel,Glutes & Hips,"Glutes, hamstrings, spine control",Beginner,Broomstick or dowel,Standing,Strength,Common,Hold a dowel along your back to practice a clean hip hinge.,https://www.acefitness.org/resources/everyone/exercise-library/; https://acsm.org/resistance-training-guidelines-update-2026/; https://acsm.org/education-resources/trending-topics-resources/physical-activity-guidelines/,"1) Stand with feet about hip-width apart and knees softly bent. 2) Hold the dowel or broomstick lightly so it guides alignment without forcing range. 3) Hold a dowel along your back to practice a clean hip hinge. 4) Push your hips back as your torso tips forward with a long spine. 5) Stop when you feel tension through the glutes or hamstrings, then drive hips forward to stand tall.","1) Keep ribs and pelvis stacked so the low back does not take over. 2) Move from the hips and pause where you feel the glutes or hamstrings working. 3) Stop if you feel sharp pain, numbness, dizziness, or joint pinching.","Setup alignment | Side-view instructional illustration of a person standing tall with a dowel along the back, knees softly bent, and callouts for contact points, chest, and knees. | https://imagedelivery.net/TDuhqfLDl0Fb8RGwGw6mYw/aa3c7832-ce33-4486-a059-9969643a5400/public ;; Hip hinge endpoint | Side-view instructional illustration of a person hinging at the hips with a dowel along the spine, feet planted, and callouts for hips back, long spine, and mid-foot weight. | https://imagedelivery.net/TDuhqfLDl0Fb8RGwGw6mYw/7657a86b-1b62-4e12-0b54-10f343f68600/public ;; Return tall | Side-view instructional illustration of a person returning to tall standing with a dowel along the back and callouts for standing tall, stacked ribs, and driving the hips forward. | https://imagedelivery.net/TDuhqfLDl0Fb8RGwGw6mYw/8820f6e5-89e6-420a-1fb0-1b377ed99400/public"
Exercise,EX541,Wall Hip Hinge Tap,Glutes & Hips,"Glutes, hamstrings",Beginner,Wall,Standing,Strength,Common,Stand near a wall and push hips back until they lightly tap the wall.,https://www.acefitness.org/resources/everyone/exercise-library/; https://acsm.org/resistance-training-guidelines-update-2026/; https://acsm.org/education-resources/trending-topics-resources/physical-activity-guidelines/,"1) Stand with feet about hip-width apart and knees softly bent. 2) Use a clear wall for light support and keep your feet planted securely. 3) Stand near a wall and push hips back until they lightly tap the wall. 4) Push your hips back as your torso tips forward with a long spine. 5) Stop when you feel tension through the glutes or hamstrings, then drive hips forward to stand tall.","1) Keep ribs and pelvis stacked so the low back does not take over. 2) Move from the hips and pause where you feel the glutes or hamstrings working. 3) Stand close enough to control the movement without jamming your wrists, shoulders, or back. 4) Stop if you feel sharp pain, numbness, dizziness, or joint pinching.","Start tall | Adult stands barefoot on a mat a short distance from a wall, feet planted and torso tall before a wall hip hinge tap. | https://imagedelivery.net/TDuhqfLDl0Fb8RGwGw6mYw/d309996a-34f4-49fb-6b9a-2c83d0035a00/public ;; Hips back | Adult hinges from the hips with a long spine until the glutes lightly tap the wall, feet planted and knees softly bent. | https://imagedelivery.net/TDuhqfLDl0Fb8RGwGw6mYw/37f41bba-2172-444d-9ed5-369011d38e00/public"
Exercise,EX542,Single-Leg Backpack Romanian Deadlift,Glutes & Hips,"Hamstrings, glutes, balance",Advanced,Backpack,Standing,Strength,Variant,Hinge on one leg while holding a backpack and reaching the free leg behind you.,https://www.acefitness.org/resources/everyone/exercise-library/; https://acsm.org/resistance-training-guidelines-update-2026/; https://acsm.org/education-resources/trending-topics-resources/physical-activity-guidelines/,"1) Stand with feet about hip-width apart and knees softly bent. 2) Load the backpack lightly, close all zippers, and hold or wear it securely before the first rep. 3) Hinge on one leg while holding a backpack and reaching the free leg behind you. 4) Push your hips back as your torso tips forward with a long spine. 5) Stop when you feel tension through the glutes or hamstrings, then drive hips forward to stand tall.","1) Keep ribs and pelvis stacked so the low back does not take over. 2) Move from the hips and pause where you feel the glutes or hamstrings working. 3) Choose a light load first and make sure lids, straps, and zippers are secure. 4) Stop if you feel sharp pain, numbness, dizziness, or joint pinching.","Secure setup | Adult stands side-on on a mat with soft knees, holding a secured backpack in front before a single-leg backpack Romanian deadlift. | https://imagedelivery.net/TDuhqfLDl0Fb8RGwGw6mYw/bdc11d87-bd06-4c11-6dbb-c69e07969600/public ;; Single-leg hinge | Adult balances on one planted foot, hinges forward with a long spine, holds a backpack below the chest, and reaches the free leg behind. | https://imagedelivery.net/TDuhqfLDl0Fb8RGwGw6mYw/d474cc60-74fb-40e2-b77c-4b0b43448100/public ;; Stand tall reset | Adult returns to a tall balanced stance with ribs stacked over the pelvis and the backpack held close in front of the thighs. | https://imagedelivery.net/TDuhqfLDl0Fb8RGwGw6mYw/aab40be0-b1e4-48ef-41c7-7ea4d3595d00/public"
Exercise,EX543,Kickstand Romanian Deadlift,Glutes & Hips,"Hamstrings, glutes",Intermediate,None,Standing,Strength,Common,Place one foot slightly back as a kickstand and hinge mostly through the front leg.,https://www.acefitness.org/resources/everyone/exercise-library/; https://acsm.org/resistance-training-guidelines-update-2026/; https://acsm.org/education-resources/trending-topics-resources/physical-activity-guidelines/,"1) Stand with feet about hip-width apart and knees softly bent. 2) Start with enough open floor space to move comfortably. 3) Place one foot slightly back as a kickstand and hinge mostly through the front leg. 4) Push your hips back as your torso tips forward with a long spine. 5) Stop when you feel tension through the glutes or hamstrings, then drive hips forward to stand tall.","1) Keep ribs and pelvis stacked so the low back does not take over. 2) Move from the hips and pause where you feel the glutes or hamstrings working. 3) Stop if you feel sharp pain, numbness, dizziness, or joint pinching.","Kickstand setup | Side-profile instructional illustration of a person standing with the front foot planted, back toes lightly touching behind, and a soft front knee for a kickstand Romanian deadlift setup. | https://imagedelivery.net/TDuhqfLDl0Fb8RGwGw6mYw/7719b4df-f7da-4419-aace-060cf6100300/public ;; Hip hinge | Side-profile instructional illustration of the same person hinging at the hips with a long spine, front foot planted, and glutes and hamstrings highlighted. | https://imagedelivery.net/TDuhqfLDl0Fb8RGwGw6mYw/aaf5e9df-fc0b-4a29-50cd-8e356da5da00/public ;; Stand tall return | Side-profile instructional illustration of the same person returning to tall standing from the kickstand Romanian deadlift with hips driving through and ribs stacked. | https://imagedelivery.net/TDuhqfLDl0Fb8RGwGw6mYw/f438004d-46f2-4051-1f54-eb5fac81d700/public"
Exercise,EX544,Banded Good Morning,Glutes & Hips,"Glutes, hamstrings, trunk",Intermediate,Resistance band,Standing,Strength,Common,Loop a band under the feet and behind the shoulders while hinging forward and standing tall.,https://www.acefitness.org/resources/everyone/exercise-library/; https://acsm.org/resistance-training-guidelines-update-2026/; https://acsm.org/education-resources/trending-topics-resources/physical-activity-guidelines/,"1) Stand with feet about hip-width apart and knees softly bent. 2) Loop or anchor the band securely, start with light tension, and keep the band path clear. 3) Loop a band under the feet and behind the shoulders while hinging forward and standing tall. 4) Push your hips back as your torso tips forward with a long spine. 5) Stop when you feel tension through the glutes or hamstrings, then drive hips forward to stand tall.","1) Keep ribs and pelvis stacked so the low back does not take over. 2) Move from the hips and pause where you feel the glutes or hamstrings working. 3) Use a light band first and make sure it is anchored or held securely before adding tension. 4) Stop if you feel sharp pain, numbness, dizziness, or joint pinching.","Setup | Adult stands on a mat with a resistance band under both feet and behind the shoulders, hands holding the band near the shoulders. | https://imagedelivery.net/TDuhqfLDl0Fb8RGwGw6mYw/174f2174-c57c-4f10-325d-045bbb1d8700/public ;; Hip hinge | Adult hinges forward with hips back and a long spine while keeping the resistance band under both feet and behind the shoulders. | https://imagedelivery.net/TDuhqfLDl0Fb8RGwGw6mYw/3200b272-bb7f-43e1-3a4e-7fcc33e52500/public ;; Stand tall | Adult returns to a tall standing position with chest open, hips stacked, and band tension maintained. | https://imagedelivery.net/TDuhqfLDl0Fb8RGwGw6mYw/804163c6-64b3-459a-3fa3-273a67bf1000/public"
Exercise,EX545,Towel Slider Hamstring Curl,Glutes & Hips,"Hamstrings, glutes",Intermediate,Towels or sliders,Supine,Strength,Common,Bridge with heels on sliders and curl the heels toward your hips.,https://www.acefitness.org/resources/everyone/exercise-library/; https://acsm.org/resistance-training-guidelines-update-2026/; https://acsm.org/education-resources/trending-topics-resources/physical-activity-guidelines/,1) Lie on your back with heels on towels or sliders and knees bent. 2) Lift your hips into a comfortable bridge. 3) Bridge with heels on sliders and curl the heels toward your hips. 4) Slide the heels away from you while keeping hips lifted as much as you can control. 5) Pull the heels back in and lower your hips between reps if needed.,"1) Keep ribs and pelvis stacked so the low back does not take over. 2) Move from the hips and pause where you feel the glutes or hamstrings working. 3) Use a clear floor area and move slowly so the towel, slider, or foot placement stays under control. 4) Stop if you feel sharp pain, numbness, dizziness, or joint pinching.","Setup on sliders | Adult lies on their back on a mat with knees bent, heels resting on two towel sliders, and ribs stacked before a towel slider hamstring curl. | https://imagedelivery.net/TDuhqfLDl0Fb8RGwGw6mYw/9a7ca94b-4436-4d18-55cd-15e337c98a00/public ;; Bridge and curl in | Adult lifts into a controlled bridge and curls both heels inward on sliders while keeping ribs and pelvis stacked. | https://imagedelivery.net/TDuhqfLDl0Fb8RGwGw6mYw/e71b48a3-f51c-40b7-6b10-bd2973fd8c00/public ;; Slide away slowly | Adult keeps hips lifted while sliding both heels away on towel sliders with a slow controlled hamstring curl range. | https://imagedelivery.net/TDuhqfLDl0Fb8RGwGw6mYw/b622e745-c389-44c5-8c65-f79adbb10600/public"
Exercise,EX546,Single-Leg Towel Slider Hamstring Curl,Glutes & Hips,"Hamstrings, glutes",Advanced,Towel or slider,Supine,Strength,Variant,Perform the slider hamstring curl with one heel while the other leg stays lifted or lightly supported.,https://www.acefitness.org/resources/everyone/exercise-library/; https://acsm.org/resistance-training-guidelines-update-2026/; https://acsm.org/education-resources/trending-topics-resources/physical-activity-guidelines/,1) Lie on your back with heels on towels or sliders and knees bent. 2) Lift your hips into a comfortable bridge. 3) Perform the slider hamstring curl with one heel while the other leg stays lifted or lightly supported. 4) Slide the heels away from you while keeping hips lifted as much as you can control. 5) Pull the heels back in and lower your hips between reps if needed.,"1) Keep ribs and pelvis stacked so the low back does not take over. 2) Move from the hips and pause where you feel the glutes or hamstrings working. 3) Use a clear floor area and move slowly so the towel, slider, or foot placement stays under control. 4) Stop if you feel sharp pain, numbness, dizziness, or joint pinching.","Setup | Supine setup for a single-leg towel slider hamstring curl with both heels on towels, knees bent, hips down, and ribs stacked. | https://imagedelivery.net/TDuhqfLDl0Fb8RGwGw6mYw/0625adf2-a4da-4d94-c30f-ce4f94450300/public ;; Bridge and lift | The person lifts into a bridge with the working heel planted on a towel and the opposite leg lifted with the knee bent. | https://imagedelivery.net/TDuhqfLDl0Fb8RGwGw6mYw/1ad77ea6-0e9d-45dd-234d-86e45dcf9600/public ;; Slide away | The working heel slides away on the towel while the hips stay lifted and the opposite leg remains hovering. | https://imagedelivery.net/TDuhqfLDl0Fb8RGwGw6mYw/9b506d0f-1bc1-427a-aa53-48d9e441a900/public ;; Pull in | The working heel pulls back toward the hips on the towel while the bridge stays controlled and the opposite leg remains lifted. | https://imagedelivery.net/TDuhqfLDl0Fb8RGwGw6mYw/4f5e6216-6b1d-4724-59db-5a8027701400/public"
Exercise,EX547,Eccentric Towel Hamstring Curl,Glutes & Hips,"Hamstrings, glutes",Intermediate,Towels or sliders,Supine,Strength,Variant,"Slide the heels out slowly, lower the hips, then reset the heels before the next rep.",https://www.acefitness.org/resources/everyone/exercise-library/; https://acsm.org/resistance-training-guidelines-update-2026/; https://acsm.org/education-resources/trending-topics-resources/physical-activity-guidelines/,"1) Lie on your back with heels on towels or sliders and knees bent. 2) Lift your hips into a comfortable bridge. 3) Slide the heels out slowly, lower the hips, then reset the heels before the next rep. 4) Slide the heels away from you while keeping hips lifted as much as you can control. 5) Pull the heels back in and lower your hips between reps if needed.","1) Keep ribs and pelvis stacked so the low back does not take over. 2) Move from the hips and pause where you feel the glutes or hamstrings working. 3) Use a clear floor area and move slowly so the towel, slider, or foot placement stays under control. 4) Stop if you feel sharp pain, numbness, dizziness, or joint pinching.","Setup on sliders | Side-view illustration of an adult lying on their back with knees bent and both heels resting on towels or sliders. | https://imagedelivery.net/TDuhqfLDl0Fb8RGwGw6mYw/51511a70-8f7d-4776-86b4-cab3ffe05200/public ;; Lift into bridge | The same adult lifts their hips into a bridge with shoulders on the mat, knees bent, and heels under the knees on sliders. | https://imagedelivery.net/TDuhqfLDl0Fb8RGwGw6mYw/757abbca-f2fb-44d6-c093-1d2224f92900/public ;; Slow eccentric slide | The same adult keeps the hips lifted while both heels slide away slowly on towels, lengthening the hamstrings under control. | https://imagedelivery.net/TDuhqfLDl0Fb8RGwGw6mYw/e16435fd-cb43-4136-6e27-446994f67b00/public ;; Lower and reset | The same adult lowers the hips with control and resets both heels back under the knees before the next hamstring curl rep. | https://imagedelivery.net/TDuhqfLDl0Fb8RGwGw6mYw/b5e27dcf-1ca5-4085-38ea-d48d9142b300/public"
Exercise,EX548,Glute Bridge with Foot Walkout Hold,Glutes & Hips,"Glutes, hamstrings",Intermediate,None,Supine,Strength,Variant,"Lift into a bridge, walk feet slightly away, and hold before walking back.",https://www.acefitness.org/resources/everyone/exercise-library/; https://acsm.org/resistance-training-guidelines-update-2026/; https://acsm.org/education-resources/trending-topics-resources/physical-activity-guidelines/,"1) Lie on your back with knees bent and feet flat. 2) Start with enough open floor space to move comfortably. 3) Lift into a bridge, walk feet slightly away, and hold before walking back. 4) Press through your heels and lift your hips until your body forms a straight line from shoulders to knees. 5) Pause briefly, then lower with control.","1) Keep ribs and pelvis stacked so the low back does not take over. 2) Move from the hips and pause where you feel the glutes or hamstrings working. 3) Stop if you feel sharp pain, numbness, dizziness, or joint pinching.","Setup | Adult lying on their back on a mat with knees bent, feet flat, and callouts for ribs stacked, knees bent, and feet flat. | https://imagedelivery.net/TDuhqfLDl0Fb8RGwGw6mYw/b0c33e3a-a681-42eb-448d-60efdc224c00/public ;; Lift bridge | Adult holding a glute bridge with hips lifted, heels pressing into the mat, and a long line from shoulders through hips to knees. | https://imagedelivery.net/TDuhqfLDl0Fb8RGwGw6mYw/c10120e2-ad43-4960-df69-2ac9315bb900/public ;; Walkout hold | Adult holding a long bridge after walking both feet away, with hips lifted, heels down, and arrows showing the feet moving out. | https://imagedelivery.net/TDuhqfLDl0Fb8RGwGw6mYw/4c0fcb2a-bb41-4914-602f-0163dfa76f00/public ;; Walk back and lower | Adult returning from the bridge walkout with an arrow showing feet walking back and a downward cue to lower the hips slowly. | https://imagedelivery.net/TDuhqfLDl0Fb8RGwGw6mYw/e58f22d7-c42d-4175-6085-4720f0d27200/public"
Exercise,EX549,Bridge with Mini-Band Pulse,Glutes & Hips,"Glutes, lateral hips",Intermediate,Mini band,Supine,Strength,Variant,Hold a bridge while making small outward pulses against a mini band.,https://www.acefitness.org/resources/everyone/exercise-library/; https://acsm.org/resistance-training-guidelines-update-2026/; https://acsm.org/education-resources/trending-topics-resources/physical-activity-guidelines/,"1) Lie on your back with knees bent and feet flat. 2) Loop or anchor the band securely, start with light tension, and keep the band path clear. 3) Hold a bridge while making small outward pulses against a mini band. 4) Press through your heels and lift your hips until your body forms a straight line from shoulders to knees. 5) Pause briefly, then lower with control.","1) Keep ribs and pelvis stacked so the low back does not take over. 2) Move from the hips and pause where you feel the glutes or hamstrings working. 3) Use a light band first and make sure it is anchored or held securely before adding tension. 4) Stop if you feel sharp pain, numbness, dizziness, or joint pinching.","Band setup | Adult lies on their back on a mat with knees bent, feet flat, and a mini band looped above the knees with light tension. | https://imagedelivery.net/TDuhqfLDl0Fb8RGwGw6mYw/4b6fb578-5ac6-460a-e7f1-8c8ee83fdc00/public ;; Bridge hold | Adult holds a glute bridge with shoulders on the mat, hips lifted in a straight line toward the knees, heels planted, and the mini band above the knees. | https://imagedelivery.net/TDuhqfLDl0Fb8RGwGw6mYw/45e51a19-d304-44cb-b4bc-0b7855805100/public ;; Small pulses | Adult keeps the bridge lifted while making small outward pulses through both knees against a mini band, with hips level and feet planted. | https://imagedelivery.net/TDuhqfLDl0Fb8RGwGw6mYw/fea5191e-ea1b-4999-aa43-08dae204d500/public"
Exercise,EX550,Bridge with March and Hold,Glutes & Hips,"Glutes, trunk, hip flexors",Intermediate,None,Supine,Strength,Variant,Lift into a bridge and hold each marching knee lift briefly.,https://www.acefitness.org/resources/everyone/exercise-library/; https://acsm.org/resistance-training-guidelines-update-2026/; https://acsm.org/education-resources/trending-topics-resources/physical-activity-guidelines/,"1) Lie on your back with knees bent and feet flat. 2) Start with enough open floor space to move comfortably. 3) Lift into a bridge and hold each marching knee lift briefly. 4) Press through your heels and lift your hips until your body forms a straight line from shoulders to knees. 5) Pause briefly, then lower with control.","1) Keep ribs and pelvis stacked so the low back does not take over. 2) Move from the hips and pause where you feel the glutes or hamstrings working. 3) Stop if you feel sharp pain, numbness, dizziness, or joint pinching.","Setup | Supine bridge setup with knees bent, feet flat on the mat, arms by the sides, and ribs stacked. | https://imagedelivery.net/TDuhqfLDl0Fb8RGwGw6mYw/472b1635-e106-4d72-a2b0-b4a43abbc000/public ;; Bridge | Bridge position with hips lifted, heels pressing into the mat, and the body aligned from shoulders to knees. | https://imagedelivery.net/TDuhqfLDl0Fb8RGwGw6mYw/f996cd91-65e5-4ed2-ef13-0861cc207300/public ;; March hold | Bridge hold with one knee lifted briefly, the opposite heel planted, and hips kept level. | https://imagedelivery.net/TDuhqfLDl0Fb8RGwGw6mYw/75ba8029-d0e1-45c4-3a50-3442093af100/public ;; Opposite side | Bridge hold with the opposite knee lifted briefly, the support heel planted, and hips kept level. | https://imagedelivery.net/TDuhqfLDl0Fb8RGwGw6mYw/a4a6f8bf-b57f-4153-36d9-24dc729ee000/public"
Exercise,EX551,Elevated Bridge on Couch,Glutes & Hips,"Glutes, hamstrings",Intermediate,Couch,Supine,Strength,Common,Place heels on a couch and lift the hips into a bridge.,https://www.acefitness.org/resources/everyone/exercise-library/; https://acsm.org/resistance-training-guidelines-update-2026/; https://acsm.org/education-resources/trending-topics-resources/physical-activity-guidelines/,"1) Lie on your back with knees bent and feet flat. 2) Use a stable couch edge or cushion and check that it will not shift under you. 3) Place heels on a couch and lift the hips into a bridge. 4) Press through your heels and lift your hips until your body forms a straight line from shoulders to knees. 5) Pause briefly, then lower with control.","1) Keep ribs and pelvis stacked so the low back does not take over. 2) Move from the hips and pause where you feel the glutes or hamstrings working. 3) Use only a stable surface that will not slide, tip, or open unexpectedly. 4) Stop if you feel sharp pain, numbness, dizziness, or joint pinching.","Setup | A person lies on their back on a mat with both heels resting on a stable couch edge, knees bent, arms relaxed, and ribs stacked. | https://imagedelivery.net/TDuhqfLDl0Fb8RGwGw6mYw/1394276a-43af-4b9d-43fe-f5dbfc35be00/public ;; Lift hips | The person presses both heels into the couch and lifts the hips into the elevated bridge while shoulders stay anchored on the mat. | https://imagedelivery.net/TDuhqfLDl0Fb8RGwGw6mYw/a120cf48-e08f-4773-8b21-54b1aa78dd00/public ;; Top and lower | The person holds the elevated bridge with a straight line from shoulders to knees, then lowers the hips with control. | https://imagedelivery.net/TDuhqfLDl0Fb8RGwGw6mYw/a55dfce0-079a-4756-b855-9b99ea63a300/public"
Exercise,EX552,Couch Hip Thrust,Glutes & Hips,"Glutes, hamstrings",Intermediate,Couch,Seated to supine,Strength,Common,Use a couch edge for upper-back support and drive hips upward into a hip thrust.,https://www.acefitness.org/resources/everyone/exercise-library/; https://acsm.org/resistance-training-guidelines-update-2026/; https://acsm.org/education-resources/trending-topics-resources/physical-activity-guidelines/,"1) Place your upper back against a sturdy couch edge, bench, or wall-supported surface that will not shift. 2) Set feet flat about hip-width apart and tuck your ribs down. 3) Use a couch edge for upper-back support and drive hips upward into a hip thrust. 4) Drive through your heels to lift hips until your torso and thighs line up. 5) Pause, then lower slowly and repeat.","1) Keep ribs and pelvis stacked so the low back does not take over. 2) Move from the hips and pause where you feel the glutes or hamstrings working. 3) Use only a stable surface that will not slide, tip, or open unexpectedly. 4) Stop if you feel sharp pain, numbness, dizziness, or joint pinching.","Setup | Side-view instructional illustration of a person setting up for a couch hip thrust with upper back supported on a couch edge, knees bent, and feet planted on a mat. | https://imagedelivery.net/TDuhqfLDl0Fb8RGwGw6mYw/7c27bf61-e248-49c6-7d01-8e1a11a62d00/public ;; Lift hips | Side-view instructional illustration of the person driving through the heels to lift the hips while the upper back stays supported on the couch edge. | https://imagedelivery.net/TDuhqfLDl0Fb8RGwGw6mYw/335f70e0-2b0a-4dc8-9cc1-83d05ad42500/public ;; Top pause | Side-view instructional illustration of the top of a couch hip thrust with feet planted and shoulders, hips, and knees aligned. | https://imagedelivery.net/TDuhqfLDl0Fb8RGwGw6mYw/9d7ce56c-82fd-4d13-44c4-fb9856a52700/public"
Exercise,EX553,Mini-Band Hip Thrust,Glutes & Hips,"Glutes, lateral hips",Intermediate,Mini band and couch,Seated to supine,Strength,Variant,Wear a mini band above the knees during hip thrusts to add hip abduction tension.,https://www.acefitness.org/resources/everyone/exercise-library/; https://acsm.org/resistance-training-guidelines-update-2026/; https://acsm.org/education-resources/trending-topics-resources/physical-activity-guidelines/,"1) Place your upper back against a sturdy couch edge, bench, or wall-supported surface that will not shift. 2) Set feet flat about hip-width apart and tuck your ribs down. 3) Wear a mini band above the knees during hip thrusts to add hip abduction tension. 4) Drive through your heels to lift hips until your torso and thighs line up. 5) Pause, then lower slowly and repeat.","1) Keep ribs and pelvis stacked so the low back does not take over. 2) Move from the hips and pause where you feel the glutes or hamstrings working. 3) Use only a stable surface that will not slide, tip, or open unexpectedly. 4) Stop if you feel sharp pain, numbness, dizziness, or joint pinching.","Setup | Athlete sets up for a mini-band hip thrust with upper back supported on a couch, feet planted, and a mini band above the knees. | https://imagedelivery.net/TDuhqfLDl0Fb8RGwGw6mYw/a5725b5e-f84f-4ab7-2581-aa101d236800/public ;; Lift and hold | Athlete holds the top of a mini-band hip thrust with hips lifted, heels planted, knees pressing out against the band, and ribs stacked. | https://imagedelivery.net/TDuhqfLDl0Fb8RGwGw6mYw/22a11fb5-8499-4893-a307-8d6dad033400/public"
Exercise,EX554,B-Stance Hip Thrust,Glutes & Hips,"Glutes, hamstrings",Intermediate,Couch,Seated to supine,Strength,Variant,Set one foot slightly forward so the back leg does most of the hip thrust work.,https://www.acefitness.org/resources/everyone/exercise-library/; https://acsm.org/resistance-training-guidelines-update-2026/; https://acsm.org/education-resources/trending-topics-resources/physical-activity-guidelines/,"1) Place your upper back against a sturdy couch edge, bench, or wall-supported surface that will not shift. 2) Set feet flat about hip-width apart and tuck your ribs down. 3) Set one foot slightly forward so the back leg does most of the hip thrust work. 4) Drive through your heels to lift hips until your torso and thighs line up. 5) Pause, then lower slowly and repeat.","1) Keep ribs and pelvis stacked so the low back does not take over. 2) Move from the hips and pause where you feel the glutes or hamstrings working. 3) Use only a stable surface that will not slide, tip, or open unexpectedly. 4) Stop if you feel sharp pain, numbness, dizziness, or joint pinching.",Setup | Adult sets up for a B-stance hip thrust with upper back on a couch and one foot slightly forward. | https://imagedelivery.net/TDuhqfLDl0Fb8RGwGw6mYw/8ac07c7e-d070-400a-36ee-221d36da7a00/public ;; Lift hips | Adult lifts the hips into a straight-line hip thrust while keeping the staggered B-stance foot position. | https://imagedelivery.net/TDuhqfLDl0Fb8RGwGw6mYw/eb1b7418-b2cc-4f26-48fb-cbedc7d3bc00/public ;; Slow lower | Adult lowers the hips under control from the B-stance hip thrust while the couch and feet stay stable. | https://imagedelivery.net/TDuhqfLDl0Fb8RGwGw6mYw/a9485942-96dd-4c0b-837f-42411f1c7d00/public
Exercise,EX555,Glute Bridge Ball Squeeze,Glutes & Hips,"Glutes, inner thighs",Beginner,Pillow or small ball,Supine,Strength,Common,Squeeze a pillow or ball between the knees while bridging.,https://www.acefitness.org/resources/everyone/exercise-library/; https://acsm.org/resistance-training-guidelines-update-2026/; https://acsm.org/education-resources/trending-topics-resources/physical-activity-guidelines/,"1) Lie on your back with knees bent and feet flat. 2) Place the ball or soft object where it gives light feedback without creating pressure pain. 3) Squeeze a pillow or ball between the knees while bridging. 4) Press through your heels and lift your hips until your body forms a straight line from shoulders to knees. 5) Pause briefly, then lower with control.","1) Keep ribs and pelvis stacked so the low back does not take over. 2) Move from the hips and pause where you feel the glutes or hamstrings working. 3) Use moderate pressure and avoid rolling directly on sharp, bony, or painful spots. 4) Stop if you feel sharp pain, numbness, dizziness, or joint pinching.","Setup with ball squeeze | A person lies on their back with knees bent, feet planted, and a small ball lightly squeezed between the knees before starting a glute bridge. | https://imagedelivery.net/TDuhqfLDl0Fb8RGwGw6mYw/56a628a7-084d-4336-d343-2ae3dc706e00/public ;; Bridge lift | A person presses through the heels and lifts the hips into a glute bridge while keeping a small ball lightly squeezed between the knees. | https://imagedelivery.net/TDuhqfLDl0Fb8RGwGw6mYw/aa3824df-f505-4dac-bbf0-628c09ad2200/public ;; Controlled lower | A person lowers from a glute bridge with control while keeping the knees steady around the ball and the feet planted. | https://imagedelivery.net/TDuhqfLDl0Fb8RGwGw6mYw/f3af2da3-6850-44b4-3fc4-b0bbd3edea00/public"
Exercise,EX556,Hip Thrust with Abduction,Glutes & Hips,"Glutes, lateral hips",Intermediate,Mini band and couch,Seated to supine,Strength,Variant,"Hip thrust up, then press knees outward before lowering.",https://www.acefitness.org/resources/everyone/exercise-library/; https://acsm.org/resistance-training-guidelines-update-2026/; https://acsm.org/education-resources/trending-topics-resources/physical-activity-guidelines/,"1) Place your upper back against a sturdy couch edge, bench, or wall-supported surface that will not shift. 2) Set feet flat about hip-width apart and tuck your ribs down. 3) Hip thrust up, then press knees outward before lowering. 4) Drive through your heels to lift hips until your torso and thighs line up. 5) Pause, then lower slowly and repeat.","1) Keep ribs and pelvis stacked so the low back does not take over. 2) Move from the hips and pause where you feel the glutes or hamstrings working. 3) Use only a stable surface that will not slide, tip, or open unexpectedly. 4) Stop if you feel sharp pain, numbness, dizziness, or joint pinching.","Setup | Adult seated on a mat with upper back anchored against a couch, feet flat, and a mini band above the knees. | https://imagedelivery.net/TDuhqfLDl0Fb8RGwGw6mYw/dcf72598-4fe3-4eff-a1d6-638ea54e3000/public ;; Top hip thrust | Adult drives through the heels to lift the hips until the torso and thighs line up while the mini band stays above the knees. | https://imagedelivery.net/TDuhqfLDl0Fb8RGwGw6mYw/59df710e-254f-4c83-fa14-ff715b89d600/public ;; Press knees out | Adult holds the top hip thrust and presses both knees outward against the mini band while keeping the feet planted. | https://imagedelivery.net/TDuhqfLDl0Fb8RGwGw6mYw/3a2b9776-dd97-4b58-ae70-3d9db3df5d00/public ;; Controlled lower | Adult lowers the hips slowly from the couch-supported hip thrust while keeping the knees controlled and feet planted. | https://imagedelivery.net/TDuhqfLDl0Fb8RGwGw6mYw/07ea3d4a-a8a8-4954-e407-e2f4d784fc00/public"
Exercise,EX557,Side-Lying Hip Abduction Toe Down,Glutes & Hips,"Glute medius, lateral hips",Intermediate,None,Side-lying,Strength,Variant,Lift the top leg with toes angled slightly down to bias the side hip.,https://www.acefitness.org/resources/everyone/exercise-library/; https://acsm.org/resistance-training-guidelines-update-2026/; https://acsm.org/education-resources/trending-topics-resources/physical-activity-guidelines/,"1) Lie on your side with hips and shoulders stacked and the bottom side supported. 2) Start with enough open floor space to move comfortably. 3) Lift the top leg with toes angled slightly down to bias the side hip. 4) Move the working leg away from the midline without rotating your whole body. 5) Pause briefly, then return slowly and repeat before switching sides.","1) Keep ribs and pelvis stacked so the low back does not take over. 2) Move from the hips and pause where you feel the glutes or hamstrings working. 3) Stop if you feel sharp pain, numbness, dizziness, or joint pinching.","Stacked setup | An adult lies on their side on a mat with hips stacked, the bottom side supported, and the top leg long before lifting. | https://imagedelivery.net/TDuhqfLDl0Fb8RGwGw6mYw/dbdc201b-abcc-464b-8006-7c4b89473900/public ;; Toe-down lift | The same adult lifts the top leg with the knee straight and toes angled slightly down while the pelvis stays quiet. | https://imagedelivery.net/TDuhqfLDl0Fb8RGwGw6mYw/078d861b-293b-454b-a338-123e2e885000/public ;; Controlled return | The same adult slowly lowers the top leg toward the support leg while keeping the knee straight and trunk from rolling. | https://imagedelivery.net/TDuhqfLDl0Fb8RGwGw6mYw/c981d7f3-9e23-4a30-8879-8d47452acc00/public"
Exercise,EX558,Side-Lying Hip Abduction Toe Up,Glutes & Hips,"Glutes, hip flexors",Intermediate,None,Side-lying,Strength,Variant,Lift the top leg with toes angled slightly upward to change the hip emphasis.,https://www.acefitness.org/resources/everyone/exercise-library/; https://acsm.org/resistance-training-guidelines-update-2026/; https://acsm.org/education-resources/trending-topics-resources/physical-activity-guidelines/,"1) Lie on your side with hips and shoulders stacked and the bottom side supported. 2) Start with enough open floor space to move comfortably. 3) Lift the top leg with toes angled slightly upward to change the hip emphasis. 4) Move the working leg away from the midline without rotating your whole body. 5) Pause briefly, then return slowly and repeat before switching sides.","1) Keep ribs and pelvis stacked so the low back does not take over. 2) Move from the hips and pause where you feel the glutes or hamstrings working. 3) Stop if you feel sharp pain, numbness, dizziness, or joint pinching.","Stacked setup | Setup for side-lying hip abduction toe up: adult lying on one side with hips and shoulders stacked, legs long, and support hand on the mat. | https://imagedelivery.net/TDuhqfLDl0Fb8RGwGw6mYw/efaa6797-f5f3-402b-b856-cb066f329300/public ;; Lift with toes up | Top leg lift for side-lying hip abduction toe up: top leg raised from the hip with toes angled slightly upward while the torso stays stacked. | https://imagedelivery.net/TDuhqfLDl0Fb8RGwGw6mYw/02439c3c-10d0-4b11-3d64-220769474d00/public ;; Slow return | Controlled return for side-lying hip abduction toe up: top leg lowers slowly with toes up and pelvis stable before switching sides. | https://imagedelivery.net/TDuhqfLDl0Fb8RGwGw6mYw/ef1d4881-8604-4b64-2229-f16c2b840500/public"
Exercise,EX559,Side-Lying Hip Abduction Front-Back,Glutes & Hips,"Glutes, hip flexors, lateral hips",Intermediate,None,Side-lying,Strength,Variant,Hold the top leg lifted and sweep it slightly forward and backward.,https://www.acefitness.org/resources/everyone/exercise-library/; https://acsm.org/resistance-training-guidelines-update-2026/; https://acsm.org/education-resources/trending-topics-resources/physical-activity-guidelines/,"1) Lie on your side with hips and shoulders stacked and the bottom side supported. 2) Start with enough open floor space to move comfortably. 3) Hold the top leg lifted and sweep it slightly forward and backward. 4) Move the working leg away from the midline without rotating your whole body. 5) Pause briefly, then return slowly and repeat before switching sides.","1) Keep ribs and pelvis stacked so the low back does not take over. 2) Move from the hips and pause where you feel the glutes or hamstrings working. 3) Stop if you feel sharp pain, numbness, dizziness, or joint pinching.","Stacked setup | Side-lying subject with the bottom side supported, hips and shoulders stacked, and the top leg lifted slightly from the bottom leg. | https://imagedelivery.net/TDuhqfLDl0Fb8RGwGw6mYw/029263f5-83ca-416e-9be1-1b301dd47e00/public ;; Forward sweep | The subject holds the top leg lifted and sweeps it slightly forward while the torso and pelvis stay stacked. | https://imagedelivery.net/TDuhqfLDl0Fb8RGwGw6mYw/c7c19f72-028d-4676-6366-655b445a2600/public ;; Back sweep and return | The subject sweeps the lifted top leg slightly backward, then returns slowly without rolling the torso. | https://imagedelivery.net/TDuhqfLDl0Fb8RGwGw6mYw/96b8fc6c-bcb7-4c1f-af85-3001755a7c00/public"
Exercise,EX560,Side-Lying Rainbow Leg Lift,Glutes & Hips,"Glutes, lateral hips",Intermediate,None,Side-lying,Strength,Variant,Arc the top leg over an imaginary rainbow while keeping the pelvis stacked.,https://www.acefitness.org/resources/everyone/exercise-library/; https://acsm.org/resistance-training-guidelines-update-2026/; https://acsm.org/education-resources/trending-topics-resources/physical-activity-guidelines/,"1) Lie on your side with hips and shoulders stacked and the bottom side supported. 2) Start with enough open floor space to move comfortably. 3) Arc the top leg over an imaginary rainbow while keeping the pelvis stacked. 4) Move the working leg away from the midline without rotating your whole body. 5) Pause briefly, then return slowly and repeat before switching sides.","1) Keep ribs and pelvis stacked so the low back does not take over. 2) Move from the hips and pause where you feel the glutes or hamstrings working. 3) Stop if you feel sharp pain, numbness, dizziness, or joint pinching.","Side-lying setup | An adult lies on their side on a mat with hips stacked, the bottom side supported, and the top leg long before starting a rainbow leg lift. | https://imagedelivery.net/TDuhqfLDl0Fb8RGwGw6mYw/c71fdc00-9471-44fb-55dc-c1f670408c00/public ;; High arc | The same adult keeps the bottom leg steady and lifts the top leg in a high rainbow arc from the hip while the pelvis stays stacked. | https://imagedelivery.net/TDuhqfLDl0Fb8RGwGw6mYw/d463afe0-a289-46fd-0261-b02b2ffba000/public ;; Slow return | The same adult lowers the top leg with control along the rainbow path while keeping the hips stacked and the top leg hovering. | https://imagedelivery.net/TDuhqfLDl0Fb8RGwGw6mYw/412f70c3-2680-49ff-fe06-cf633adefe00/public"
Exercise,EX561,Quadruped Rainbow Kick,Glutes & Hips,"Glutes, hamstrings, hips",Intermediate,None,Quadruped,Strength,Variant,Move one leg in an arc from one side of the body to the other while on all fours.,https://www.acefitness.org/resources/everyone/exercise-library/; https://acsm.org/resistance-training-guidelines-update-2026/; https://acsm.org/education-resources/trending-topics-resources/physical-activity-guidelines/,"1) Start on hands and knees with hands under shoulders and knees under hips. 2) Start with enough open floor space to move comfortably. 3) Move one leg in an arc from one side of the body to the other while on all fours. 4) Move the working leg away from the midline without rotating your whole body. 5) Pause briefly, then return slowly and repeat before switching sides.","1) Keep ribs and pelvis stacked so the low back does not take over. 2) Move from the hips and pause where you feel the glutes or hamstrings working. 3) Stop if you feel sharp pain, numbness, dizziness, or joint pinching.",Tabletop setup | Adult on hands and knees on an exercise mat with cues for a long spine and hips over knees. | https://imagedelivery.net/TDuhqfLDl0Fb8RGwGw6mYw/2b5ef1dd-67a8-44e2-dd36-a4115b381300/public ;; Wide sweep | Adult in quadruped with the working leg extended wide to the side and a cue to keep hips level. | https://imagedelivery.net/TDuhqfLDl0Fb8RGwGw6mYw/05068fe1-8a49-4d77-f11f-361d54b29e00/public ;; High arc | Adult in quadruped lifting the working leg through a high controlled arc with ribs quiet. | https://imagedelivery.net/TDuhqfLDl0Fb8RGwGw6mYw/1416e363-2fd7-41fa-c311-02cfb3dcaf00/public ;; Cross-body endpoint | Adult in quadruped with the working leg crossed behind the body and a cue to keep hips square. | https://imagedelivery.net/TDuhqfLDl0Fb8RGwGw6mYw/60c1556f-2c00-4af2-21cb-ce30e3a7b800/public
Exercise,EX562,Donkey Kick to Straight-Leg Extension,Glutes & Hips,"Glutes, hamstrings",Intermediate,None,Quadruped,Strength,Variant,"Kick the bent knee upward, then straighten the leg behind you before returning.",https://www.acefitness.org/resources/everyone/exercise-library/; https://acsm.org/resistance-training-guidelines-update-2026/; https://acsm.org/education-resources/trending-topics-resources/physical-activity-guidelines/,"1) Start on hands and knees with hands under shoulders and knees under hips. 2) Start with enough open floor space to move comfortably. 3) Kick the bent knee upward, then straighten the leg behind you before returning. 4) Move the working leg away from the midline without rotating your whole body. 5) Pause briefly, then return slowly and repeat before switching sides.","1) Keep ribs and pelvis stacked so the low back does not take over. 2) Move from the hips and pause where you feel the glutes or hamstrings working. 3) Stop if you feel sharp pain, numbness, dizziness, or joint pinching.","Quadruped setup | Adult in a quadruped setup on a mat with hands under shoulders, knees under hips, neutral spine, and hips level. | https://imagedelivery.net/TDuhqfLDl0Fb8RGwGw6mYw/aa23f97d-e38b-4225-23b2-60b78e920400/public ;; Bent-knee kick | Adult on hands and one support knee lifting the working leg upward and back with the knee bent while keeping ribs stacked and hips level. | https://imagedelivery.net/TDuhqfLDl0Fb8RGwGw6mYw/e0044d30-8bde-4807-7d90-f91923c94f00/public ;; Straight-leg extension | Adult in quadruped extending the working leg straight behind at hip height with both hands and the support knee planted. | https://imagedelivery.net/TDuhqfLDl0Fb8RGwGw6mYw/7df16c4d-e469-4eb1-a681-9fbb9ac8e100/public"
Exercise,EX563,Fire Hydrant to Kickback,Glutes & Hips,"Glutes, lateral hips",Intermediate,None,Quadruped,Strength,Variant,"Lift the knee out to the side, then extend the leg backward before resetting.",https://www.acefitness.org/resources/everyone/exercise-library/; https://acsm.org/resistance-training-guidelines-update-2026/; https://acsm.org/education-resources/trending-topics-resources/physical-activity-guidelines/,"1) Start on hands and knees with hands under shoulders and knees under hips. 2) Start with enough open floor space to move comfortably. 3) Lift the knee out to the side, then extend the leg backward before resetting. 4) Move the working leg away from the midline without rotating your whole body. 5) Pause briefly, then return slowly and repeat before switching sides.","1) Keep ribs and pelvis stacked so the low back does not take over. 2) Move from the hips and pause where you feel the glutes or hamstrings working. 3) Stop if you feel sharp pain, numbness, dizziness, or joint pinching.","Tabletop setup | Adult in quadruped on a mat with shoulders over wrists, hips over knees, and a long back. | https://imagedelivery.net/TDuhqfLDl0Fb8RGwGw6mYw/82bbfac8-d901-494d-c2d1-26012bbe7800/public ;; Knee opens | Adult on hands and knees lifting the working knee out to the side while the hands stay steady and the hips remain level. | https://imagedelivery.net/TDuhqfLDl0Fb8RGwGw6mYw/937ae975-4ebc-4c0b-4210-ede45ef47500/public ;; Heel reaches back | Adult in quadruped extending the working leg backward in a kickback while the support knee stays down and the ribs stay quiet. | https://imagedelivery.net/TDuhqfLDl0Fb8RGwGw6mYw/9977c1a5-2700-4589-8c2f-e58399e6e200/public ;; Return slow | Adult returning the working knee under the hip with a neutral spine and level hips. | https://imagedelivery.net/TDuhqfLDl0Fb8RGwGw6mYw/c2882739-5ad5-40ee-7bda-92d64d284a00/public"
Exercise,EX564,Standing Banded Hip Flexion,Glutes & Hips,"Hip flexors, trunk",Beginner,Mini band,Standing,Strength,Variant,Lift one knee against mini-band resistance while standing tall.,https://www.acefitness.org/resources/everyone/exercise-library/; https://acsm.org/resistance-training-guidelines-update-2026/; https://acsm.org/education-resources/trending-topics-resources/physical-activity-guidelines/,"1) Stand tall in the stance for the movement, with feet planted and ribs stacked over hips. 2) Loop or anchor the band securely, start with light tension, and keep the band path clear. 3) Lift one knee against mini-band resistance while standing tall. 4) Move the working leg away from the midline without rotating your whole body. 5) Pause briefly, then return slowly and repeat before switching sides.","1) Keep ribs and pelvis stacked so the low back does not take over. 2) Move from the hips and pause where you feel the glutes or hamstrings working. 3) Use a light band first and make sure it is anchored or held securely before adding tension. 4) Stop if you feel sharp pain, numbness, dizziness, or joint pinching.","Band setup | Adult standing tall on a mat with a mini band looped around both feet, feet planted hip-width with light band tension. | https://imagedelivery.net/TDuhqfLDl0Fb8RGwGw6mYw/496311e4-9973-4585-319a-e86a9fd86000/public ;; Right knee lift | Adult standing tall with the right knee lifted against mini-band resistance while the left foot stays planted. | https://imagedelivery.net/TDuhqfLDl0Fb8RGwGw6mYw/42af4dc7-baba-4f36-c74f-fc76a5763a00/public ;; Left knee lift | Adult switching sides with the left knee lifted against mini-band resistance while the right foot stays planted. | https://imagedelivery.net/TDuhqfLDl0Fb8RGwGw6mYw/7e5d3221-318b-42a2-d308-e4e15e3e1b00/public"
Exercise,EX565,Standing Banded Hip Extension,Glutes & Hips,"Glutes, hamstrings",Beginner,Mini band,Standing,Strength,Common,Kick one leg backward against a mini band without leaning forward.,https://www.acefitness.org/resources/everyone/exercise-library/; https://acsm.org/resistance-training-guidelines-update-2026/; https://acsm.org/education-resources/trending-topics-resources/physical-activity-guidelines/,"1) Stand tall in the stance for the movement, with feet planted and ribs stacked over hips. 2) Loop or anchor the band securely, start with light tension, and keep the band path clear. 3) Kick one leg backward against a mini band without leaning forward. 4) Move the working leg away from the midline without rotating your whole body. 5) Pause briefly, then return slowly and repeat before switching sides.","1) Keep ribs and pelvis stacked so the low back does not take over. 2) Move from the hips and pause where you feel the glutes or hamstrings working. 3) Use a light band first and make sure it is anchored or held securely before adding tension. 4) Stop if you feel sharp pain, numbness, dizziness, or joint pinching.","Setup | Standing side-view setup for banded hip extension with a mini band around the ankles, both feet planted, chest tall, and hands on hips. | https://imagedelivery.net/TDuhqfLDl0Fb8RGwGw6mYw/b002b747-9f0d-4d3f-6c2f-2da8a0b3fc00/public ;; Kick back | Standing side-view banded hip extension with the working leg kicked backward against the mini band while the torso stays upright and hips stay square. | https://imagedelivery.net/TDuhqfLDl0Fb8RGwGw6mYw/302ac5da-14ed-407c-7716-869888af9d00/public"
Exercise,EX566,Standing Mini-Band Side Kick,Glutes & Hips,"Glutes, lateral hips",Beginner,Mini band,Standing,Strength,Common,Kick one leg out to the side against a mini band while holding balance.,https://www.acefitness.org/resources/everyone/exercise-library/; https://acsm.org/resistance-training-guidelines-update-2026/; https://acsm.org/education-resources/trending-topics-resources/physical-activity-guidelines/,"1) Stand tall in the stance for the movement, with feet planted and ribs stacked over hips. 2) Loop or anchor the band securely, start with light tension, and keep the band path clear. 3) Kick one leg out to the side against a mini band while holding balance. 4) Move the working leg away from the midline without rotating your whole body. 5) Pause briefly, then return slowly and repeat before switching sides.","1) Keep ribs and pelvis stacked so the low back does not take over. 2) Move from the hips and pause where you feel the glutes or hamstrings working. 3) Use a light band first and make sure it is anchored or held securely before adding tension. 4) Stop if you feel sharp pain, numbness, dizziness, or joint pinching.","Setup stance | Adult standing tall on a mat with a mini band around the ankles, feet planted under the hips, and annotations for chest position, light band tension, and planted feet. | https://imagedelivery.net/TDuhqfLDl0Fb8RGwGw6mYw/a8578b2b-e2e6-4d9e-9dd1-445f20ce1f00/public ;; Side kick | Adult standing on the right-side support leg while the left side of the image shows the working leg kicked out against a mini band, with cues for kicking out, level hips, and a soft standing knee. | https://imagedelivery.net/TDuhqfLDl0Fb8RGwGw6mYw/47d2d539-f890-4794-a6c9-20125860d600/public ;; Controlled return | Adult slowly returning the working leg toward the starting stance while keeping the mini band under control, with cues for a slow return, stacked ribs, and controlled tension. | https://imagedelivery.net/TDuhqfLDl0Fb8RGwGw6mYw/81fbecee-5946-4526-8def-e48d0f842f00/public"
Exercise,EX567,Mini-Band Glute Kickback,Glutes & Hips,"Glutes, hamstrings",Beginner,Mini band,Standing,Strength,Common,Press one foot backward against a mini band to train hip extension.,https://www.acefitness.org/resources/everyone/exercise-library/; https://acsm.org/resistance-training-guidelines-update-2026/; https://acsm.org/education-resources/trending-topics-resources/physical-activity-guidelines/,"1) Stand tall in the stance for the movement, with feet planted and ribs stacked over hips. 2) Loop or anchor the band securely, start with light tension, and keep the band path clear. 3) Press one foot backward against a mini band to train hip extension. 4) Move the working leg away from the midline without rotating your whole body. 5) Pause briefly, then return slowly and repeat before switching sides.","1) Keep ribs and pelvis stacked so the low back does not take over. 2) Move from the hips and pause where you feel the glutes or hamstrings working. 3) Use a light band first and make sure it is anchored or held securely before adding tension. 4) Stop if you feel sharp pain, numbness, dizziness, or joint pinching.","Setup stance | Standing side-view setup for a mini-band glute kickback with the band around both ankles, feet planted, ribs stacked, and hips level. | https://imagedelivery.net/TDuhqfLDl0Fb8RGwGw6mYw/e864bd1f-3290-4217-b442-6fc37e710800/public ;; Press back | Standing side-view mini-band glute kickback with one leg pressing backward against the band while the support foot stays planted and the torso stays tall. | https://imagedelivery.net/TDuhqfLDl0Fb8RGwGw6mYw/4b2355b8-a99f-42cb-42cf-fb190256fa00/public ;; Controlled return | Standing side-view mini-band glute kickback return phase with the working foot moving slowly toward the start position and the pelvis kept quiet. | https://imagedelivery.net/TDuhqfLDl0Fb8RGwGw6mYw/8e20ac47-1f58-4616-7c02-dd9a857e8600/public"
Exercise,EX568,Seated Banded Hip Abduction,Glutes & Hips,"Lateral hips, glutes",Beginner,Mini band and chair,Seated,Strength,Common,Sit tall and press both knees outward against a mini band.,https://www.acefitness.org/resources/everyone/exercise-library/; https://acsm.org/resistance-training-guidelines-update-2026/; https://acsm.org/education-resources/trending-topics-resources/physical-activity-guidelines/,"1) Sit tall with feet planted or legs positioned comfortably, and keep your ribs stacked over hips. 2) Loop or anchor the band securely, start with light tension, and keep the band path clear. 3) Sit tall and press both knees outward against a mini band. 4) Move the working leg away from the midline without rotating your whole body. 5) Pause briefly, then return slowly and repeat before switching sides.","1) Keep ribs and pelvis stacked so the low back does not take over. 2) Move from the hips and pause where you feel the glutes or hamstrings working. 3) Use only a stable surface that will not slide, tip, or open unexpectedly. 4) Stop if you feel sharp pain, numbness, dizziness, or joint pinching.",Seated band setup | Adult seated tall on a sturdy chair with both feet planted and a mini band looped above the knees before starting seated banded hip abduction. | https://imagedelivery.net/TDuhqfLDl0Fb8RGwGw6mYw/2f9afe68-daaf-42b6-d65c-eee4d5ce4d00/public ;; Press knees out | Adult seated tall on a chair pressing both knees outward against a mini band while keeping the feet planted and ribs stacked over the hips. | https://imagedelivery.net/TDuhqfLDl0Fb8RGwGw6mYw/8b34f331-0a55-4d8c-34ac-e571aa435d00/public ;; Controlled return | Adult seated tall on a chair returning both knees slowly toward hip width against a mini band while keeping the feet planted. | https://imagedelivery.net/TDuhqfLDl0Fb8RGwGw6mYw/1bcd9ea3-0a10-4c24-0f5c-f8583d974100/public
Exercise,EX569,Seated Banded Hip Adduction Squeeze,Glutes & Hips,"Inner thighs, pelvic control",Beginner,Pillow or small ball and chair,Seated,Strength,Common,Sit tall and squeeze a pillow or ball gently between the knees.,https://www.acefitness.org/resources/everyone/exercise-library/; https://acsm.org/resistance-training-guidelines-update-2026/; https://acsm.org/education-resources/trending-topics-resources/physical-activity-guidelines/,"1) Sit tall with feet planted or legs positioned comfortably, and keep your ribs stacked over hips. 2) Use a sturdy chair that will not slide, tip, or fold while you move. 3) Sit tall and squeeze a pillow or ball gently between the knees. 4) Move the working leg away from the midline without rotating your whole body. 5) Pause briefly, then return slowly and repeat before switching sides.","1) Keep ribs and pelvis stacked so the low back does not take over. 2) Move from the hips and pause where you feel the glutes or hamstrings working. 3) Use only a stable surface that will not slide, tip, or open unexpectedly. 4) Stop if you feel sharp pain, numbness, dizziness, or joint pinching.","Tall setup | Adult seated tall on a sturdy chair with bare feet planted and a pillow centered between the knees before the hip adduction squeeze. | https://imagedelivery.net/TDuhqfLDl0Fb8RGwGw6mYw/28eb3683-df69-4874-eef1-468d33af1800/public ;; Gentle squeeze | Adult remains upright on the chair while both knees gently press inward to squeeze the pillow, with feet staying planted. | https://imagedelivery.net/TDuhqfLDl0Fb8RGwGw6mYw/2bda1dc8-6edf-4472-7ce1-4d6854c0aa00/public ;; Slow release | Adult slowly releases the squeeze with the pelvis level, chair steady, and knees returning around the pillow under control. | https://imagedelivery.net/TDuhqfLDl0Fb8RGwGw6mYw/3b3ed1ff-15d3-4e21-56d8-a8c9a69a1d00/public"
Exercise,EX570,Side Plank Hip Abduction from Knee,Glutes & Hips,"Lateral hips, obliques",Intermediate,None,Side-lying,Strength,Variant,Hold a knee side plank while lifting the top leg.,https://www.acefitness.org/resources/everyone/exercise-library/; https://acsm.org/resistance-training-guidelines-update-2026/; https://acsm.org/education-resources/trending-topics-resources/physical-activity-guidelines/,"1) Lie on your side with elbow under shoulder and knees or feet stacked comfortably. 2) Lift your hips so your body forms a long line. 3) Hold a knee side plank while lifting the top leg. 4) Perform the named leg, hip, or arm movement without rolling forward or backward. 5) Lower with control and repeat on the other side.","1) Keep ribs and pelvis stacked so the low back does not take over. 2) Move from the hips and pause where you feel the glutes or hamstrings working. 3) Stop if you feel sharp pain, numbness, dizziness, or joint pinching.","Setup | Side-lying setup for side plank hip abduction from the knee with elbow under shoulder, lower knee bent on the mat, and top leg long. | https://imagedelivery.net/TDuhqfLDl0Fb8RGwGw6mYw/e7c3bcfb-6900-44f9-20fb-41aca2f74300/public ;; Knee side plank | Knee side plank starting position with hips lifted, lower forearm and knee supporting, top hand on hip, and top leg extended straight. | https://imagedelivery.net/TDuhqfLDl0Fb8RGwGw6mYw/74076378-f3e3-4120-8006-8938844a1d00/public ;; Lift top leg | Knee side plank hip abduction endpoint with the top leg lifted while the lower elbow and knee stay planted and the hips remain level. | https://imagedelivery.net/TDuhqfLDl0Fb8RGwGw6mYw/42915751-19e5-4afd-b519-6b6f72121f00/public"
Exercise,EX571,Kneeling Hip Thrust,Glutes & Hips,"Glutes, hip flexors",Beginner,None,Kneeling,Strength,Variant,Move from tall kneeling to a slight hip hinge and drive hips forward to tall kneeling.,https://www.acefitness.org/resources/everyone/exercise-library/; https://acsm.org/resistance-training-guidelines-update-2026/; https://acsm.org/education-resources/trending-topics-resources/physical-activity-guidelines/,"1) Place your upper back against a sturdy couch edge, bench, or wall-supported surface that will not shift. 2) Set feet flat about hip-width apart and tuck your ribs down. 3) Move from tall kneeling to a slight hip hinge and drive hips forward to tall kneeling. 4) Drive through your heels to lift hips until your torso and thighs line up. 5) Pause, then lower slowly and repeat.","1) Keep ribs and pelvis stacked so the low back does not take over. 2) Move from the hips and pause where you feel the glutes or hamstrings working. 3) Stop if you feel sharp pain, numbness, dizziness, or joint pinching.",Tall kneeling setup | Side-view instructional illustration of a person in tall kneeling on a mat with ribs stacked and knees grounded. | https://imagedelivery.net/TDuhqfLDl0Fb8RGwGw6mYw/bb37aa84-4d57-416a-e1de-80ede67ecf00/public ;; Hip hinge | Side-view instructional illustration of the person hinging the hips slightly back from tall kneeling while keeping the knees down and spine neutral. | https://imagedelivery.net/TDuhqfLDl0Fb8RGwGw6mYw/3aeaec2f-48fd-4c0a-568c-78ce40c99b00/public ;; Drive forward | Side-view instructional illustration of the person driving the hips forward from the hinge back to a tall kneeling line. | https://imagedelivery.net/TDuhqfLDl0Fb8RGwGw6mYw/307aa907-f365-41e7-2b8e-470ead1aa000/public
Exercise,EX572,Single-Leg Glute Bridge Foot Elevated,Glutes & Hips,"Glutes, hamstrings",Advanced,Low step or couch,Supine,Strength,Variant,Bridge with one heel elevated and the other leg lifted.,https://www.acefitness.org/resources/everyone/exercise-library/; https://acsm.org/resistance-training-guidelines-update-2026/; https://acsm.org/education-resources/trending-topics-resources/physical-activity-guidelines/,"1) Lie on your back with knees bent and feet flat. 2) Use a stable couch edge or cushion and check that it will not shift under you. 3) Bridge with one heel elevated and the other leg lifted. 4) Press through your heels and lift your hips until your body forms a straight line from shoulders to knees. 5) Pause briefly, then lower with control.","1) Keep ribs and pelvis stacked so the low back does not take over. 2) Move from the hips and pause where you feel the glutes or hamstrings working. 3) Use only a stable surface that will not slide, tip, or open unexpectedly. 4) Stop if you feel sharp pain, numbness, dizziness, or joint pinching.","Setup | Supine setup for a single-leg glute bridge with one heel elevated on a stable low step and the opposite leg lifted. | https://imagedelivery.net/TDuhqfLDl0Fb8RGwGw6mYw/208cfe5e-1104-4af2-96b0-dfcfa9396c00/public ;; Bridge top | Top position of the foot-elevated single-leg glute bridge with hips lifted, shoulders grounded, and the opposite leg floating. | https://imagedelivery.net/TDuhqfLDl0Fb8RGwGw6mYw/f4f1f9c9-f94a-4b17-ee1f-e6574bd9dd00/public ;; Controlled lower | Lowering phase of the foot-elevated single-leg glute bridge with hips level, support heel on the step, and the opposite leg lifted. | https://imagedelivery.net/TDuhqfLDl0Fb8RGwGw6mYw/d3495d5c-2e8a-487d-ccdd-3c91378fd900/public"
Exercise,EX573,Wall Push-Up Plus,Upper Body Push,"Chest, shoulders, serratus",Beginner,Wall,Standing,Strength,Common,Do a wall push-up and add an extra shoulder-blade reach at the top.,https://www.acefitness.org/resources/everyone/exercise-library/; https://acsm.org/resistance-training-guidelines-update-2026/; https://acsm.org/education-resources/trending-topics-resources/physical-activity-guidelines/,1) Place your hands on the wall slightly wider than shoulder-width. 2) Step or lower back until your body forms one long line from head to knees or heels. 3) Do a wall push-up and add an extra shoulder-blade reach at the top. 4) Bend your elbows to lower your chest toward the surface. 5) Press the surface away to return to the start position.,"1) Keep shoulders away from your ears. 2) Brace your trunk so the ribs do not flare or the low back arch excessively. 3) Stand close enough to control the movement without jamming your wrists, shoulders, or back. 4) Stop if you feel sharp pain, numbness, dizziness, or joint pinching.","Setup | A person stands facing a wall with hands slightly wider than shoulder-width, arms straight, feet planted, and body in one long diagonal line. | https://imagedelivery.net/TDuhqfLDl0Fb8RGwGw6mYw/c6c0713f-b8f5-461a-836f-50fa82e0c400/public ;; Lower | A person performs the lowering phase of a wall push-up with elbows bent, chest closer to the wall, feet planted, and ribs controlled. | https://imagedelivery.net/TDuhqfLDl0Fb8RGwGw6mYw/b67355ad-725c-44f0-ce17-71151aa06f00/public ;; Plus reach | A person presses the wall away at the top of a wall push-up, keeping elbows straight while reaching long through the shoulder blades. | https://imagedelivery.net/TDuhqfLDl0Fb8RGwGw6mYw/f57e758d-e165-4e8c-1a62-06d82aea9c00/public"
Exercise,EX574,Counter Push-Up Plus,Upper Body Push,"Chest, shoulders, serratus",Beginner,Counter,Standing incline,Strength,Common,Do a counter push-up and finish by pushing the surface slightly farther away.,https://www.acefitness.org/resources/everyone/exercise-library/; https://acsm.org/resistance-training-guidelines-update-2026/; https://acsm.org/education-resources/trending-topics-resources/physical-activity-guidelines/,1) Place your hands on a sturdy counter slightly wider than shoulder-width. 2) Step or lower back until your body forms one long line from head to knees or heels. 3) Do a counter push-up and finish by pushing the surface slightly farther away. 4) Bend your elbows to lower your chest toward the surface. 5) Press the surface away to return to the start position.,"1) Keep shoulders away from your ears. 2) Brace your trunk so the ribs do not flare or the low back arch excessively. 3) Stop if you feel sharp pain, numbness, dizziness, or joint pinching.","Setup | Adult in a standing incline push-up setup with hands wide on a counter, feet planted, shoulders down, and body in one long line. | https://imagedelivery.net/TDuhqfLDl0Fb8RGwGw6mYw/70fe1f28-3170-4654-e9dc-0c5e644fe900/public ;; Lower | Adult bends the elbows and lowers the chest toward the counter while keeping the body long and ribs quiet. | https://imagedelivery.net/TDuhqfLDl0Fb8RGwGw6mYw/5a065e1a-03cc-47f4-080a-99e919b17700/public ;; Plus finish | Adult returns to the top of the counter push-up and presses the counter away to reach through the shoulders without shrugging. | https://imagedelivery.net/TDuhqfLDl0Fb8RGwGw6mYw/d3c85f84-2179-4e41-9c2f-9cd8f10c7700/public"
Exercise,EX575,Eccentric Counter Push-Up,Upper Body Push,"Chest, shoulders, triceps",Beginner,Counter,Standing incline,Strength,Common,"Take several seconds to lower toward a counter, then press back up normally.",https://www.acefitness.org/resources/everyone/exercise-library/; https://acsm.org/resistance-training-guidelines-update-2026/; https://acsm.org/education-resources/trending-topics-resources/physical-activity-guidelines/,"1) Place your hands on a sturdy counter slightly wider than shoulder-width. 2) Step or lower back until your body forms one long line from head to knees or heels. 3) Take several seconds to lower toward a counter, then press back up normally. 4) Bend your elbows to lower your chest toward the surface. 5) Press the surface away to return to the start position.","1) Keep shoulders away from your ears. 2) Brace your trunk so the ribs do not flare or the low back arch excessively. 3) Stop if you feel sharp pain, numbness, dizziness, or joint pinching.","Setup at counter | Person in a standing incline push-up setup with hands wide on a counter, body in one long line, and shoulders relaxed. | https://imagedelivery.net/TDuhqfLDl0Fb8RGwGw6mYw/65fe7e72-28ed-45c4-ac44-55b4f85c7800/public ;; Slow eccentric lower | Person lowering slowly toward a counter with elbows bending back, ribs braced, and body staying aligned. | https://imagedelivery.net/TDuhqfLDl0Fb8RGwGw6mYw/ee0e5ef1-97f5-4a83-aa8e-c983c5df7500/public ;; Press back up | Person pressing away from the counter to return toward the start position while keeping shoulders quiet and a long body line. | https://imagedelivery.net/TDuhqfLDl0Fb8RGwGw6mYw/6edb18df-ed9d-4f92-056b-2c71e9009500/public"
Exercise,EX576,Incline Close-Grip Push-Up,Upper Body Push,"Triceps, chest, shoulders",Intermediate,Counter or couch,Incline plank,Strength,Variant,Place hands closer together on an incline surface for a triceps-focused push-up.,https://www.acefitness.org/resources/everyone/exercise-library/; https://acsm.org/resistance-training-guidelines-update-2026/; https://acsm.org/education-resources/trending-topics-resources/physical-activity-guidelines/,1) Place your hands on a sturdy counter slightly wider than shoulder-width. 2) Step or lower back until your body forms one long line from head to knees or heels. 3) Place hands closer together on an incline surface for a triceps-focused push-up. 4) Bend your elbows to lower your chest toward the surface. 5) Press the surface away to return to the start position.,"1) Keep shoulders away from your ears. 2) Brace your trunk so the ribs do not flare or the low back arch excessively. 3) Use only a stable surface that will not slide, tip, or open unexpectedly. 4) Stop if you feel sharp pain, numbness, dizziness, or joint pinching.",Setup | Instructional illustration of an adult in an incline plank with close hands on a sturdy elevated surface and a long line from head to heels. | https://imagedelivery.net/TDuhqfLDl0Fb8RGwGw6mYw/1692d162-4c8f-454f-b04f-dfb5220d4800/public ;; Lower with elbows close | Instructional illustration of the adult lowering the chest toward the elevated surface while the elbows stay tucked close and the feet stay planted. | https://imagedelivery.net/TDuhqfLDl0Fb8RGwGw6mYw/ffcdf759-e375-435c-4136-931768f6ae00/public ;; Press to start | Instructional illustration of the adult pressing away from the elevated surface to return to a straight-body incline plank. | https://imagedelivery.net/TDuhqfLDl0Fb8RGwGw6mYw/e4e0052d-5eb3-4fb4-29b9-df7b6427d300/public
Exercise,EX577,Incline Wide Push-Up,Upper Body Push,"Chest, shoulders",Beginner,Counter or couch,Incline plank,Strength,Common,Place hands wide on an incline surface and lower with control.,https://www.acefitness.org/resources/everyone/exercise-library/; https://acsm.org/resistance-training-guidelines-update-2026/; https://acsm.org/education-resources/trending-topics-resources/physical-activity-guidelines/,1) Place your hands on a sturdy counter slightly wider than shoulder-width. 2) Step or lower back until your body forms one long line from head to knees or heels. 3) Place hands wide on an incline surface and lower with control. 4) Bend your elbows to lower your chest toward the surface. 5) Press the surface away to return to the start position.,"1) Keep shoulders away from your ears. 2) Brace your trunk so the ribs do not flare or the low back arch excessively. 3) Use only a stable surface that will not slide, tip, or open unexpectedly. 4) Stop if you feel sharp pain, numbness, dizziness, or joint pinching.","Setup | Adult in an incline plank with hands wide on a sturdy counter, feet planted on a mat, and body in one long line. | https://imagedelivery.net/TDuhqfLDl0Fb8RGwGw6mYw/595bcfaf-ee08-4894-f25f-18738df3e600/public ;; Lower with control | Adult lowering the chest toward a sturdy counter during an incline wide push-up while keeping hands and feet planted. | https://imagedelivery.net/TDuhqfLDl0Fb8RGwGw6mYw/ad0bcc1d-7947-4933-2df1-08c146e5ab00/public ;; Press away | Adult pressing the counter away to return to the top of an incline wide push-up with shoulders down and hands wide. | https://imagedelivery.net/TDuhqfLDl0Fb8RGwGw6mYw/6d2ee7d4-ad00-4f20-2887-95e5dcc10400/public"
Exercise,EX578,Knee Diamond Push-Up,Upper Body Push,"Triceps, chest, shoulders",Intermediate,None,Kneeling plank,Strength,Variant,Perform a diamond push-up from the knees with elbows tracking back.,https://www.acefitness.org/resources/everyone/exercise-library/; https://acsm.org/resistance-training-guidelines-update-2026/; https://acsm.org/education-resources/trending-topics-resources/physical-activity-guidelines/,1) Place your hands on the floor slightly wider than shoulder-width. 2) Step or lower back until your body forms one long line from head to knees or heels. 3) Perform a diamond push-up from the knees with elbows tracking back. 4) Bend your elbows to lower your chest toward the surface. 5) Press the surface away to return to the start position.,"1) Keep shoulders away from your ears. 2) Brace your trunk so the ribs do not flare or the low back arch excessively. 3) Stop if you feel sharp pain, numbness, dizziness, or joint pinching.",Setup: diamond hands | Illustration of an adult in a kneeling plank with thumbs and index fingers forming a diamond under the chest. | https://imagedelivery.net/TDuhqfLDl0Fb8RGwGw6mYw/385c1019-567d-444d-b6a1-8aa6c7987600/public ;; Lower with elbows back | Illustration of a kneeling diamond push-up lowered toward the mat with elbows tracking back and ribs controlled. | https://imagedelivery.net/TDuhqfLDl0Fb8RGwGw6mYw/5501cacd-7b07-4222-9065-fc1031adc900/public ;; Press away to return | Illustration of the kneeling diamond push-up returning to the top while pressing the mat away and keeping a long body line. | https://imagedelivery.net/TDuhqfLDl0Fb8RGwGw6mYw/48b911ae-cc79-479a-653a-62252be69200/public
Exercise,EX579,Knee Decline Push-Up,Upper Body Push,"Chest, shoulders, triceps",Intermediate,Low step or couch,Kneeling decline plank,Strength,Variant,Place knees or shins on a low elevation and perform a push-up.,https://www.acefitness.org/resources/everyone/exercise-library/; https://acsm.org/resistance-training-guidelines-update-2026/; https://acsm.org/education-resources/trending-topics-resources/physical-activity-guidelines/,1) Place your hands on a sturdy couch edge slightly wider than shoulder-width. 2) Step or lower back until your body forms one long line from head to knees or heels. 3) Place knees or shins on a low elevation and perform a push-up. 4) Bend your elbows to lower your chest toward the surface. 5) Press the surface away to return to the start position.,"1) Keep shoulders away from your ears. 2) Brace your trunk so the ribs do not flare or the low back arch excessively. 3) Use only a stable surface that will not slide, tip, or open unexpectedly. 4) Stop if you feel sharp pain, numbness, dizziness, or joint pinching.","Setup | Knee decline push-up setup with hands planted on the mat, shins supported on a low step, and the body held in one long line. | https://imagedelivery.net/TDuhqfLDl0Fb8RGwGw6mYw/68a43dae-a71f-490d-c04b-f2683aa31a00/public ;; Lower | Knee decline push-up bottom position with elbows bent, chest lowered toward the mat, shins still supported, and the ribs quiet. | https://imagedelivery.net/TDuhqfLDl0Fb8RGwGw6mYw/be7a7c0d-e94c-425d-c964-78924e3f8700/public ;; Press | Knee decline push-up press phase with arms extending to push the floor away while the body stays long from head to knees. | https://imagedelivery.net/TDuhqfLDl0Fb8RGwGw6mYw/eee5b0be-056e-4e18-1994-a21eb5902a00/public"
Exercise,EX580,Push-Up with Alternating Reach,Upper Body Push,"Chest, shoulders, trunk",Intermediate,None,High plank,Strength,Variant,"Do a push-up, then reach one arm forward before the next rep.",https://www.acefitness.org/resources/everyone/exercise-library/; https://acsm.org/resistance-training-guidelines-update-2026/; https://acsm.org/education-resources/trending-topics-resources/physical-activity-guidelines/,"1) Place your hands on the floor slightly wider than shoulder-width. 2) Step or lower back until your body forms one long line from head to knees or heels. 3) Do a push-up, then reach one arm forward before the next rep. 4) Bend your elbows to lower your chest toward the surface. 5) Press the surface away to return to the start position.","1) Keep shoulders away from your ears. 2) Brace your trunk so the ribs do not flare or the low back arch excessively. 3) Stop if you feel sharp pain, numbness, dizziness, or joint pinching.","High plank setup | Adult in a high plank on a mat with hands under shoulders, feet on toes, and body in one long line. | https://imagedelivery.net/TDuhqfLDl0Fb8RGwGw6mYw/2d87045f-6b04-47d8-7b8e-d762f76e9000/public ;; Push-up lower | Adult lowering into a push-up with elbows bent, chest near the mat, trunk braced, and feet on toes. | https://imagedelivery.net/TDuhqfLDl0Fb8RGwGw6mYw/6398c7b0-6018-4b99-d2cd-8b4d580dff00/public ;; First arm reach | Adult in a high plank reaching one arm forward while the opposite hand and both feet remain planted. | https://imagedelivery.net/TDuhqfLDl0Fb8RGwGw6mYw/fd24210b-d84f-432f-7601-a54775ec6a00/public ;; Alternate arm reach | Adult in a high plank reaching the other arm forward while keeping the support hand planted and hips level. | https://imagedelivery.net/TDuhqfLDl0Fb8RGwGw6mYw/49d79e6f-1482-47c5-b16a-56c05d05e300/public"
Exercise,EX581,Push-Up with Knee Drive,Upper Body Push,"Chest, shoulders, core",Intermediate,None,High plank,Strength,Variant,"Do a push-up, then drive one knee forward under the body.",https://www.acefitness.org/resources/everyone/exercise-library/; https://acsm.org/resistance-training-guidelines-update-2026/; https://acsm.org/education-resources/trending-topics-resources/physical-activity-guidelines/,"1) Place your hands on the floor slightly wider than shoulder-width. 2) Step or lower back until your body forms one long line from head to knees or heels. 3) Do a push-up, then drive one knee forward under the body. 4) Bend your elbows to lower your chest toward the surface. 5) Press the surface away to return to the start position.","1) Keep shoulders away from your ears. 2) Brace your trunk so the ribs do not flare or the low back arch excessively. 3) Stop if you feel sharp pain, numbness, dizziness, or joint pinching.","High plank setup | Side-view instructional illustration of an adult in a high plank on a mat with callouts for shoulders over wrists, long line, and braced trunk. | https://imagedelivery.net/TDuhqfLDl0Fb8RGwGw6mYw/5e00f814-0f23-4fe6-118f-78211ec2b600/public ;; Push-up bottom | Side-view instructional illustration of an adult at the bottom of a floor push-up with elbows bent back and chest lowered toward the mat. | https://imagedelivery.net/TDuhqfLDl0Fb8RGwGw6mYw/e7052384-5a6a-4691-cd77-0f47ebd85100/public ;; Knee drive | Side-view instructional illustration of an adult in a high plank driving one knee forward under the torso while the rear leg stays extended. | https://imagedelivery.net/TDuhqfLDl0Fb8RGwGw6mYw/ea25d5ba-24d7-4ce6-87e8-d62e973d1500/public"
Exercise,EX582,Push-Up Plank Hold at Bottom,Upper Body Push,"Chest, shoulders, triceps",Advanced,None,High plank,Strength,Variant,Lower halfway or near the bottom of a push-up and hold briefly before pressing up.,https://www.acefitness.org/resources/everyone/exercise-library/; https://acsm.org/resistance-training-guidelines-update-2026/; https://acsm.org/education-resources/trending-topics-resources/physical-activity-guidelines/,1) Place your hands on the floor slightly wider than shoulder-width. 2) Step or lower back until your body forms one long line from head to knees or heels. 3) Lower halfway or near the bottom of a push-up and hold briefly before pressing up. 4) Bend your elbows to lower your chest toward the surface. 5) Press the surface away to return to the start position.,"1) Keep shoulders away from your ears. 2) Brace your trunk so the ribs do not flare or the low back arch excessively. 3) Stop if you feel sharp pain, numbness, dizziness, or joint pinching.","High plank setup | An adult holds a high plank on a mat with shoulders stacked over wrists, hands slightly wide, and body in one long line. | https://imagedelivery.net/TDuhqfLDl0Fb8RGwGw6mYw/bf967cf9-12aa-4949-4966-d2308d078e00/public ;; Bottom hold | An adult holds near the bottom of a push-up with chest hovering above the mat, elbows bent, trunk braced, and legs extended. | https://imagedelivery.net/TDuhqfLDl0Fb8RGwGw6mYw/5750ed4a-84d5-4829-50e4-c3aa42432f00/public ;; Press up | An adult presses the floor away to return to a high plank while keeping ribs down, neck long, and body aligned. | https://imagedelivery.net/TDuhqfLDl0Fb8RGwGw6mYw/3d7c7eec-c7dd-455e-e94d-66964773fb00/public"
Exercise,EX583,Incline Spiderman Push-Up,Upper Body Push,"Chest, shoulders, obliques",Intermediate,Counter or couch,Incline plank,Strength,Variant,Perform an incline push-up while drawing one knee toward the same-side elbow.,https://www.acefitness.org/resources/everyone/exercise-library/; https://acsm.org/resistance-training-guidelines-update-2026/; https://acsm.org/education-resources/trending-topics-resources/physical-activity-guidelines/,1) Place your hands on a sturdy counter slightly wider than shoulder-width. 2) Step or lower back until your body forms one long line from head to knees or heels. 3) Perform an incline push-up while drawing one knee toward the same-side elbow. 4) Bend your elbows to lower your chest toward the surface. 5) Press the surface away to return to the start position.,"1) Keep shoulders away from your ears. 2) Brace your trunk so the ribs do not flare or the low back arch excessively. 3) Use only a stable surface that will not slide, tip, or open unexpectedly. 4) Stop if you feel sharp pain, numbness, dizziness, or joint pinching.","Incline plank setup | Person in an incline plank with hands on a sturdy counter, feet on a mat, and body in one long line. | https://imagedelivery.net/TDuhqfLDl0Fb8RGwGw6mYw/bc55aeaf-0d42-45ca-233e-2f3a65295e00/public ;; Knee drive push-up | Person lowers toward the counter while drawing the same-side knee toward the elbow, with the other leg extended. | https://imagedelivery.net/TDuhqfLDl0Fb8RGwGw6mYw/071162c1-80cd-4c63-7c7c-1a07beeee100/public ;; Press to plank | Person presses the counter away and returns to a long incline plank with both feet on the mat. | https://imagedelivery.net/TDuhqfLDl0Fb8RGwGw6mYw/0347ef92-55c0-4597-8ae3-802337b4be00/public"
Exercise,EX584,Pike Push-Up Negative,Upper Body Push,"Shoulders, triceps",Advanced,None,Pike plank,Strength,Variant,Lower slowly from a pike push-up and reset as needed before the next rep.,https://www.acefitness.org/resources/everyone/exercise-library/; https://acsm.org/resistance-training-guidelines-update-2026/; https://acsm.org/education-resources/trending-topics-resources/physical-activity-guidelines/,1) Place your hands on the floor slightly wider than shoulder-width. 2) Step or lower back until your body forms one long line from head to knees or heels. 3) Lower slowly from a pike push-up and reset as needed before the next rep. 4) Bend your elbows to lower your chest toward the surface. 5) Press the surface away to return to the start position.,"1) Keep shoulders away from your ears. 2) Brace your trunk so the ribs do not flare or the low back arch excessively. 3) Stop if you feel sharp pain, numbness, dizziness, or joint pinching.","Pike setup | Adult in a pike plank setup with hips high, hands rooted on a mat, and a long spine. | https://imagedelivery.net/TDuhqfLDl0Fb8RGwGw6mYw/62408ad7-8b36-4dce-de4e-90c720d9d100/public ;; Slow negative | Adult lowering slowly from a pike push-up with elbows bent, hips high, and head moving toward the mat. | https://imagedelivery.net/TDuhqfLDl0Fb8RGwGw6mYw/c9194b76-052e-40c6-6609-9711ce174f00/public ;; Reset and press away | Adult pressing the floor away and resetting hips high after the pike push-up negative. | https://imagedelivery.net/TDuhqfLDl0Fb8RGwGw6mYw/7345ef56-b261-4b6a-feb9-64705f730000/public"
Exercise,EX585,Wall Pike Press,Upper Body Push,"Shoulders, triceps",Intermediate,Wall,Standing hinge,Strength,Variant,Hinge with hands on a wall and press your body away like a vertical pike press.,https://www.acefitness.org/resources/everyone/exercise-library/; https://acsm.org/resistance-training-guidelines-update-2026/; https://acsm.org/education-resources/trending-topics-resources/physical-activity-guidelines/,1) Place your hands on the wall slightly wider than shoulder-width. 2) Step or lower back until your body forms one long line from head to knees or heels. 3) Hinge with hands on a wall and press your body away like a vertical pike press. 4) Bend your elbows to lower your chest toward the surface. 5) Press the surface away to return to the start position.,"1) Keep shoulders away from your ears. 2) Brace your trunk so the ribs do not flare or the low back arch excessively. 3) Stand close enough to control the movement without jamming your wrists, shoulders, or back. 4) Stop if you feel sharp pain, numbness, dizziness, or joint pinching.","Setup | Adult in a standing hinge with both hands on a wall, feet planted on a mat, and labels for hands wide, hips back, and long line. | https://imagedelivery.net/TDuhqfLDl0Fb8RGwGw6mYw/8833138f-73d7-4c72-03df-6acae6962d00/public ;; Lower | Adult lowers the chest toward the wall with elbows bent, feet planted, and labels for bend elbows, chest toward wall, and ribs quiet. | https://imagedelivery.net/TDuhqfLDl0Fb8RGwGw6mYw/62497294-5979-4508-ebf5-765ba665fe00/public ;; Press away | Adult presses the wall away to return to a long diagonal body line, with labels for press away, shoulders low, and brace trunk. | https://imagedelivery.net/TDuhqfLDl0Fb8RGwGw6mYw/a63e71f9-88f2-4400-8191-429c2e46af00/public"
Exercise,EX586,Kneeling Pike Press,Upper Body Push,"Shoulders, triceps",Intermediate,None,Kneeling pike,Strength,Variant,Start on knees with hips high and lower your head toward the floor before pressing away.,https://www.acefitness.org/resources/everyone/exercise-library/; https://acsm.org/resistance-training-guidelines-update-2026/; https://acsm.org/education-resources/trending-topics-resources/physical-activity-guidelines/,1) Place your hands on the floor slightly wider than shoulder-width. 2) Step or lower back until your body forms one long line from head to knees or heels. 3) Start on knees with hips high and lower your head toward the floor before pressing away. 4) Bend your elbows to lower your chest toward the surface. 5) Press the surface away to return to the start position.,"1) Keep shoulders away from your ears. 2) Brace your trunk so the ribs do not flare or the low back arch excessively. 3) Stop if you feel sharp pain, numbness, dizziness, or joint pinching.","Kneeling pike setup | A person starts a kneeling pike press with hands wide, knees down, and hips high. | https://imagedelivery.net/TDuhqfLDl0Fb8RGwGw6mYw/06edbe28-6757-4c60-e1a8-f3cb2869ed00/public ;; Lower head | A person bends both elbows and lowers the head toward the floor while keeping knees down and hips high. | https://imagedelivery.net/TDuhqfLDl0Fb8RGwGw6mYw/9262baf7-9ba9-4cbb-ff78-97fc7d5b5d00/public ;; Press away | A person presses the floor away to return toward the kneeling pike start position. | https://imagedelivery.net/TDuhqfLDl0Fb8RGwGw6mYw/8a646a3b-4a6c-4732-1785-4f649fe58800/public"
Exercise,EX587,Seated Backpack Overhead Press,Upper Body Push,"Shoulders, triceps, trunk",Beginner,Backpack and chair,Seated,Strength,Common,Press a light backpack overhead while seated tall.,https://www.acefitness.org/resources/everyone/exercise-library/; https://acsm.org/resistance-training-guidelines-update-2026/; https://acsm.org/education-resources/trending-topics-resources/physical-activity-guidelines/,"1) Sit tall with feet planted or legs positioned comfortably, and keep your ribs stacked over hips. 2) Load the backpack lightly, close all zippers, and hold or wear it securely before the first rep. 3) Press a light backpack overhead while seated tall. 4) Brace your trunk and press, pull, or raise the load through the intended movement path. 5) Return slowly to the start position without shrugging your shoulders.","1) Keep shoulders away from your ears. 2) Brace your trunk so the ribs do not flare or the low back arch excessively. 3) Use only a stable surface that will not slide, tip, or open unexpectedly. 4) Stop if you feel sharp pain, numbness, dizziness, or joint pinching.","Seated setup | An adult sits tall on a stable chair with feet planted, holding a closed light backpack securely at the upper chest. | https://imagedelivery.net/TDuhqfLDl0Fb8RGwGw6mYw/437d1692-b6e5-4a01-0d62-f0758957c400/public ;; Press overhead | An adult presses a light backpack overhead while seated tall on a chair with ribs stacked, shoulders down, and feet planted. | https://imagedelivery.net/TDuhqfLDl0Fb8RGwGw6mYw/a73174ce-ce0c-41d6-e4d7-720700fea100/public ;; Slow return | An adult lowers a light backpack slowly back toward the upper chest while staying tall and relaxed through the shoulders. | https://imagedelivery.net/TDuhqfLDl0Fb8RGwGw6mYw/5e04aa40-0561-4181-e5b3-8223439b8e00/public"
Exercise,EX588,Standing Bottle Overhead Press,Upper Body Push,"Shoulders, triceps",Beginner,Water bottles,Standing,Strength,Common,Press two bottles overhead from shoulder height.,https://www.acefitness.org/resources/everyone/exercise-library/; https://acsm.org/resistance-training-guidelines-update-2026/; https://acsm.org/education-resources/trending-topics-resources/physical-activity-guidelines/,"1) Stand tall in the stance named by the exercise, with feet planted and ribs stacked over hips. 2) Hold the bottles with a firm grip and choose a load light enough to control smoothly. 3) Press two bottles overhead from shoulder height. 4) Brace your trunk and press, pull, or raise the load through the intended movement path. 5) Return slowly to the start position without shrugging your shoulders.","1) Keep shoulders away from your ears. 2) Brace your trunk so the ribs do not flare or the low back arch excessively. 3) Choose a light load first and make sure lids, straps, and zippers are secure. 4) Stop if you feel sharp pain, numbness, dizziness, or joint pinching.","Shoulder-height setup | Adult standing on a mat holding two water bottles at shoulder height with feet planted and chest tall. | https://imagedelivery.net/TDuhqfLDl0Fb8RGwGw6mYw/0418d3bd-d15d-451b-1bf8-d558bca78100/public ;; Press overhead | Adult standing tall with two water bottles pressed overhead, ribs stacked and shoulders relaxed. | https://imagedelivery.net/TDuhqfLDl0Fb8RGwGw6mYw/5056c87a-a1ba-4553-692c-932a69437c00/public ;; Controlled return | Adult lowering two water bottles from overhead with control while keeping feet planted and trunk braced. | https://imagedelivery.net/TDuhqfLDl0Fb8RGwGw6mYw/5e6be817-581c-4721-340d-fafe2a371500/public"
Exercise,EX589,Alternating Bottle Shoulder Press,Upper Body Push,"Shoulders, triceps, trunk",Beginner,Water bottles,Standing,Strength,Common,Press one bottle overhead at a time while keeping the torso still.,https://www.acefitness.org/resources/everyone/exercise-library/; https://acsm.org/resistance-training-guidelines-update-2026/; https://acsm.org/education-resources/trending-topics-resources/physical-activity-guidelines/,"1) Stand tall in the stance named by the exercise, with feet planted and ribs stacked over hips. 2) Hold the bottles with a firm grip and choose a load light enough to control smoothly. 3) Press one bottle overhead at a time while keeping the torso still. 4) Brace your trunk and press, pull, or raise the load through the intended movement path. 5) Return slowly to the start position without shrugging your shoulders.","1) Keep shoulders away from your ears. 2) Brace your trunk so the ribs do not flare or the low back arch excessively. 3) Choose a light load first and make sure lids, straps, and zippers are secure. 4) Stop if you feel sharp pain, numbness, dizziness, or joint pinching.",Setup stance | Front three-quarter instructional illustration of a person standing tall on a mat with two water bottles held at shoulder height and feet planted. | https://imagedelivery.net/TDuhqfLDl0Fb8RGwGw6mYw/fc04f8a1-5392-4d2d-033a-b64c32797800/public ;; Press first side | Front three-quarter instructional illustration of the person pressing the bottle in the subject's right hand overhead while the other bottle stays at shoulder height and the torso stays still. | https://imagedelivery.net/TDuhqfLDl0Fb8RGwGw6mYw/6f149e5f-de65-444f-da27-d9c537ca6e00/public ;; Control the return | Front three-quarter instructional illustration of the person lowering one water bottle under control while keeping the other bottle near the shoulder and the torso upright. | https://imagedelivery.net/TDuhqfLDl0Fb8RGwGw6mYw/83a7d186-f0d5-4ad7-147d-be5945e97d00/public ;; Press second side | Front three-quarter instructional illustration of the person pressing the bottle in the subject's left hand overhead while the opposite bottle stays at shoulder height and the trunk stays braced. | https://imagedelivery.net/TDuhqfLDl0Fb8RGwGw6mYw/7638ba20-2e11-4ca1-3b95-a30e79f72900/public
Exercise,EX590,Half-Kneeling Bottle Press,Upper Body Push,"Shoulders, triceps, trunk",Intermediate,Water bottle,Half-kneeling,Strength,Variant,Press one bottle overhead from a half-kneeling stance.,https://www.acefitness.org/resources/everyone/exercise-library/; https://acsm.org/resistance-training-guidelines-update-2026/; https://acsm.org/education-resources/trending-topics-resources/physical-activity-guidelines/,"1) Set up half-kneeling with one knee down and the front foot planted. 2) Hold the bottles with a firm grip and choose a load light enough to control smoothly. 3) Press one bottle overhead from a half-kneeling stance. 4) Brace your trunk and press, pull, or raise the load through the intended movement path. 5) Return slowly to the start position without shrugging your shoulders.","1) Keep shoulders away from your ears. 2) Brace your trunk so the ribs do not flare or the low back arch excessively. 3) Choose a light load first and make sure lids, straps, and zippers are secure. 4) Stop if you feel sharp pain, numbness, dizziness, or joint pinching.","Setup stance | A person in a half-kneeling stance holds one water bottle at shoulder height with cues for a planted front foot, tall chest, and ribs down. | https://imagedelivery.net/TDuhqfLDl0Fb8RGwGw6mYw/e159e93a-6184-4674-5e60-341832e60b00/public ;; Press overhead | A person presses one water bottle overhead from half-kneeling while keeping the shoulder low and trunk braced. | https://imagedelivery.net/TDuhqfLDl0Fb8RGwGw6mYw/12e8e681-e99a-4438-2f31-8f4ae1a2d200/public ;; Controlled return | A person lowers the water bottle back toward shoulder height from a half-kneeling stance with cues for control, no shrug, and staying tall. | https://imagedelivery.net/TDuhqfLDl0Fb8RGwGw6mYw/af3e8c8b-6b41-493a-6f5f-86ffab421600/public"
Exercise,EX591,Split-Stance Bottle Press,Upper Body Push,"Shoulders, triceps, trunk",Intermediate,Water bottles,Standing split stance,Strength,Variant,Press bottles overhead while standing in a split stance for extra balance demand.,https://www.acefitness.org/resources/everyone/exercise-library/; https://acsm.org/resistance-training-guidelines-update-2026/; https://acsm.org/education-resources/trending-topics-resources/physical-activity-guidelines/,"1) Stand tall in the stance named by the exercise, with feet planted and ribs stacked over hips. 2) Hold the bottles with a firm grip and choose a load light enough to control smoothly. 3) Press bottles overhead while standing in a split stance for extra balance demand. 4) Brace your trunk and press, pull, or raise the load through the intended movement path. 5) Return slowly to the start position without shrugging your shoulders.","1) Keep shoulders away from your ears. 2) Brace your trunk so the ribs do not flare or the low back arch excessively. 3) Choose a light load first and make sure lids, straps, and zippers are secure. 4) Stop if you feel sharp pain, numbness, dizziness, or joint pinching.",Setup | Adult in a split stance holding two water bottles at shoulder height with ribs stacked and shoulders relaxed. | https://imagedelivery.net/TDuhqfLDl0Fb8RGwGw6mYw/7b792e88-4c38-4703-9fea-180b220bc300/public ;; Press overhead | Adult presses two water bottles overhead from a split stance while keeping the trunk braced and shoulders low. | https://imagedelivery.net/TDuhqfLDl0Fb8RGwGw6mYw/f9455ec8-6cc0-4cce-d911-a46eb7166600/public ;; Controlled lower | Adult lowers two water bottles from overhead toward the shoulders with both feet planted in the split stance. | https://imagedelivery.net/TDuhqfLDl0Fb8RGwGw6mYw/572e577f-2171-4ae6-fe17-a652f7619e00/public
Exercise,EX592,Bottle Arnold Press,Upper Body Push,"Shoulders, triceps",Intermediate,Water bottles,Standing or seated,Strength,Variant,Rotate bottles from palms-in near the chest to palms-forward overhead.,https://www.acefitness.org/resources/everyone/exercise-library/; https://acsm.org/resistance-training-guidelines-update-2026/; https://acsm.org/education-resources/trending-topics-resources/physical-activity-guidelines/,"1) Start seated or standing as the movement requires, with your torso tall and feet controlled. 2) Hold the bottles with a firm grip and choose a load light enough to control smoothly. 3) Rotate bottles from palms-in near the chest to palms-forward overhead. 4) Brace your trunk and press, pull, or raise the load through the intended movement path. 5) Return slowly to the start position without shrugging your shoulders.","1) Keep shoulders away from your ears. 2) Brace your trunk so the ribs do not flare or the low back arch excessively. 3) Choose a light load first and make sure lids, straps, and zippers are secure. 4) Stop if you feel sharp pain, numbness, dizziness, or joint pinching.","Palms-in setup | Seated adult holding two water bottles close to the chest with palms facing inward, torso tall, and feet planted. | https://imagedelivery.net/TDuhqfLDl0Fb8RGwGw6mYw/d821df6a-7e98-410e-4b4a-1ba9836d3f00/public ;; Rotate and press | Seated adult pressing two water bottles upward while rotating the hands open from palms-in toward palms-forward. | https://imagedelivery.net/TDuhqfLDl0Fb8RGwGw6mYw/85f7aaa0-8fc9-4240-a820-c2323f46d100/public ;; Overhead finish | Seated adult finishing the bottle Arnold press overhead with palms forward, shoulders down, and ribs quiet. | https://imagedelivery.net/TDuhqfLDl0Fb8RGwGw6mYw/6bfbdf7e-e840-471e-90c9-436d399c3f00/public"
Exercise,EX593,Bottle Y Raise,Upper Body Push,"Shoulders, upper back",Beginner,Water bottles,Standing,Strength,Variant,Raise light bottles diagonally into a Y shape.,https://www.acefitness.org/resources/everyone/exercise-library/; https://acsm.org/resistance-training-guidelines-update-2026/; https://acsm.org/education-resources/trending-topics-resources/physical-activity-guidelines/,"1) Stand tall in the stance named by the exercise, with feet planted and ribs stacked over hips. 2) Hold the bottles with a firm grip and choose a load light enough to control smoothly. 3) Raise light bottles diagonally into a Y shape. 4) Brace your trunk and press, pull, or raise the load through the intended movement path. 5) Return slowly to the start position without shrugging your shoulders.","1) Keep shoulders away from your ears. 2) Brace your trunk so the ribs do not flare or the low back arch excessively. 3) Choose a light load first and make sure lids, straps, and zippers are secure. 4) Stop if you feel sharp pain, numbness, dizziness, or joint pinching.",Setup | Adult standing tall on a mat holding two water bottles at the sides with feet planted and chest tall. | https://imagedelivery.net/TDuhqfLDl0Fb8RGwGw6mYw/e509b944-20bc-4357-fe9a-fc93d262bf00/public ;; Raise to Y | Adult raises two light water bottles diagonally overhead into a Y shape while keeping shoulders down and ribs stacked. | https://imagedelivery.net/TDuhqfLDl0Fb8RGwGw6mYw/4880e51d-16eb-4986-fe5e-63ad72317b00/public ;; Controlled return | Adult lowers the water bottles slowly along the diagonal Y path while standing tall with relaxed shoulders. | https://imagedelivery.net/TDuhqfLDl0Fb8RGwGw6mYw/16069389-c54c-496e-0fbe-121e32987200/public
Exercise,EX594,Bottle Scaption Raise,Upper Body Push,Shoulders,Beginner,Water bottles,Standing,Strength,Common,Raise light bottles halfway between a front raise and a lateral raise.,https://www.acefitness.org/resources/everyone/exercise-library/; https://acsm.org/resistance-training-guidelines-update-2026/; https://acsm.org/education-resources/trending-topics-resources/physical-activity-guidelines/,"1) Stand tall in the stance named by the exercise, with feet planted and ribs stacked over hips. 2) Hold the bottles with a firm grip and choose a load light enough to control smoothly. 3) Raise light bottles halfway between a front raise and a lateral raise. 4) Brace your trunk and press, pull, or raise the load through the intended movement path. 5) Return slowly to the start position without shrugging your shoulders.","1) Keep shoulders away from your ears. 2) Brace your trunk so the ribs do not flare or the low back arch excessively. 3) Choose a light load first and make sure lids, straps, and zippers are secure. 4) Stop if you feel sharp pain, numbness, dizziness, or joint pinching.","Tall setup | Standing adult holds light water bottles at the sides with ribs stacked and feet planted before a bottle scaption raise. | https://imagedelivery.net/TDuhqfLDl0Fb8RGwGw6mYw/7343b1ce-d3ff-4442-8802-3c55c8564100/public ;; Scaption raise | Standing adult raises both water bottles on a diagonal scaption path halfway between a front raise and a lateral raise, with shoulders relaxed. | https://imagedelivery.net/TDuhqfLDl0Fb8RGwGw6mYw/b5bee125-0c8d-4a47-e644-9f0fb9f0d000/public ;; Controlled return | Standing adult lowers both water bottles slowly along the same scaption path while keeping the trunk braced and shoulders away from the ears. | https://imagedelivery.net/TDuhqfLDl0Fb8RGwGw6mYw/6227eedf-5690-4fa8-436a-25c18768b700/public"
Exercise,EX595,Bottle Rear Raise from Hinge,Upper Body Push,"Rear shoulders, upper back",Intermediate,Water bottles,Standing hinge,Strength,Variant,Hinge forward and raise bottles out slightly behind the body.,https://www.acefitness.org/resources/everyone/exercise-library/; https://acsm.org/resistance-training-guidelines-update-2026/; https://acsm.org/education-resources/trending-topics-resources/physical-activity-guidelines/,"1) Stand tall in the stance named by the exercise, with feet planted and ribs stacked over hips. 2) Hold the bottles with a firm grip and choose a load light enough to control smoothly. 3) Hinge forward and raise bottles out slightly behind the body. 4) Brace your trunk and press, pull, or raise the load through the intended movement path. 5) Return slowly to the start position without shrugging your shoulders.","1) Keep shoulders away from your ears. 2) Brace your trunk so the ribs do not flare or the low back arch excessively. 3) Choose a light load first and make sure lids, straps, and zippers are secure. 4) Stop if you feel sharp pain, numbness, dizziness, or joint pinching.","Setup hinge | Adult hinged forward on a mat holding two water bottles with hips back, long spine, and soft knees. | https://imagedelivery.net/TDuhqfLDl0Fb8RGwGw6mYw/da31e10f-789a-4fe1-2f3d-d365475c4a00/public ;; Raise behind | Adult maintains a standing hinge while raising two water bottles out to the sides and slightly behind the body. | https://imagedelivery.net/TDuhqfLDl0Fb8RGwGw6mYw/c010e101-073e-48f6-e5d6-ef837d521b00/public ;; Controlled return | Adult lowers two water bottles slowly from the rear raise while keeping shoulders low and trunk braced. | https://imagedelivery.net/TDuhqfLDl0Fb8RGwGw6mYw/c998b9dc-2083-45aa-bb19-6130b0932800/public"
Exercise,EX596,Backpack Close-Grip Floor Press,Upper Body Push,"Chest, triceps",Intermediate,Backpack,Supine,Strength,Variant,Lie on the floor and press a backpack with hands close together.,https://www.acefitness.org/resources/everyone/exercise-library/; https://acsm.org/resistance-training-guidelines-update-2026/; https://acsm.org/education-resources/trending-topics-resources/physical-activity-guidelines/,"1) Lie on your back with knees bent or legs positioned as the movement requires. 2) Load the backpack lightly, close all zippers, and hold or wear it securely before the first rep. 3) Lie on the floor and press a backpack with hands close together. 4) Brace your trunk and press, pull, or raise the load through the intended movement path. 5) Return slowly to the start position without shrugging your shoulders.","1) Keep shoulders away from your ears. 2) Brace your trunk so the ribs do not flare or the low back arch excessively. 3) Choose a light load first and make sure lids, straps, and zippers are secure. 4) Stop if you feel sharp pain, numbness, dizziness, or joint pinching.","Secure setup | A person lies on their back with knees bent and feet planted, holding a closed backpack close to the sternum with hands close together. | https://imagedelivery.net/TDuhqfLDl0Fb8RGwGw6mYw/cfe976d5-89f4-45e3-edfb-910270b29e00/public ;; Press vertical | The person presses the backpack vertically above the chest with hands close together and elbows stacked under the load. | https://imagedelivery.net/TDuhqfLDl0Fb8RGwGw6mYw/6d9fa44e-071d-4642-1e1c-7b18d0760b00/public ;; Lower with control | The person lowers the backpack back toward the sternum with elbows tucked and shoulders relaxed on the floor. | https://imagedelivery.net/TDuhqfLDl0Fb8RGwGw6mYw/b7414c03-1a5b-443f-9a1c-e3b2f4443f00/public"
Exercise,EX597,Bottle Crush Press,Upper Body Push,"Chest, triceps",Beginner,Water bottles,Supine,Strength,Variant,Press two bottles together while pressing them upward from the floor.,https://www.acefitness.org/resources/everyone/exercise-library/; https://acsm.org/resistance-training-guidelines-update-2026/; https://acsm.org/education-resources/trending-topics-resources/physical-activity-guidelines/,"1) Lie on your back with knees bent or legs positioned as the movement requires. 2) Hold the bottles with a firm grip and choose a load light enough to control smoothly. 3) Press two bottles together while pressing them upward from the floor. 4) Brace your trunk and press, pull, or raise the load through the intended movement path. 5) Return slowly to the start position without shrugging your shoulders.","1) Keep shoulders away from your ears. 2) Brace your trunk so the ribs do not flare or the low back arch excessively. 3) Choose a light load first and make sure lids, straps, and zippers are secure. 4) Stop if you feel sharp pain, numbness, dizziness, or joint pinching.","Setup | Adult lying on a mat with knees bent, feet planted, and two clear water bottles pressed together at the chest. | https://imagedelivery.net/TDuhqfLDl0Fb8RGwGw6mYw/796cb4e7-5b64-4fdc-4681-12e743ec2700/public ;; Press up | Adult lying supine and pressing two water bottles upward from the chest while keeping the bottles squeezed together. | https://imagedelivery.net/TDuhqfLDl0Fb8RGwGw6mYw/d0523025-33a2-4698-06cd-affdea941700/public ;; Top position | Adult at the top of a bottle crush press with arms over the chest, bottles touching, knees bent, and feet planted. | https://imagedelivery.net/TDuhqfLDl0Fb8RGwGw6mYw/a867bc61-14ef-46fa-9eb6-084881535900/public"
Exercise,EX598,Floor Chest Squeeze Press,Upper Body Push,"Chest, triceps",Beginner,Pillow or ball,Supine,Strength,Variant,Squeeze a pillow or ball between the hands while pressing upward.,https://www.acefitness.org/resources/everyone/exercise-library/; https://acsm.org/resistance-training-guidelines-update-2026/; https://acsm.org/education-resources/trending-topics-resources/physical-activity-guidelines/,"1) Lie on your back with knees bent or legs positioned as the movement requires. 2) Place the ball or soft object where it gives light feedback without creating pressure pain. 3) Squeeze a pillow or ball between the hands while pressing upward. 4) Brace your trunk and press, pull, or raise the load through the intended movement path. 5) Return slowly to the start position without shrugging your shoulders.","1) Keep shoulders away from your ears. 2) Brace your trunk so the ribs do not flare or the low back arch excessively. 3) Use moderate pressure and avoid rolling directly on sharp, bony, or painful spots. 4) Stop if you feel sharp pain, numbness, dizziness, or joint pinching.","Setup squeeze | Person lying on their back on a mat with knees bent, feet planted, and a folded pillow squeezed between the hands over the chest. | https://imagedelivery.net/TDuhqfLDl0Fb8RGwGw6mYw/fcbeb119-f0af-431e-55a6-9f5333b52900/public ;; Press up | Person lying supine and pressing a folded pillow upward above the chest while keeping the feet planted and shoulders relaxed. | https://imagedelivery.net/TDuhqfLDl0Fb8RGwGw6mYw/4f40349c-319c-46d9-3755-980dbec89c00/public ;; Controlled return | Person lying supine and lowering the folded pillow back toward the chest with a slow controlled return and relaxed shoulders. | https://imagedelivery.net/TDuhqfLDl0Fb8RGwGw6mYw/a1b60e71-28cc-456e-bffc-97610a5d5c00/public"
Exercise,EX599,Banded Chest Press,Upper Body Push,"Chest, shoulders, triceps",Intermediate,Resistance band,Standing,Strength,Common,Press a band forward from chest height while keeping the ribs down.,https://www.acefitness.org/resources/everyone/exercise-library/; https://acsm.org/resistance-training-guidelines-update-2026/; https://acsm.org/education-resources/trending-topics-resources/physical-activity-guidelines/,"1) Stand tall in the stance named by the exercise, with feet planted and ribs stacked over hips. 2) Loop or anchor the band securely, start with light tension, and keep the band path clear. 3) Press a band forward from chest height while keeping the ribs down. 4) Brace your trunk and press, pull, or raise the load through the intended movement path. 5) Return slowly to the start position without shrugging your shoulders.","1) Keep shoulders away from your ears. 2) Brace your trunk so the ribs do not flare or the low back arch excessively. 3) Use a light band first and make sure it is anchored or held securely before adding tension. 4) Stop if you feel sharp pain, numbness, dizziness, or joint pinching.","Setup at chest height | Standing setup for a banded chest press with the band anchored at chest height, elbows bent, and handles held near the sternum. | https://imagedelivery.net/TDuhqfLDl0Fb8RGwGw6mYw/c79f3103-8a23-4ac7-9772-8bcc502a0200/public ;; Press forward | The person presses both band handles forward from chest height while keeping the shoulders down and trunk braced. | https://imagedelivery.net/TDuhqfLDl0Fb8RGwGw6mYw/fc017146-b66a-4eb7-6ecb-5bfd26a10b00/public ;; Return with control | The person returns the band handles slowly toward the chest with elbows bending back close to the ribs and shoulders relaxed. | https://imagedelivery.net/TDuhqfLDl0Fb8RGwGw6mYw/84ff5819-2577-4797-8b29-b064ab8a9800/public"
Exercise,EX600,Standing Band Press,Upper Body Push,"Shoulders, chest, triceps",Intermediate,Resistance band,Standing,Strength,Common,Use a band to press forward or slightly upward from a standing stance.,https://www.acefitness.org/resources/everyone/exercise-library/; https://acsm.org/resistance-training-guidelines-update-2026/; https://acsm.org/education-resources/trending-topics-resources/physical-activity-guidelines/,"1) Stand tall in the stance named by the exercise, with feet planted and ribs stacked over hips. 2) Loop or anchor the band securely, start with light tension, and keep the band path clear. 3) Use a band to press forward or slightly upward from a standing stance. 4) Brace your trunk and press, pull, or raise the load through the intended movement path. 5) Return slowly to the start position without shrugging your shoulders.","1) Keep shoulders away from your ears. 2) Brace your trunk so the ribs do not flare or the low back arch excessively. 3) Use a light band first and make sure it is anchored or held securely before adding tension. 4) Stop if you feel sharp pain, numbness, dizziness, or joint pinching.","Setup | Adult stands on a mat holding resistance band handles near the ribs with a wall anchor behind them, showing light tension, chest tall, and ribs stacked. | https://imagedelivery.net/TDuhqfLDl0Fb8RGwGw6mYw/5e485003-6558-4a1d-7c74-815566931c00/public ;; Press forward | Adult presses a resistance band forward and slightly upward from standing with feet planted, shoulders down, and trunk braced. | https://imagedelivery.net/TDuhqfLDl0Fb8RGwGw6mYw/f8a0b2fa-de03-4536-a576-a1d3ee840500/public"
Exercise,EX601,Band Triceps Pressdown,Upper Body Push,Triceps,Beginner,Resistance band,Standing,Strength,Common,Press the band handles or ends downward until elbows straighten.,https://www.acefitness.org/resources/everyone/exercise-library/; https://acsm.org/resistance-training-guidelines-update-2026/; https://acsm.org/education-resources/trending-topics-resources/physical-activity-guidelines/,"1) Stand tall in the stance named by the exercise, with feet planted and ribs stacked over hips. 2) Press the band handles or ends downward until elbows straighten. 3) Keep your upper arms as still as possible while you straighten your elbows. 4) Pause briefly at the end of the motion. 5) Bend the elbows slowly to return to the start.","1) Keep shoulders away from your ears. 2) Brace your trunk so the ribs do not flare or the low back arch excessively. 3) Use a light band first and make sure it is anchored or held securely before adding tension. 4) Stop if you feel sharp pain, numbness, dizziness, or joint pinching.","Band setup | Adult stands tall with a resistance band anchored overhead, elbows bent and tucked near the ribs. | https://imagedelivery.net/TDuhqfLDl0Fb8RGwGw6mYw/52d8e00a-ba2d-467f-57e1-717f6d7d8400/public ;; Pressdown finish | Adult presses both band handles downward until the elbows straighten while keeping the ribs quiet. | https://imagedelivery.net/TDuhqfLDl0Fb8RGwGw6mYw/820e4883-3970-4069-d854-163f433a5900/public ;; Controlled return | Adult slowly returns the band handles upward while keeping the upper arms still near the ribs. | https://imagedelivery.net/TDuhqfLDl0Fb8RGwGw6mYw/cd1aab7b-baa6-4692-3a40-355397b34700/public"
Exercise,EX602,Overhead Band Triceps Extension,Upper Body Push,"Triceps, shoulders",Intermediate,Resistance band,Standing,Strength,Common,Extend the elbows overhead against band resistance.,https://www.acefitness.org/resources/everyone/exercise-library/; https://acsm.org/resistance-training-guidelines-update-2026/; https://acsm.org/education-resources/trending-topics-resources/physical-activity-guidelines/,"1) Stand tall in the stance named by the exercise, with feet planted and ribs stacked over hips. 2) Extend the elbows overhead against band resistance. 3) Keep your upper arms as still as possible while you straighten your elbows. 4) Pause briefly at the end of the motion. 5) Bend the elbows slowly to return to the start.","1) Keep shoulders away from your ears. 2) Brace your trunk so the ribs do not flare or the low back arch excessively. 3) Use a light band first and make sure it is anchored or held securely before adding tension. 4) Stop if you feel sharp pain, numbness, dizziness, or joint pinching.","Setup | Adult standing on an exercise mat with a resistance band secured under both feet, elbows bent overhead, and callouts for band security, stacked ribs, and planted feet. | https://imagedelivery.net/TDuhqfLDl0Fb8RGwGw6mYw/2044ca3a-7126-49e9-465d-dd7bbb665b00/public ;; Start position | Adult in the overhead band triceps extension start position with elbows bent behind the head, feet anchoring the band, and callouts for still upper arms, low shoulders, and a slow bend. | https://imagedelivery.net/TDuhqfLDl0Fb8RGwGw6mYw/079c8300-fdc6-4cae-2763-69b08b0f7700/public ;; End position | Adult extending both elbows overhead against band resistance with feet anchoring the band and callouts for elbow extension, ribs down, and a brief pause. | https://imagedelivery.net/TDuhqfLDl0Fb8RGwGw6mYw/c1211fa0-7e1b-45de-ad36-bd39968d0f00/public"
Exercise,EX603,Band High Row,Upper Body Pull & Posture,"Upper back, rear shoulders",Beginner,Resistance band,Standing,Strength,Common,Pull a band toward upper ribs with elbows angled slightly high.,https://www.acefitness.org/resources/everyone/exercise-library/; https://acsm.org/resistance-training-guidelines-update-2026/; https://acsm.org/education-resources/trending-topics-resources/physical-activity-guidelines/,"1) Anchor or loop the band securely, start with light tension, and keep the band path clear. 2) Keep ribs stacked over hips and the neck relaxed. 3) Pull a band toward upper ribs with elbows angled slightly high. 4) Pull by driving elbows or hands through the intended movement path while shoulder blades move smoothly. 5) Return slowly without losing posture.","1) Start the pull by moving the shoulder blades smoothly rather than shrugging. 2) Keep the neck relaxed and return the arms slowly. 3) Use a light band first and make sure it is anchored or held securely before adding tension. 4) Stop if you feel sharp pain, numbness, dizziness, or joint pinching.","Start tall | Standing adult faces a wall anchor with a resistance band held at light tension, arms extended forward, ribs stacked, and neck relaxed. | https://imagedelivery.net/TDuhqfLDl0Fb8RGwGw6mYw/09760c84-64f4-4067-0c6d-c9b09cf39700/public ;; High row pull | Standing adult pulls the anchored resistance band toward the upper ribs with elbows angled slightly high while keeping feet planted and posture tall. | https://imagedelivery.net/TDuhqfLDl0Fb8RGwGw6mYw/74422156-fb9c-486a-3800-e6f31be27e00/public"
Exercise,EX604,Band Low Row,Upper Body Pull & Posture,"Lats, upper back",Beginner,Resistance band,Standing,Strength,Common,Pull a band toward low ribs while keeping shoulders down.,https://www.acefitness.org/resources/everyone/exercise-library/; https://acsm.org/resistance-training-guidelines-update-2026/; https://acsm.org/education-resources/trending-topics-resources/physical-activity-guidelines/,"1) Anchor or loop the band securely, start with light tension, and keep the band path clear. 2) Keep ribs stacked over hips and the neck relaxed. 3) Pull a band toward low ribs while keeping shoulders down. 4) Pull by driving elbows or hands through the intended movement path while shoulder blades move smoothly. 5) Return slowly without losing posture.","1) Start the pull by moving the shoulder blades smoothly rather than shrugging. 2) Keep the neck relaxed and return the arms slowly. 3) Use a light band first and make sure it is anchored or held securely before adding tension. 4) Stop if you feel sharp pain, numbness, dizziness, or joint pinching.","Setup with light tension | Standing setup for a band low row with a low anchor, arms extended, light band tension, ribs stacked, and shoulders relaxed. | https://imagedelivery.net/TDuhqfLDl0Fb8RGwGw6mYw/e9bfe677-9322-4eb2-4bf5-16101a5f9e00/public ;; Pull to low ribs | The person pulls both band handles toward the low ribs with elbows moving back while the shoulders stay down and the torso remains tall. | https://imagedelivery.net/TDuhqfLDl0Fb8RGwGw6mYw/eeeede83-7968-43e8-a658-8b329aaf7c00/public ;; Return slowly | The person returns the band forward under control without losing tall posture, keeping the neck relaxed and the band path clear. | https://imagedelivery.net/TDuhqfLDl0Fb8RGwGw6mYw/33441a37-5fdb-4168-d6e8-83e3211c3a00/public"
Exercise,EX605,Band One-Arm High Row,Upper Body Pull & Posture,"Upper back, rear shoulders",Intermediate,Resistance band,Standing,Strength,Variant,Row one band handle toward the upper ribs while resisting trunk rotation.,https://www.acefitness.org/resources/everyone/exercise-library/; https://acsm.org/resistance-training-guidelines-update-2026/; https://acsm.org/education-resources/trending-topics-resources/physical-activity-guidelines/,"1) Anchor or loop the band securely, start with light tension, and keep the band path clear. 2) Keep ribs stacked over hips and the neck relaxed. 3) Row one band handle toward the upper ribs while resisting trunk rotation. 4) Pull by driving elbows or hands through the intended movement path while shoulder blades move smoothly. 5) Return slowly without losing posture.","1) Start the pull by moving the shoulder blades smoothly rather than shrugging. 2) Keep the neck relaxed and return the arms slowly. 3) Use a light band first and make sure it is anchored or held securely before adding tension. 4) Stop if you feel sharp pain, numbness, dizziness, or joint pinching.",Start tall | Standing adult holding one anchored band handle with the elbow at shoulder height before a one-arm high row. | https://imagedelivery.net/TDuhqfLDl0Fb8RGwGw6mYw/0691d2f1-b8bc-4604-eb33-96178ed1fc00/public ;; High row | Standing adult rowing one band handle toward the upper ribs while keeping the trunk square. | https://imagedelivery.net/TDuhqfLDl0Fb8RGwGw6mYw/0b30a1a9-4ce7-4911-1149-e6e0a2e8cc00/public ;; Slow return | Standing adult slowly returning the band handle toward the anchor with the neck relaxed. | https://imagedelivery.net/TDuhqfLDl0Fb8RGwGw6mYw/0a87d934-10df-4c34-ddb9-884a2aa68600/public
Exercise,EX606,Band One-Arm Low Row,Upper Body Pull & Posture,"Lats, upper back, trunk",Intermediate,Resistance band,Standing,Strength,Variant,Row one band handle toward the low ribs while staying square.,https://www.acefitness.org/resources/everyone/exercise-library/; https://acsm.org/resistance-training-guidelines-update-2026/; https://acsm.org/education-resources/trending-topics-resources/physical-activity-guidelines/,"1) Anchor or loop the band securely, start with light tension, and keep the band path clear. 2) Keep ribs stacked over hips and the neck relaxed. 3) Row one band handle toward the low ribs while staying square. 4) Pull by driving elbows or hands through the intended movement path while shoulder blades move smoothly. 5) Return slowly without losing posture.","1) Start the pull by moving the shoulder blades smoothly rather than shrugging. 2) Keep the neck relaxed and return the arms slowly. 3) Use a light band first and make sure it is anchored or held securely before adding tension. 4) Stop if you feel sharp pain, numbness, dizziness, or joint pinching.","Setup | Standing adult holds a low-anchored resistance band with one arm extended, feet planted, ribs stacked, and light tension on the band. | https://imagedelivery.net/TDuhqfLDl0Fb8RGwGw6mYw/4fc1f978-e731-4e59-e59f-f1fef9766f00/public ;; Row to low ribs | Standing adult rows one resistance band handle to the low ribs while keeping the torso square and shoulder down. | https://imagedelivery.net/TDuhqfLDl0Fb8RGwGw6mYw/fa0dd931-f5be-440c-885e-581357e64e00/public ;; Slow return | Standing adult slowly returns the resistance band handle forward on the low path while keeping the neck relaxed and torso from twisting. | https://imagedelivery.net/TDuhqfLDl0Fb8RGwGw6mYw/bb2eb34b-903b-4b87-2289-756c2ded0a00/public"
Exercise,EX607,Band Lat Pullover,Upper Body Pull & Posture,"Lats, shoulders, trunk",Intermediate,Resistance band,Standing or kneeling,Strength,Common,Pull straight arms from overhead or high position down toward the thighs.,https://www.acefitness.org/resources/everyone/exercise-library/; https://acsm.org/resistance-training-guidelines-update-2026/; https://acsm.org/education-resources/trending-topics-resources/physical-activity-guidelines/,"1) Anchor or loop the band securely, start with light tension, and keep the band path clear. 2) Keep ribs stacked over hips and the neck relaxed. 3) Pull straight arms from overhead or high position down toward the thighs. 4) Pull by driving elbows or hands through the intended movement path while shoulder blades move smoothly. 5) Return slowly without losing posture.","1) Start the pull by moving the shoulder blades smoothly rather than shrugging. 2) Keep the neck relaxed and return the arms slowly. 3) Use a light band first and make sure it is anchored or held securely before adding tension. 4) Stop if you feel sharp pain, numbness, dizziness, or joint pinching.",Setup with high anchor | Standing adult holding a high anchored band with straight arms before a band lat pullover. | https://imagedelivery.net/TDuhqfLDl0Fb8RGwGw6mYw/8aff7905-b6fe-4ff4-fed0-e53c030e0d00/public ;; Pull to thighs | Standing adult pulling straight arms down toward the thighs against band tension. | https://imagedelivery.net/TDuhqfLDl0Fb8RGwGw6mYw/489a3b04-d84c-4bfa-8642-869dc537bc00/public ;; Return with control | Standing adult returning the band upward with arms long while keeping ribs quiet. | https://imagedelivery.net/TDuhqfLDl0Fb8RGwGw6mYw/c85e4698-4d6a-4ccf-6f79-7ef2dd8cf900/public
Exercise,EX608,Kneeling Band Lat Pulldown,Upper Body Pull & Posture,"Lats, upper back",Intermediate,Resistance band,Kneeling,Strength,Common,Kneel and pull a high band down toward the chest.,https://www.acefitness.org/resources/everyone/exercise-library/; https://acsm.org/resistance-training-guidelines-update-2026/; https://acsm.org/education-resources/trending-topics-resources/physical-activity-guidelines/,"1) Anchor or loop the band securely, start with light tension, and keep the band path clear. 2) Keep ribs stacked over hips and the neck relaxed. 3) Kneel and pull a high band down toward the chest. 4) Pull by driving elbows or hands through the intended movement path while shoulder blades move smoothly. 5) Return slowly without losing posture.","1) Start the pull by moving the shoulder blades smoothly rather than shrugging. 2) Keep the neck relaxed and return the arms slowly. 3) Use a light band first and make sure it is anchored or held securely before adding tension. 4) Stop if you feel sharp pain, numbness, dizziness, or joint pinching.",High anchor setup | Adult kneeling tall with a high anchored resistance band and arms reaching toward the anchor. | https://imagedelivery.net/TDuhqfLDl0Fb8RGwGw6mYw/d97e8b00-065f-4e8c-d5dd-eb1e9b50eb00/public ;; Pull to chest | Adult kneeling tall and pulling the high band down toward the chest with elbows driving down. | https://imagedelivery.net/TDuhqfLDl0Fb8RGwGw6mYw/e3353a2f-c109-4303-b9f7-391e3fc66e00/public ;; Controlled return | Adult slowly returning the high band upward while knees stay grounded and neck relaxed. | https://imagedelivery.net/TDuhqfLDl0Fb8RGwGw6mYw/732e6bf7-2ab4-4902-d6ce-83a19dec0900/public
Exercise,EX609,Seated Band Lat Pulldown,Upper Body Pull & Posture,"Lats, upper back",Beginner,Resistance band and chair,Seated,Strength,Common,Sit tall and pull a band from overhead down toward the collarbones.,https://www.acefitness.org/resources/everyone/exercise-library/; https://acsm.org/resistance-training-guidelines-update-2026/; https://acsm.org/education-resources/trending-topics-resources/physical-activity-guidelines/,"1) Anchor or loop the band securely, start with light tension, and keep the band path clear. 2) Keep ribs stacked over hips and the neck relaxed. 3) Sit tall and pull a band from overhead down toward the collarbones. 4) Pull by driving elbows or hands through the intended movement path while shoulder blades move smoothly. 5) Return slowly without losing posture.","1) Start the pull by moving the shoulder blades smoothly rather than shrugging. 2) Keep the neck relaxed and return the arms slowly. 3) Use only a stable surface that will not slide, tip, or open unexpectedly. 4) Stop if you feel sharp pain, numbness, dizziness, or joint pinching.","Setup: tall seated start | Adult sits tall on a chair holding an overhead resistance band with light tension, with callouts for light tension, chest tall, and feet planted. | https://imagedelivery.net/TDuhqfLDl0Fb8RGwGw6mYw/4abd0788-f601-442c-2707-46c97323c500/public ;; Pull: elbows down to collarbones | Adult performs the seated band lat pulldown, pulling both hands toward the collarbones while keeping the neck relaxed and elbows down. | https://imagedelivery.net/TDuhqfLDl0Fb8RGwGw6mYw/879fc2f0-e893-4ae0-5872-5f25db933900/public ;; Return: slow controlled reach | Adult returns the resistance band upward under control while sitting tall and keeping the shoulders down. | https://imagedelivery.net/TDuhqfLDl0Fb8RGwGw6mYw/e0611382-205a-4cf8-2162-e9c4212b7f00/public"
Exercise,EX610,Band Reverse Fly,Upper Body Pull & Posture,"Rear shoulders, upper back",Beginner,Resistance band,Standing,Strength,Common,Open the arms out to the sides against band tension.,https://www.acefitness.org/resources/everyone/exercise-library/; https://acsm.org/resistance-training-guidelines-update-2026/; https://acsm.org/education-resources/trending-topics-resources/physical-activity-guidelines/,"1) Anchor or loop the band securely, start with light tension, and keep the band path clear. 2) Keep ribs stacked over hips and the neck relaxed. 3) Open the arms out to the sides against band tension. 4) Pull by driving elbows or hands through the intended movement path while shoulder blades move smoothly. 5) Return slowly without losing posture.","1) Start the pull by moving the shoulder blades smoothly rather than shrugging. 2) Keep the neck relaxed and return the arms slowly. 3) Use a light band first and make sure it is anchored or held securely before adding tension. 4) Stop if you feel sharp pain, numbness, dizziness, or joint pinching.","Band setup | A person stands tall on a mat holding a lightly taut resistance band anchored at chest height, with cues for chest position, light tension, and a clear band path. | https://imagedelivery.net/TDuhqfLDl0Fb8RGwGw6mYw/90c64a10-aedf-4cdd-c2bb-e830286fa600/public ;; Open wide | A person opens both arms out to the sides against resistance-band tension while keeping the neck relaxed and elbows soft. | https://imagedelivery.net/TDuhqfLDl0Fb8RGwGw6mYw/811a578f-a195-4343-ce0d-2758f50f7500/public ;; Controlled return | A person returns both arms slowly forward with the band still taut while keeping the ribs stacked and shoulders relaxed. | https://imagedelivery.net/TDuhqfLDl0Fb8RGwGw6mYw/4152ab93-274e-4bdc-5592-e4cd337f4800/public"
Exercise,EX611,Band Rear-Delt Pull,Upper Body Pull & Posture,"Rear shoulders, upper back",Intermediate,Resistance band,Standing,Strength,Variant,Pull the band apart with elbows slightly bent and hands around shoulder height.,https://www.acefitness.org/resources/everyone/exercise-library/; https://acsm.org/resistance-training-guidelines-update-2026/; https://acsm.org/education-resources/trending-topics-resources/physical-activity-guidelines/,"1) Anchor or loop the band securely, start with light tension, and keep the band path clear. 2) Keep ribs stacked over hips and the neck relaxed. 3) Pull the band apart with elbows slightly bent and hands around shoulder height. 4) Pull by driving elbows or hands through the intended movement path while shoulder blades move smoothly. 5) Return slowly without losing posture.","1) Start the pull by moving the shoulder blades smoothly rather than shrugging. 2) Keep the neck relaxed and return the arms slowly. 3) Use a light band first and make sure it is anchored or held securely before adding tension. 4) Stop if you feel sharp pain, numbness, dizziness, or joint pinching.","Setup | Standing adult holds a resistance band at shoulder height with soft elbows, stacked ribs, and steady posture. | https://imagedelivery.net/TDuhqfLDl0Fb8RGwGw6mYw/7f6e717b-b42a-4237-c535-e6748e964400/public ;; Pull apart | Standing adult pulls the resistance band apart at shoulder height with shoulders low and elbows softly bent. | https://imagedelivery.net/TDuhqfLDl0Fb8RGwGw6mYw/a8ff619b-5aaa-4a1e-14f0-e10f1b942500/public ;; Controlled return | Standing adult returns the resistance band inward slowly while keeping the neck relaxed and posture tall. | https://imagedelivery.net/TDuhqfLDl0Fb8RGwGw6mYw/693e11ae-c8a2-4b3e-8984-bff1e8168d00/public"
Exercise,EX612,Band External Rotation at 90 Degrees,Upper Body Pull & Posture,"Rotator cuff, shoulders",Intermediate,Resistance band,Standing,Strength,Variant,Hold the elbow at shoulder height and rotate the forearm upward against the band.,https://www.acefitness.org/resources/everyone/exercise-library/; https://acsm.org/resistance-training-guidelines-update-2026/; https://acsm.org/education-resources/trending-topics-resources/physical-activity-guidelines/,"1) Anchor or loop the band securely, start with light tension, and keep the band path clear. 2) Keep ribs stacked over hips and the neck relaxed. 3) Hold the elbow at shoulder height and rotate the forearm upward against the band. 4) Pull by driving elbows or hands through the intended movement path while shoulder blades move smoothly. 5) Return slowly without losing posture.","1) Start the pull by moving the shoulder blades smoothly rather than shrugging. 2) Keep the neck relaxed and return the arms slowly. 3) Use a light band first and make sure it is anchored or held securely before adding tension. 4) Stop if you feel sharp pain, numbness, dizziness, or joint pinching.",Secure setup | Standing adult holding an anchored band with the elbow at shoulder height before external rotation. | https://imagedelivery.net/TDuhqfLDl0Fb8RGwGw6mYw/3848238d-bcb6-45da-eecd-d10185a1be00/public ;; Rotate up | Standing adult rotating the forearm upward against band tension while the elbow stays level. | https://imagedelivery.net/TDuhqfLDl0Fb8RGwGw6mYw/a2a71a12-5400-4221-f8b6-37467edb1b00/public ;; Slow return | Standing adult slowly returning the forearm while keeping the shoulder relaxed. | https://imagedelivery.net/TDuhqfLDl0Fb8RGwGw6mYw/f4e064e7-01cd-454f-5aea-f00eecf0d900/public
Exercise,EX613,Band Internal Rotation,Upper Body Pull & Posture,"Rotator cuff, shoulders",Beginner,Resistance band,Standing,Strength,Common,Keep elbow near the ribs and rotate the forearm inward against band tension.,https://www.acefitness.org/resources/everyone/exercise-library/; https://acsm.org/resistance-training-guidelines-update-2026/; https://acsm.org/education-resources/trending-topics-resources/physical-activity-guidelines/,"1) Anchor or loop the band securely, start with light tension, and keep the band path clear. 2) Keep ribs stacked over hips and the neck relaxed. 3) Keep elbow near the ribs and rotate the forearm inward against band tension. 4) Pull by driving elbows or hands through the intended movement path while shoulder blades move smoothly. 5) Return slowly without losing posture.","1) Start the pull by moving the shoulder blades smoothly rather than shrugging. 2) Keep the neck relaxed and return the arms slowly. 3) Use a light band first and make sure it is anchored or held securely before adding tension. 4) Stop if you feel sharp pain, numbness, dizziness, or joint pinching.",Setup: anchor and elbow position | Standing adult holding a side-anchored band with the elbow close to the ribs before internal rotation. | https://imagedelivery.net/TDuhqfLDl0Fb8RGwGw6mYw/acd5393b-8361-415e-4d88-ce85dc568200/public ;; Rotate inward | Standing adult rotating the forearm inward across the torso against band tension. | https://imagedelivery.net/TDuhqfLDl0Fb8RGwGw6mYw/406c1ec7-0aa7-498a-a7c5-966259759600/public ;; Slow return | Standing adult slowly returning the forearm toward the anchor with controlled band tension. | https://imagedelivery.net/TDuhqfLDl0Fb8RGwGw6mYw/91497e45-9763-4001-f718-f3c15adada00/public
Exercise,EX614,Band Shoulder Extension,Upper Body Pull & Posture,"Lats, rear shoulders",Beginner,Resistance band,Standing,Strength,Common,Pull straight arms down and back from shoulder height.,https://www.acefitness.org/resources/everyone/exercise-library/; https://acsm.org/resistance-training-guidelines-update-2026/; https://acsm.org/education-resources/trending-topics-resources/physical-activity-guidelines/,"1) Anchor or loop the band securely, start with light tension, and keep the band path clear. 2) Keep ribs stacked over hips and the neck relaxed. 3) Pull straight arms down and back from shoulder height. 4) Pull by driving elbows or hands through the intended movement path while shoulder blades move smoothly. 5) Return slowly without losing posture.","1) Start the pull by moving the shoulder blades smoothly rather than shrugging. 2) Keep the neck relaxed and return the arms slowly. 3) Use a light band first and make sure it is anchored or held securely before adding tension. 4) Stop if you feel sharp pain, numbness, dizziness, or joint pinching.",Secure setup | Standing adult facing a band anchor with straight arms at shoulder height before shoulder extension. | https://imagedelivery.net/TDuhqfLDl0Fb8RGwGw6mYw/ebd73546-5dca-4f12-1f13-d9154f506200/public ;; Pull down and back | Standing adult pulling straight arms down and back against the band while shoulders stay low. | https://imagedelivery.net/TDuhqfLDl0Fb8RGwGw6mYw/38e75f6f-8dea-4d4f-9461-cc16e3ade700/public
Exercise,EX615,Band Row to External Rotation,Upper Body Pull & Posture,"Upper back, rotator cuff",Intermediate,Resistance band,Standing,Strength,Variant,"Row the band, then rotate forearms outward before returning.",https://www.acefitness.org/resources/everyone/exercise-library/; https://acsm.org/resistance-training-guidelines-update-2026/; https://acsm.org/education-resources/trending-topics-resources/physical-activity-guidelines/,"1) Anchor or loop the band securely, start with light tension, and keep the band path clear. 2) Keep ribs stacked over hips and the neck relaxed. 3) Row the band, then rotate forearms outward before returning. 4) Pull by driving elbows or hands through the intended movement path while shoulder blades move smoothly. 5) Return slowly without losing posture.","1) Start the pull by moving the shoulder blades smoothly rather than shrugging. 2) Keep the neck relaxed and return the arms slowly. 3) Use a light band first and make sure it is anchored or held securely before adding tension. 4) Stop if you feel sharp pain, numbness, dizziness, or joint pinching.","Setup: light band tension | Standing adult holds a resistance band anchored at chest height with arms extended forward, ribs stacked, and the band path clear. | https://imagedelivery.net/TDuhqfLDl0Fb8RGwGw6mYw/22d65728-9ca2-4d7e-1033-e344dcbd0800/public ;; Row back | Standing adult rows the resistance band back with elbows near the ribs, shoulders low, and shoulder blades moving smoothly. | https://imagedelivery.net/TDuhqfLDl0Fb8RGwGw6mYw/fa971b0d-0a3b-494f-3298-e0b8eef2b900/public ;; Rotate forearms outward | Standing adult keeps the elbows steady near the ribs while rotating the forearms outward against the anchored resistance band. | https://imagedelivery.net/TDuhqfLDl0Fb8RGwGw6mYw/1b2eb66d-1fb0-4e4f-a085-2d0c96f1b400/public"
Exercise,EX616,Band W Pull-Apart,Upper Body Pull & Posture,"Upper back, rear shoulders",Beginner,Resistance band,Standing,Strength,Variant,Pull the band into a W shape while squeezing shoulder blades gently.,https://www.acefitness.org/resources/everyone/exercise-library/; https://acsm.org/resistance-training-guidelines-update-2026/; https://acsm.org/education-resources/trending-topics-resources/physical-activity-guidelines/,"1) Anchor or loop the band securely, start with light tension, and keep the band path clear. 2) Keep ribs stacked over hips and the neck relaxed. 3) Pull the band into a W shape while squeezing shoulder blades gently. 4) Pull by driving elbows or hands through the intended movement path while shoulder blades move smoothly. 5) Return slowly without losing posture.","1) Start the pull by moving the shoulder blades smoothly rather than shrugging. 2) Keep the neck relaxed and return the arms slowly. 3) Use a light band first and make sure it is anchored or held securely before adding tension. 4) Stop if you feel sharp pain, numbness, dizziness, or joint pinching.","Setup tension | Adult standing on a mat holding a resistance band at chest height with light tension and ribs stacked. | https://imagedelivery.net/TDuhqfLDl0Fb8RGwGw6mYw/013959e2-b305-403c-5c8c-c371dd680000/public ;; W pull | Adult pulls a resistance band into a W shape with elbows wide, shoulders down, and tall posture. | https://imagedelivery.net/TDuhqfLDl0Fb8RGwGw6mYw/3ffd5e24-b19f-48b9-52d8-4cef0bc19000/public ;; Controlled return | Adult returns the band to center slowly while keeping the band level and neck relaxed. | https://imagedelivery.net/TDuhqfLDl0Fb8RGwGw6mYw/2114600b-2823-4c9d-2cb2-afa90ff48600/public"
Exercise,EX617,Band Diagonal Pull-Apart,Upper Body Pull & Posture,"Upper back, shoulders",Beginner,Resistance band,Standing,Strength,Variant,"Pull the band apart on a diagonal, then switch which hand goes high.",https://www.acefitness.org/resources/everyone/exercise-library/; https://acsm.org/resistance-training-guidelines-update-2026/; https://acsm.org/education-resources/trending-topics-resources/physical-activity-guidelines/,"1) Anchor or loop the band securely, start with light tension, and keep the band path clear. 2) Keep ribs stacked over hips and the neck relaxed. 3) Pull the band apart on a diagonal, then switch which hand goes high. 4) Pull by driving elbows or hands through the intended movement path while shoulder blades move smoothly. 5) Return slowly without losing posture.","1) Start the pull by moving the shoulder blades smoothly rather than shrugging. 2) Keep the neck relaxed and return the arms slowly. 3) Use a light band first and make sure it is anchored or held securely before adding tension. 4) Stop if you feel sharp pain, numbness, dizziness, or joint pinching.","Level setup | Adult standing tall with a resistance band held level at chest height before a diagonal pull-apart. | https://imagedelivery.net/TDuhqfLDl0Fb8RGwGw6mYw/2c41e56e-e3e9-4397-5169-8e360c123400/public ;; First diagonal pull | Adult pulls a resistance band apart on one diagonal with one hand high and the other hand low, shoulders down. | https://imagedelivery.net/TDuhqfLDl0Fb8RGwGw6mYw/83d40875-4752-41c6-83ef-9d345ee82e00/public ;; Reset center | Adult returns the resistance band to a level center position with shoulders soft and ribs stacked. | https://imagedelivery.net/TDuhqfLDl0Fb8RGwGw6mYw/38a9eec8-751c-41e7-a579-f2e5e831ab00/public ;; Opposite diagonal | Adult switches the diagonal pull-apart direction with the opposite hand high while maintaining tall posture. | https://imagedelivery.net/TDuhqfLDl0Fb8RGwGw6mYw/06c969c8-adca-4b22-7b5d-74f594104300/public"
Exercise,EX618,Band Bow-and-Arrow Row,Upper Body Pull & Posture,"Upper back, lats, trunk",Intermediate,Resistance band,Standing,Strength,Variant,Hold one arm long and pull the other elbow back like drawing a bow.,https://www.acefitness.org/resources/everyone/exercise-library/; https://acsm.org/resistance-training-guidelines-update-2026/; https://acsm.org/education-resources/trending-topics-resources/physical-activity-guidelines/,"1) Anchor or loop the band securely, start with light tension, and keep the band path clear. 2) Keep ribs stacked over hips and the neck relaxed. 3) Hold one arm long and pull the other elbow back like drawing a bow. 4) Pull by driving elbows or hands through the intended movement path while shoulder blades move smoothly. 5) Return slowly without losing posture.","1) Start the pull by moving the shoulder blades smoothly rather than shrugging. 2) Keep the neck relaxed and return the arms slowly. 3) Use a light band first and make sure it is anchored or held securely before adding tension. 4) Stop if you feel sharp pain, numbness, dizziness, or joint pinching.","Light tension setup | Adult stands on a mat with a resistance band anchored at chest height, both arms forward and posture stacked. | https://imagedelivery.net/TDuhqfLDl0Fb8RGwGw6mYw/bbe51ecf-5e8f-4ed2-ee78-731bee8d4e00/public ;; Bow pull | Adult keeps the left arm long while pulling the right elbow back beside the ribs with the band taut. | https://imagedelivery.net/TDuhqfLDl0Fb8RGwGw6mYw/17fe03f4-c06c-41a7-92c8-db31895dff00/public ;; Slow return | Adult controls the band forward from the bow-row position while keeping posture tall. | https://imagedelivery.net/TDuhqfLDl0Fb8RGwGw6mYw/5a0fb033-d32b-49d7-c366-3831a4dc6900/public"
Exercise,EX619,Towel Face Pull Iso,Upper Body Pull & Posture,"Upper back, rear shoulders",Beginner,Towel,Standing,Strength,Variant,Pull outward on a towel at face height without changing arm position.,https://www.acefitness.org/resources/everyone/exercise-library/; https://acsm.org/resistance-training-guidelines-update-2026/; https://acsm.org/education-resources/trending-topics-resources/physical-activity-guidelines/,"1) Hold the towel with both hands or secure it under your foot or around a stable point if the drill requires it. 2) Set your posture tall and brace lightly. 3) Pull outward on a towel at face height without changing arm position. 4) Pull or press into the towel without letting your position change. 5) Hold for a few steady breaths, then relax before repeating.","1) Start the pull by moving the shoulder blades smoothly rather than shrugging. 2) Keep the neck relaxed and return the arms slowly. 3) Keep the towel loose enough to guide the stretch or tension without forcing the joint. 4) Stop if you feel sharp pain, numbness, dizziness, or joint pinching.","Setup stance | Standing adult holds a towel at face height with elbows high, soft knees, and tall posture. | https://imagedelivery.net/TDuhqfLDl0Fb8RGwGw6mYw/9aa5244f-c3b3-4a57-44e0-aa4b1a456100/public ;; Outward pull | Standing adult pulls outward on a towel at face height while keeping the elbows high and ribs stacked. | https://imagedelivery.net/TDuhqfLDl0Fb8RGwGw6mYw/f288f00a-4ad4-4c31-3102-e2d64382d900/public ;; Steady hold | Standing adult maintains the towel face pull isometric with a relaxed neck and steady elbow position. | https://imagedelivery.net/TDuhqfLDl0Fb8RGwGw6mYw/fcaa9e6d-1a7b-4d55-1001-8d5edf3c3c00/public"
Exercise,EX620,Towel External Rotation Iso,Upper Body Pull & Posture,"Rotator cuff, shoulders",Beginner,Towel,Standing,Strength,Variant,Hold a towel between the hands and gently pull outward as if rotating shoulders.,https://www.acefitness.org/resources/everyone/exercise-library/; https://acsm.org/resistance-training-guidelines-update-2026/; https://acsm.org/education-resources/trending-topics-resources/physical-activity-guidelines/,"1) Hold the towel with both hands or secure it under your foot or around a stable point if the drill requires it. 2) Set your posture tall and brace lightly. 3) Hold a towel between the hands and gently pull outward as if rotating shoulders. 4) Pull or press into the towel without letting your position change. 5) Hold for a few steady breaths, then relax before repeating.","1) Start the pull by moving the shoulder blades smoothly rather than shrugging. 2) Keep the neck relaxed and return the arms slowly. 3) Keep the towel loose enough to guide the stretch or tension without forcing the joint. 4) Stop if you feel sharp pain, numbness, dizziness, or joint pinching.","Setup | Towel External Rotation Iso replacement instructional illustration, slide 1 of 3. | https://imagedelivery.net/TDuhqfLDl0Fb8RGwGw6mYw/2d9ee008-8ec8-4e71-547c-29e8858ce600/public ;; Step 2 | Towel External Rotation Iso replacement instructional illustration, slide 2 of 3. | https://imagedelivery.net/TDuhqfLDl0Fb8RGwGw6mYw/e2aa2fd9-4c41-40c5-e797-9a70aaf76500/public ;; Step 3 | Towel External Rotation Iso replacement instructional illustration, slide 3 of 3. | https://imagedelivery.net/TDuhqfLDl0Fb8RGwGw6mYw/7b62b401-6ff2-4c87-b683-5223b6752d00/public"
Exercise,EX621,Towel Shoulder Extension Iso,Upper Body Pull & Posture,"Rear shoulders, lats",Beginner,Towel,Standing,Strength,Variant,Hold a towel behind the body and gently pull the hands apart.,https://www.acefitness.org/resources/everyone/exercise-library/; https://acsm.org/resistance-training-guidelines-update-2026/; https://acsm.org/education-resources/trending-topics-resources/physical-activity-guidelines/,"1) Hold the towel with both hands or secure it under your foot or around a stable point if the drill requires it. 2) Set your posture tall and brace lightly. 3) Hold a towel behind the body and gently pull the hands apart. 4) Pull or press into the towel without letting your position change. 5) Hold for a few steady breaths, then relax before repeating.","1) Start the pull by moving the shoulder blades smoothly rather than shrugging. 2) Keep the neck relaxed and return the arms slowly. 3) Keep the towel loose enough to guide the stretch or tension without forcing the joint. 4) Stop if you feel sharp pain, numbness, dizziness, or joint pinching.",Setup | Adult standing tall on a mat holding a towel behind the hips. | https://imagedelivery.net/TDuhqfLDl0Fb8RGwGw6mYw/cb680b9e-842e-4e9a-742b-2fb4e414a100/public ;; Iso hold | Adult standing tall and gently pulling a towel apart behind the hips. | https://imagedelivery.net/TDuhqfLDl0Fb8RGwGw6mYw/a9fcc61f-c20b-41db-029d-0fb1ee1fc500/public
Exercise,EX622,Towel Biceps Curl Iso,Upper Body Pull & Posture,"Biceps, forearms",Beginner,Towel,Standing,Strength,Variant,Stand on a towel and curl against the towel without letting it move.,https://www.acefitness.org/resources/everyone/exercise-library/; https://acsm.org/resistance-training-guidelines-update-2026/; https://acsm.org/education-resources/trending-topics-resources/physical-activity-guidelines/,"1) Hold the towel with both hands or secure it under your foot or around a stable point if the drill requires it. 2) Set your posture tall and brace lightly. 3) Stand on a towel and curl against the towel without letting it move. 4) Pull or press into the towel without letting your position change. 5) Hold for a few steady breaths, then relax before repeating.","1) Start the pull by moving the shoulder blades smoothly rather than shrugging. 2) Keep the neck relaxed and return the arms slowly. 3) Use a clear floor area and move slowly so the towel, slider, or foot placement stays under control. 4) Stop if you feel sharp pain, numbness, dizziness, or joint pinching.","Towel anchor | Adult stands on a towel with both feet planted while holding the towel ends with arms long. | https://imagedelivery.net/TDuhqfLDl0Fb8RGwGw6mYw/81bcb60d-837e-44a8-e165-144a345a8300/public ;; Isometric curl hold | Adult curls against the towel without letting it move, keeping elbows close to the ribs. | https://imagedelivery.net/TDuhqfLDl0Fb8RGwGw6mYw/fc091d04-4ec4-4eef-bdc4-c2b637557400/public"
Exercise,EX623,Towel Triceps Extension Iso,Upper Body Pull & Posture,"Triceps, shoulders",Beginner,Towel,Standing,Strength,Variant,Hold a towel overhead or behind the back and press into it without moving.,https://www.acefitness.org/resources/everyone/exercise-library/; https://acsm.org/resistance-training-guidelines-update-2026/; https://acsm.org/education-resources/trending-topics-resources/physical-activity-guidelines/,"1) Hold the towel with both hands or secure it under your foot or around a stable point if the drill requires it. 2) Set your posture tall and brace lightly. 3) Hold a towel overhead or behind the back and press into it without moving. 4) Pull or press into the towel without letting your position change. 5) Hold for a few steady breaths, then relax before repeating.","1) Start the pull by moving the shoulder blades smoothly rather than shrugging. 2) Keep the neck relaxed and return the arms slowly. 3) Keep the towel loose enough to guide the stretch or tension without forcing the joint. 4) Stop if you feel sharp pain, numbness, dizziness, or joint pinching.","Setup hold | Adult stands with a towel held vertically behind the back, top elbow high and torso stacked. | https://imagedelivery.net/TDuhqfLDl0Fb8RGwGw6mYw/55efc19f-058f-48c5-e5d7-912933881400/public ;; Upward press | Adult presses upward into a towel behind the back while the lower hand anchors the towel. | https://imagedelivery.net/TDuhqfLDl0Fb8RGwGw6mYw/e05377b3-6140-4893-2948-5bea069b9000/public ;; Opposite hold | Adult holds the towel behind the back from the opposite side with a relaxed neck and steady pull. | https://imagedelivery.net/TDuhqfLDl0Fb8RGwGw6mYw/3111eb24-447d-46ff-eb62-6c4a31575300/public"
Exercise,EX624,Backpack Renegade Row from Knees,Upper Body Pull & Posture,"Upper back, lats, core",Intermediate,Backpack,Kneeling plank,Strength,Variant,Row a backpack from a kneeling plank while keeping hips steady.,https://www.acefitness.org/resources/everyone/exercise-library/; https://acsm.org/resistance-training-guidelines-update-2026/; https://acsm.org/education-resources/trending-topics-resources/physical-activity-guidelines/,"1) Load the backpack lightly, close all zippers, and hold or wear it securely before the first rep. 2) Keep ribs stacked over hips and the neck relaxed. 3) Row a backpack from a kneeling plank while keeping hips steady. 4) Pull by driving elbows or hands through the intended movement path while shoulder blades move smoothly. 5) Return slowly without losing posture.","1) Start the pull by moving the shoulder blades smoothly rather than shrugging. 2) Keep the neck relaxed and return the arms slowly. 3) Choose a light load first and make sure lids, straps, and zippers are secure. 4) Stop if you feel sharp pain, numbness, dizziness, or joint pinching.",Kneeling setup | Adult starts in a kneeling plank with one hand on a backpack handle and the other hand planted. | https://imagedelivery.net/TDuhqfLDl0Fb8RGwGw6mYw/24fb8c05-65a2-426d-7667-8e0140de6a00/public ;; Row to ribs | Adult rows a backpack toward the ribs from a kneeling plank while the support hand stays planted. | https://imagedelivery.net/TDuhqfLDl0Fb8RGwGw6mYw/b84e7924-3b81-470c-0a07-d46b3b7ca800/public ;; Controlled row | Adult holds a controlled backpack row from a kneeling plank with the elbow close. | https://imagedelivery.net/TDuhqfLDl0Fb8RGwGw6mYw/14181271-d268-4c73-f1d4-6c2ca5610400/public
Exercise,EX625,Backpack High Pull,Upper Body Pull & Posture,"Upper back, shoulders",Intermediate,Backpack,Standing,Strength,Variant,Pull a backpack upward toward the lower chest with elbows high but controlled.,https://www.acefitness.org/resources/everyone/exercise-library/; https://acsm.org/resistance-training-guidelines-update-2026/; https://acsm.org/education-resources/trending-topics-resources/physical-activity-guidelines/,"1) Load the backpack lightly, close all zippers, and hold or wear it securely before the first rep. 2) Keep ribs stacked over hips and the neck relaxed. 3) Pull a backpack upward toward the lower chest with elbows high but controlled. 4) Pull by driving elbows or hands through the intended movement path while shoulder blades move smoothly. 5) Return slowly without losing posture.","1) Start the pull by moving the shoulder blades smoothly rather than shrugging. 2) Keep the neck relaxed and return the arms slowly. 3) Choose a light load first and make sure lids, straps, and zippers are secure. 4) Stop if you feel sharp pain, numbness, dizziness, or joint pinching.",Tall start | Adult stands tall holding a backpack low in front with arms long and feet planted. | https://imagedelivery.net/TDuhqfLDl0Fb8RGwGw6mYw/a37b4139-9b22-4d50-3797-5313ab285f00/public ;; High pull | Adult pulls a backpack toward the chest with elbows high while standing tall. | https://imagedelivery.net/TDuhqfLDl0Fb8RGwGw6mYw/9638a506-0643-4072-fe33-bda29621a800/public ;; Controlled lower | Adult lowers the backpack slowly while keeping the handle close and ribs stacked. | https://imagedelivery.net/TDuhqfLDl0Fb8RGwGw6mYw/f359e62e-e007-4c1f-bb52-c96314196a00/public
Exercise,EX626,Bottle Pullover on Floor,Upper Body Pull & Posture,"Lats, chest, trunk",Beginner,Water bottle,Supine,Strength,Common,Move a light bottle from above the chest toward overhead and back.,https://www.acefitness.org/resources/everyone/exercise-library/; https://acsm.org/resistance-training-guidelines-update-2026/; https://acsm.org/education-resources/trending-topics-resources/physical-activity-guidelines/,"1) Lie on your back with knees bent or legs positioned as the movement requires. 2) Hold the bottles with a firm grip and choose a load light enough to control smoothly. 3) Move a light bottle from above the chest toward overhead and back. 4) Brace your trunk and press, pull, or raise the load through the intended movement path. 5) Return slowly to the start position without shrugging your shoulders.","1) Start the pull by moving the shoulder blades smoothly rather than shrugging. 2) Keep the neck relaxed and return the arms slowly. 3) Choose a light load first and make sure lids, straps, and zippers are secure. 4) Stop if you feel sharp pain, numbness, dizziness, or joint pinching.",
Exercise,EX627,Prone Y Raise with Thumbs Up,Upper Body Pull & Posture,"Lower traps, shoulders",Beginner,None,Prone,Strength,Variant,Lift the arms in a Y shape with thumbs pointing up.,https://www.acefitness.org/resources/everyone/exercise-library/; https://acsm.org/resistance-training-guidelines-update-2026/; https://acsm.org/education-resources/trending-topics-resources/physical-activity-guidelines/,1) Lie face down with forehead supported or hovering comfortably. 2) Reach both arms overhead in a Y shape with thumbs pointing up. 3) Lift the arms in a Y shape with thumbs pointing up. 4) Lift arms or chest only as high as you can without pinching the low back. 5) Lower slowly and reset your neck long before the next rep.,"1) Start the pull by moving the shoulder blades smoothly rather than shrugging. 2) Keep the neck relaxed and return the arms slowly. 3) Stop if you feel sharp pain, numbness, dizziness, or joint pinching.","Setup | Prone Y Raise with Thumbs Up replacement instructional illustration, slide 1 of 3. | https://imagedelivery.net/TDuhqfLDl0Fb8RGwGw6mYw/ee733318-f4ab-4d83-c8b9-9984a28a2e00/public ;; Step 2 | Prone Y Raise with Thumbs Up replacement instructional illustration, slide 2 of 3. | https://imagedelivery.net/TDuhqfLDl0Fb8RGwGw6mYw/af0c7354-28e1-41f0-e1be-4bcf3cc09100/public ;; Step 3 | Prone Y Raise with Thumbs Up replacement instructional illustration, slide 3 of 3. | https://imagedelivery.net/TDuhqfLDl0Fb8RGwGw6mYw/7aed98d9-e059-4323-3f19-edb03a201e00/public"
Exercise,EX628,Prone External Rotation Lift,Upper Body Pull & Posture,"Rotator cuff, upper back",Beginner,None,Prone,Strength,Variant,Lie face down with elbows bent and rotate forearms upward.,https://www.acefitness.org/resources/everyone/exercise-library/; https://acsm.org/resistance-training-guidelines-update-2026/; https://acsm.org/education-resources/trending-topics-resources/physical-activity-guidelines/,1) Lie face down with forehead supported or hovering comfortably. 2) Bend elbows into a goalpost shape with upper arms near shoulder height. 3) Lie face down with elbows bent and rotate forearms upward. 4) Lift arms or chest only as high as you can without pinching the low back. 5) Lower slowly and reset your neck long before the next rep.,"1) Start the pull by moving the shoulder blades smoothly rather than shrugging. 2) Keep the neck relaxed and return the arms slowly. 3) Stop if you feel sharp pain, numbness, dizziness, or joint pinching.","Setup | Prone External Rotation Lift replacement instructional illustration, slide 1 of 3. | https://imagedelivery.net/TDuhqfLDl0Fb8RGwGw6mYw/84d614eb-369d-4e1d-a74b-938ea7d42800/public ;; Step 2 | Prone External Rotation Lift replacement instructional illustration, slide 2 of 3. | https://imagedelivery.net/TDuhqfLDl0Fb8RGwGw6mYw/d9f681f6-70a6-4a54-a698-0f7fb97cd400/public ;; Step 3 | Prone External Rotation Lift replacement instructional illustration, slide 3 of 3. | https://imagedelivery.net/TDuhqfLDl0Fb8RGwGw6mYw/1a24ceca-e484-4413-dcce-9940d0f25900/public"
Exercise,EX629,Prone W to Y Raise,Upper Body Pull & Posture,"Upper back, lower traps",Intermediate,None,Prone,Strength,Variant,"Start in a W shape, lift, then reach arms into a Y before lowering.",https://www.acefitness.org/resources/everyone/exercise-library/; https://acsm.org/resistance-training-guidelines-update-2026/; https://acsm.org/education-resources/trending-topics-resources/physical-activity-guidelines/,"1) Lie face down with forehead supported or hovering comfortably. 2) Start with elbows bent into a W shape and shoulder blades gently drawn down. 3) Start in a W shape, lift, then reach arms into a Y before lowering. 4) Lift arms or chest only as high as you can without pinching the low back. 5) Lower slowly and reset your neck long before the next rep.","1) Start the pull by moving the shoulder blades smoothly rather than shrugging. 2) Keep the neck relaxed and return the arms slowly. 3) Stop if you feel sharp pain, numbness, dizziness, or joint pinching.","Start in W | Prone W to Y Raise instructional illustration of an adult lying face down on a mat with elbows bent in a W, chest quiet, and shoulders low. | https://imagedelivery.net/TDuhqfLDl0Fb8RGwGw6mYw/426a7186-412d-4b58-a213-11cdae03c900/public ;; Reach to Y | Prone W to Y Raise instructional illustration of the same adult reaching both arms into a Y while the chest stays quiet and shoulders stay low. | https://imagedelivery.net/TDuhqfLDl0Fb8RGwGw6mYw/e09873a9-d19e-4bf5-defe-daf8a6264c00/public"
Exercise,EX630,Prone Swimmer with Pause,Upper Body Pull & Posture,"Back, shoulders, glutes",Intermediate,None,Prone,Strength,Variant,Sweep arms through a swimmer pattern and pause at the hardest point.,https://www.acefitness.org/resources/everyone/exercise-library/; https://acsm.org/resistance-training-guidelines-update-2026/; https://acsm.org/education-resources/trending-topics-resources/physical-activity-guidelines/,1) Lie face down with forehead supported or hovering comfortably. 2) Reach arms overhead and prepare to sweep them wide like a swimmer stroke. 3) Sweep arms through a swimmer pattern and pause at the hardest point. 4) Lift arms or chest only as high as you can without pinching the low back. 5) Lower slowly and reset your neck long before the next rep.,"1) Start the pull by moving the shoulder blades smoothly rather than shrugging. 2) Keep the neck relaxed and return the arms slowly. 3) Stop if you feel sharp pain, numbness, dizziness, or joint pinching.","Setup | Prone Swimmer with Pause replacement instructional illustration, slide 1 of 4. | https://imagedelivery.net/TDuhqfLDl0Fb8RGwGw6mYw/fd11a230-b196-486a-2737-c46215623f00/public ;; Step 2 | Prone Swimmer with Pause replacement instructional illustration, slide 2 of 4. | https://imagedelivery.net/TDuhqfLDl0Fb8RGwGw6mYw/bf5d60a0-6543-4ff3-3ea5-c87aeb8fc100/public ;; Step 3 | Prone Swimmer with Pause replacement instructional illustration, slide 3 of 4. | https://imagedelivery.net/TDuhqfLDl0Fb8RGwGw6mYw/b9cf2bff-2cec-4dd4-0672-bf5e0b7f3100/public ;; Step 4 | Prone Swimmer with Pause replacement instructional illustration, slide 4 of 4. | https://imagedelivery.net/TDuhqfLDl0Fb8RGwGw6mYw/54c40dfb-8030-41cf-9a20-b66ee7068b00/public"
Exercise,EX631,Wall Slide with Lift-Off,Upper Body Pull & Posture,"Shoulders, upper back",Intermediate,Wall,Standing,Strength,Common,"Slide arms up the wall, then gently lift hands away without arching the back.",https://www.acefitness.org/resources/everyone/exercise-library/; https://acsm.org/resistance-training-guidelines-update-2026/; https://acsm.org/education-resources/trending-topics-resources/physical-activity-guidelines/,"1) Stand tall in the stance for the movement, with feet planted and ribs stacked over hips. 2) Keep your neck long and ribs down. 3) Slide arms up the wall, then gently lift hands away without arching the back. 4) Move your shoulder blades through the pattern without forcing your low back to arch. 5) Return to neutral and repeat slowly.","1) Start the pull by moving the shoulder blades smoothly rather than shrugging. 2) Keep the neck relaxed and return the arms slowly. 3) Stand close enough to control the movement without jamming your wrists, shoulders, or back. 4) Stop if you feel sharp pain, numbness, dizziness, or joint pinching.","Setup | Wall Slide with Lift-Off replacement instructional illustration, slide 1 of 3. | https://imagedelivery.net/TDuhqfLDl0Fb8RGwGw6mYw/9de31bb2-baee-42c5-1d32-f7503ff66800/public ;; Step 2 | Wall Slide with Lift-Off replacement instructional illustration, slide 2 of 3. | https://imagedelivery.net/TDuhqfLDl0Fb8RGwGw6mYw/00702f98-d03d-46ab-d766-ca74a7a83200/public ;; Step 3 | Wall Slide with Lift-Off replacement instructional illustration, slide 3 of 3. | https://imagedelivery.net/TDuhqfLDl0Fb8RGwGw6mYw/d706d9db-b5ca-4ba2-90e4-c9305e986200/public"
Exercise,EX632,Wall Angel with Chin Tuck,Upper Body Pull & Posture,"Upper back, shoulders, neck posture",Beginner,Wall,Standing,Strength,Common,Perform wall angels while keeping a gentle chin tuck.,https://www.acefitness.org/resources/everyone/exercise-library/; https://acsm.org/resistance-training-guidelines-update-2026/; https://acsm.org/education-resources/trending-topics-resources/physical-activity-guidelines/,"1) Stand tall in the stance for the movement, with feet planted and ribs stacked over hips. 2) Keep your neck long and ribs down. 3) Perform wall angels while keeping a gentle chin tuck. 4) Move your shoulder blades through the pattern without forcing your low back to arch. 5) Return to neutral and repeat slowly.","1) Start the pull by moving the shoulder blades smoothly rather than shrugging. 2) Keep the neck relaxed and return the arms slowly. 3) Stand close enough to control the movement without jamming your wrists, shoulders, or back. 4) Stop if you feel sharp pain, numbness, dizziness, or joint pinching.","Setup | Wall Angel with Chin Tuck replacement instructional illustration, slide 1 of 3. | https://imagedelivery.net/TDuhqfLDl0Fb8RGwGw6mYw/7c8054d8-62a3-40ed-79fb-54bca8253500/public ;; Step 2 | Wall Angel with Chin Tuck replacement instructional illustration, slide 2 of 3. | https://imagedelivery.net/TDuhqfLDl0Fb8RGwGw6mYw/3451ed10-e76c-4023-dcf7-280d957ce700/public ;; Step 3 | Wall Angel with Chin Tuck replacement instructional illustration, slide 3 of 3. | https://imagedelivery.net/TDuhqfLDl0Fb8RGwGw6mYw/967e5a38-1cc9-4b8a-59ca-6eba7839d600/public"
Exercise,EX633,Wall Serratus Slide,Upper Body Pull & Posture,"Serratus, shoulders",Beginner,Wall,Standing,Strength,Common,Slide forearms up a wall while reaching shoulder blades forward and upward.,https://www.acefitness.org/resources/everyone/exercise-library/; https://acsm.org/resistance-training-guidelines-update-2026/; https://acsm.org/education-resources/trending-topics-resources/physical-activity-guidelines/,"1) Stand tall in the stance for the movement, with feet planted and ribs stacked over hips. 2) Keep your neck long and ribs down. 3) Slide forearms up a wall while reaching shoulder blades forward and upward. 4) Move your shoulder blades through the pattern without forcing your low back to arch. 5) Return to neutral and repeat slowly.","1) Start the pull by moving the shoulder blades smoothly rather than shrugging. 2) Keep the neck relaxed and return the arms slowly. 3) Stand close enough to control the movement without jamming your wrists, shoulders, or back. 4) Stop if you feel sharp pain, numbness, dizziness, or joint pinching.","Setup | Wall Serratus Slide replacement instructional illustration, slide 1 of 3. | https://imagedelivery.net/TDuhqfLDl0Fb8RGwGw6mYw/5d31f4b3-fdcb-4a20-4f52-c0bfea7ec600/public ;; Step 2 | Wall Serratus Slide replacement instructional illustration, slide 2 of 3. | https://imagedelivery.net/TDuhqfLDl0Fb8RGwGw6mYw/368d6459-98a4-4bd6-a8b5-87bc20504a00/public ;; Step 3 | Wall Serratus Slide replacement instructional illustration, slide 3 of 3. | https://imagedelivery.net/TDuhqfLDl0Fb8RGwGw6mYw/78561393-b675-4bdb-40eb-e5ec34eaaa00/public"
Exercise,EX634,Floor Serratus Punch,Upper Body Pull & Posture,"Serratus, shoulders",Beginner,Water bottles optional,Supine,Strength,Common,Lie on your back and reach fists toward the ceiling by moving shoulder blades.,https://www.acefitness.org/resources/everyone/exercise-library/; https://acsm.org/resistance-training-guidelines-update-2026/; https://acsm.org/education-resources/trending-topics-resources/physical-activity-guidelines/,1) Lie on your back with knees bent or legs positioned as the movement requires. 2) Keep your neck long and ribs down. 3) Lie on your back and reach fists toward the ceiling by moving shoulder blades. 4) Move your shoulder blades through the pattern without forcing your low back to arch. 5) Return to neutral and repeat slowly.,"1) Start the pull by moving the shoulder blades smoothly rather than shrugging. 2) Keep the neck relaxed and return the arms slowly. 3) Choose a light load first and make sure lids, straps, and zippers are secure. 4) Stop if you feel sharp pain, numbness, dizziness, or joint pinching.","Setup | Floor Serratus Punch replacement instructional illustration, slide 1 of 2. | https://imagedelivery.net/TDuhqfLDl0Fb8RGwGw6mYw/74277314-5c44-4212-a407-fe26318db100/public ;; Step 2 | Floor Serratus Punch replacement instructional illustration, slide 2 of 2. | https://imagedelivery.net/TDuhqfLDl0Fb8RGwGw6mYw/50263691-b815-417a-5b0f-a8e3afb41b00/public"
Exercise,EX635,Quadruped Scapular Circle,Upper Body Pull & Posture,"Shoulder blades, serratus",Beginner,None,Quadruped,Strength,Variant,"On all fours, draw slow circles with the shoulder blades without bending elbows.",https://www.acefitness.org/resources/everyone/exercise-library/; https://acsm.org/resistance-training-guidelines-update-2026/; https://acsm.org/education-resources/trending-topics-resources/physical-activity-guidelines/,"1) Start on hands and knees with hands under shoulders and knees under hips. 2) Keep your neck long and ribs down. 3) On all fours, draw slow circles with the shoulder blades without bending elbows. 4) Move your shoulder blades through the pattern without forcing your low back to arch. 5) Return to neutral and repeat slowly.","1) Start the pull by moving the shoulder blades smoothly rather than shrugging. 2) Keep the neck relaxed and return the arms slowly. 3) Stop if you feel sharp pain, numbness, dizziness, or joint pinching.","Setup | Quadruped Scapular Circle replacement instructional illustration, slide 1 of 3. | https://imagedelivery.net/TDuhqfLDl0Fb8RGwGw6mYw/1d1d21c4-de8a-462c-cf0d-a5bd27d79f00/public ;; Step 2 | Quadruped Scapular Circle replacement instructional illustration, slide 2 of 3. | https://imagedelivery.net/TDuhqfLDl0Fb8RGwGw6mYw/b29546ef-62ec-4fee-f173-f9fda4c44500/public ;; Step 3 | Quadruped Scapular Circle replacement instructional illustration, slide 3 of 3. | https://imagedelivery.net/TDuhqfLDl0Fb8RGwGw6mYw/4b6e7f21-a84e-47da-4ee9-6be86a031200/public"
Exercise,EX636,Standing Band Posture Row,Upper Body Pull & Posture,"Upper back, shoulders",Beginner,Resistance band,Standing,Strength,Common,"Row a light band while practicing a tall, stacked posture.",https://www.acefitness.org/resources/everyone/exercise-library/; https://acsm.org/resistance-training-guidelines-update-2026/; https://acsm.org/education-resources/trending-topics-resources/physical-activity-guidelines/,"1) Anchor or loop the band securely, start with light tension, and keep the band path clear. 2) Keep ribs stacked over hips and the neck relaxed. 3) Row a light band while practicing a tall, stacked posture. 4) Pull by driving elbows or hands through the intended movement path while shoulder blades move smoothly. 5) Return slowly without losing posture.","1) Start the pull by moving the shoulder blades smoothly rather than shrugging. 2) Keep the neck relaxed and return the arms slowly. 3) Use a light band first and make sure it is anchored or held securely before adding tension. 4) Stop if you feel sharp pain, numbness, dizziness, or joint pinching.","Setup | Standing Band Posture Row replacement instructional illustration, slide 1 of 3. | https://imagedelivery.net/TDuhqfLDl0Fb8RGwGw6mYw/998ba457-754e-4144-eb67-364271e74e00/public ;; Step 2 | Standing Band Posture Row replacement instructional illustration, slide 2 of 3. | https://imagedelivery.net/TDuhqfLDl0Fb8RGwGw6mYw/005c04b5-2dab-44b3-cf70-20e5c621fd00/public ;; Step 3 | Standing Band Posture Row replacement instructional illustration, slide 3 of 3. | https://imagedelivery.net/TDuhqfLDl0Fb8RGwGw6mYw/6506591a-7160-44ec-4d4d-0387057cb400/public"
Exercise,EX637,Chair-Supported Reverse Fly,Upper Body Pull & Posture,"Rear shoulders, upper back",Beginner,Chair and water bottles,Standing hinge,Strength,Common,Support one hand on a chair and raise a light bottle out to the side.,https://www.acefitness.org/resources/everyone/exercise-library/; https://acsm.org/resistance-training-guidelines-update-2026/; https://acsm.org/education-resources/trending-topics-resources/physical-activity-guidelines/,"1) Stand tall in the stance named by the exercise, with feet planted and ribs stacked over hips. 2) Hold the bottles with a firm grip and choose a load light enough to control smoothly. 3) Support one hand on a chair and raise a light bottle out to the side. 4) Brace your trunk and press, pull, or raise the load through the intended movement path. 5) Return slowly to the start position without shrugging your shoulders.","1) Start the pull by moving the shoulder blades smoothly rather than shrugging. 2) Keep the neck relaxed and return the arms slowly. 3) Use only a stable surface that will not slide, tip, or open unexpectedly. 4) Stop if you feel sharp pain, numbness, dizziness, or joint pinching.","Setup | Chair-Supported Reverse Fly replacement instructional illustration, slide 1 of 3. | https://imagedelivery.net/TDuhqfLDl0Fb8RGwGw6mYw/22492750-941c-4453-51bf-cf4a66d20f00/public ;; Step 2 | Chair-Supported Reverse Fly replacement instructional illustration, slide 2 of 3. | https://imagedelivery.net/TDuhqfLDl0Fb8RGwGw6mYw/283c2367-f762-49f2-f6f3-0a8981837100/public ;; Step 3 | Chair-Supported Reverse Fly replacement instructional illustration, slide 3 of 3. | https://imagedelivery.net/TDuhqfLDl0Fb8RGwGw6mYw/5ee51706-8926-49b2-7d00-b247b6755e00/public"
Exercise,EX638,Dead Bug with Mini-Band Pulldown,Core & Trunk,"Deep core, lats",Intermediate,Mini band,Supine,Strength,Variant,Hold band tension with the arms while alternating dead bug legs.,https://www.acefitness.org/resources/everyone/exercise-library/; https://acsm.org/resistance-training-guidelines-update-2026/; https://acsm.org/education-resources/trending-topics-resources/physical-activity-guidelines/,1) Lie on your back with knees bent or legs in tabletop as needed for the variation. 2) Bring ribs down gently and keep your low back comfortable on the floor. 3) Hold band tension with the arms while alternating dead bug legs. 4) Move the arms or legs through the named pattern without letting your torso rock. 5) Return to the start and alternate sides when needed.,"1) Choose a range where your low back and ribs stay controlled. 2) Move slowly enough that your hips and shoulders do not wobble. 3) Use a light band first and make sure it is anchored or held securely before adding tension. 4) Stop if you feel sharp pain, numbness, dizziness, or joint pinching.","Setup | Dead Bug with Mini-Band Pulldown replacement instructional illustration, slide 1 of 4. | https://imagedelivery.net/TDuhqfLDl0Fb8RGwGw6mYw/881814f9-14b3-4d5c-e881-25956b70ab00/public ;; Step 2 | Dead Bug with Mini-Band Pulldown replacement instructional illustration, slide 2 of 4. | https://imagedelivery.net/TDuhqfLDl0Fb8RGwGw6mYw/6e1499c8-833d-4a79-ef8d-c0f224484700/public ;; Step 3 | Dead Bug with Mini-Band Pulldown replacement instructional illustration, slide 3 of 4. | https://imagedelivery.net/TDuhqfLDl0Fb8RGwGw6mYw/f88e393d-dc56-47c6-95e3-eba0306e2900/public ;; Step 4 | Dead Bug with Mini-Band Pulldown replacement instructional illustration, slide 4 of 4. | https://imagedelivery.net/TDuhqfLDl0Fb8RGwGw6mYw/f778a0ed-008e-4da6-c950-a2d1c9ed5500/public"
Exercise,EX639,Dead Bug with Heel Press into Wall,Core & Trunk,"Deep core, hip flexors",Beginner,Wall,Supine,Strength,Variant,Press one or both heels lightly into a wall while moving the opposite limb.,https://www.acefitness.org/resources/everyone/exercise-library/; https://acsm.org/resistance-training-guidelines-update-2026/; https://acsm.org/education-resources/trending-topics-resources/physical-activity-guidelines/,1) Lie on your back with knees bent or legs in tabletop as needed for the variation. 2) Bring ribs down gently and keep your low back comfortable on the floor. 3) Press one or both heels lightly into a wall while moving the opposite limb. 4) Move the arms or legs through the named pattern without letting your torso rock. 5) Return to the start and alternate sides when needed.,"1) Choose a range where your low back and ribs stay controlled. 2) Move slowly enough that your hips and shoulders do not wobble. 3) Stand close enough to control the movement without jamming your wrists, shoulders, or back. 4) Stop if you feel sharp pain, numbness, dizziness, or joint pinching.","Setup | Dead Bug with Heel Press into Wall replacement instructional illustration, slide 1 of 4. | https://imagedelivery.net/TDuhqfLDl0Fb8RGwGw6mYw/04fb1fa5-89d0-4e1a-425f-ab47a464bc00/public ;; Step 2 | Dead Bug with Heel Press into Wall replacement instructional illustration, slide 2 of 4. | https://imagedelivery.net/TDuhqfLDl0Fb8RGwGw6mYw/dbcf4a51-5157-442f-0098-5f02a821ce00/public ;; Step 3 | Dead Bug with Heel Press into Wall replacement instructional illustration, slide 3 of 4. | https://imagedelivery.net/TDuhqfLDl0Fb8RGwGw6mYw/405cbcb5-acb9-43e9-5dab-862daf18a900/public ;; Step 4 | Dead Bug with Heel Press into Wall replacement instructional illustration, slide 4 of 4. | https://imagedelivery.net/TDuhqfLDl0Fb8RGwGw6mYw/fce17091-4cce-413a-34ab-5e32540d5000/public"
Exercise,EX640,Dead Bug Alternating Overhead Reach,Core & Trunk,"Deep core, shoulders",Beginner,None,Supine,Strength,Variant,Hold tabletop legs and alternate reaching one arm overhead.,https://www.acefitness.org/resources/everyone/exercise-library/; https://acsm.org/resistance-training-guidelines-update-2026/; https://acsm.org/education-resources/trending-topics-resources/physical-activity-guidelines/,1) Lie on your back with knees bent or legs in tabletop as needed for the variation. 2) Bring ribs down gently and keep your low back comfortable on the floor. 3) Hold tabletop legs and alternate reaching one arm overhead. 4) Move the arms or legs through the named pattern without letting your torso rock. 5) Return to the start and alternate sides when needed.,"1) Choose a range where your low back and ribs stay controlled. 2) Move slowly enough that your hips and shoulders do not wobble. 3) Stop if you feel sharp pain, numbness, dizziness, or joint pinching.","Setup | Dead Bug Alternating Overhead Reach replacement instructional illustration, slide 1 of 4. | https://imagedelivery.net/TDuhqfLDl0Fb8RGwGw6mYw/3dc9f9c9-bb10-49a8-433c-928a352d7600/public ;; Step 2 | Dead Bug Alternating Overhead Reach replacement instructional illustration, slide 2 of 4. | https://imagedelivery.net/TDuhqfLDl0Fb8RGwGw6mYw/5dfd6148-934a-4af6-faca-30d2eaa2b000/public ;; Step 3 | Dead Bug Alternating Overhead Reach replacement instructional illustration, slide 3 of 4. | https://imagedelivery.net/TDuhqfLDl0Fb8RGwGw6mYw/52bb48d3-eea0-4210-cca1-7a115e68ab00/public ;; Step 4 | Dead Bug Alternating Overhead Reach replacement instructional illustration, slide 4 of 4. | https://imagedelivery.net/TDuhqfLDl0Fb8RGwGw6mYw/1455e00e-131c-496e-8b73-e6558b302e00/public"
Exercise,EX641,Dead Bug with Band Row,Core & Trunk,"Deep core, upper back",Intermediate,Resistance band,Supine,Strength,Variant,Alternate leg extensions while rowing a light band.,https://www.acefitness.org/resources/everyone/exercise-library/; https://acsm.org/resistance-training-guidelines-update-2026/; https://acsm.org/education-resources/trending-topics-resources/physical-activity-guidelines/,1) Lie on your back with knees bent or legs in tabletop as needed for the variation. 2) Bring ribs down gently and keep your low back comfortable on the floor. 3) Alternate leg extensions while rowing a light band. 4) Move the arms or legs through the named pattern without letting your torso rock. 5) Return to the start and alternate sides when needed.,"1) Choose a range where your low back and ribs stay controlled. 2) Move slowly enough that your hips and shoulders do not wobble. 3) Use a light band first and make sure it is anchored or held securely before adding tension. 4) Stop if you feel sharp pain, numbness, dizziness, or joint pinching.","Setup | Dead Bug with Band Row replacement instructional illustration, slide 1 of 4. | https://imagedelivery.net/TDuhqfLDl0Fb8RGwGw6mYw/a6c95c25-0fa5-43b0-9639-1475919f4900/public ;; Step 2 | Dead Bug with Band Row replacement instructional illustration, slide 2 of 4. | https://imagedelivery.net/TDuhqfLDl0Fb8RGwGw6mYw/a4819e57-275b-45a4-2392-2f6ef0b99e00/public ;; Step 3 | Dead Bug with Band Row replacement instructional illustration, slide 3 of 4. | https://imagedelivery.net/TDuhqfLDl0Fb8RGwGw6mYw/6a5a0953-101c-476a-81a7-873e3379b900/public ;; Step 4 | Dead Bug with Band Row replacement instructional illustration, slide 4 of 4. | https://imagedelivery.net/TDuhqfLDl0Fb8RGwGw6mYw/686f552c-4a1d-4e92-f16a-bd04e8f12900/public"
Exercise,EX642,Supine March with Core Brace,Core & Trunk,"Deep core, hip flexors",Beginner,None,Supine,Strength,Common,Lie on your back and lift one foot at a time while keeping the trunk steady.,https://www.acefitness.org/resources/everyone/exercise-library/; https://acsm.org/resistance-training-guidelines-update-2026/; https://acsm.org/education-resources/trending-topics-resources/physical-activity-guidelines/,1) Lie on your back with knees bent or legs in tabletop as needed for the variation. 2) Bring ribs down gently and keep your low back comfortable on the floor. 3) Lie on your back and lift one foot at a time while keeping the trunk steady. 4) Move the arms or legs through the named pattern without letting your torso rock. 5) Return to the start and alternate sides when needed.,"1) Choose a range where your low back and ribs stay controlled. 2) Move slowly enough that your hips and shoulders do not wobble. 3) Stop if you feel sharp pain, numbness, dizziness, or joint pinching.","Setup | Supine March with Core Brace replacement instructional illustration, slide 1 of 4. | https://imagedelivery.net/TDuhqfLDl0Fb8RGwGw6mYw/2c1503b4-0dc6-4267-3183-8a34ad591700/public ;; Step 2 | Supine March with Core Brace replacement instructional illustration, slide 2 of 4. | https://imagedelivery.net/TDuhqfLDl0Fb8RGwGw6mYw/21704044-c6db-4f20-7aef-7801ca7c3500/public ;; Step 3 | Supine March with Core Brace replacement instructional illustration, slide 3 of 4. | https://imagedelivery.net/TDuhqfLDl0Fb8RGwGw6mYw/015f529d-9810-4fd0-c72c-e08ba4dc5d00/public ;; Step 4 | Supine March with Core Brace replacement instructional illustration, slide 4 of 4. | https://imagedelivery.net/TDuhqfLDl0Fb8RGwGw6mYw/f7b99439-63a0-40c4-c0f9-b403a1aff600/public"
Exercise,EX643,Supine Toe Tap,Core & Trunk,"Deep core, hip flexors",Beginner,None,Supine,Strength,Common,Start in tabletop and tap one toe to the floor at a time.,https://www.acefitness.org/resources/everyone/exercise-library/; https://acsm.org/resistance-training-guidelines-update-2026/; https://acsm.org/education-resources/trending-topics-resources/physical-activity-guidelines/,1) Lie on your back with knees bent or legs in tabletop as needed for the variation. 2) Bring ribs down gently and keep your low back comfortable on the floor. 3) Start in tabletop and tap one toe to the floor at a time. 4) Move the arms or legs through the named pattern without letting your torso rock. 5) Return to the start and alternate sides when needed.,"1) Choose a range where your low back and ribs stay controlled. 2) Move slowly enough that your hips and shoulders do not wobble. 3) Stop if you feel sharp pain, numbness, dizziness, or joint pinching.",
Exercise,EX644,Supine 90/90 Heel Tap Hold,Core & Trunk,"Deep core, hip flexors",Beginner,None,Supine,Strength,Variant,Hold one heel near the floor briefly before returning to tabletop.,https://www.acefitness.org/resources/everyone/exercise-library/; https://acsm.org/resistance-training-guidelines-update-2026/; https://acsm.org/education-resources/trending-topics-resources/physical-activity-guidelines/,1) Lie on your back with knees bent or legs in tabletop as needed for the variation. 2) Bring ribs down gently and keep your low back comfortable on the floor. 3) Hold one heel near the floor briefly before returning to tabletop. 4) Move the arms or legs through the named pattern without letting your torso rock. 5) Return to the start and alternate sides when needed.,"1) Choose a range where your low back and ribs stay controlled. 2) Move slowly enough that your hips and shoulders do not wobble. 3) Stop if you feel sharp pain, numbness, dizziness, or joint pinching.",
Exercise,EX645,Tabletop Knee Extension,Core & Trunk,"Deep core, quads",Beginner,None,Supine,Strength,Variant,"From tabletop, straighten one knee without changing your pelvis.",https://www.acefitness.org/resources/everyone/exercise-library/; https://acsm.org/resistance-training-guidelines-update-2026/; https://acsm.org/education-resources/trending-topics-resources/physical-activity-guidelines/,"1) Lie on your back with knees bent or legs in tabletop as needed for the variation. 2) Bring ribs down gently and keep your low back comfortable on the floor. 3) From tabletop, straighten one knee without changing your pelvis. 4) Move the arms or legs through the named pattern without letting your torso rock. 5) Return to the start and alternate sides when needed.","1) Choose a range where your low back and ribs stay controlled. 2) Move slowly enough that your hips and shoulders do not wobble. 3) Stop if you feel sharp pain, numbness, dizziness, or joint pinching.",
Exercise,EX646,Tabletop Arm Reach,Core & Trunk,"Deep core, shoulders",Beginner,None,Supine,Strength,Variant,"From tabletop, reach one arm overhead while the legs stay still.",https://www.acefitness.org/resources/everyone/exercise-library/; https://acsm.org/resistance-training-guidelines-update-2026/; https://acsm.org/education-resources/trending-topics-resources/physical-activity-guidelines/,"1) Lie on your back with knees bent or legs in tabletop as needed for the variation. 2) Bring ribs down gently and keep your low back comfortable on the floor. 3) From tabletop, reach one arm overhead while the legs stay still. 4) Move the arms or legs through the named pattern without letting your torso rock. 5) Return to the start and alternate sides when needed.","1) Choose a range where your low back and ribs stay controlled. 2) Move slowly enough that your hips and shoulders do not wobble. 3) Stop if you feel sharp pain, numbness, dizziness, or joint pinching.",
Exercise,EX647,Tabletop Opposite Arm-Leg Reach,Core & Trunk,"Deep core, coordination",Intermediate,None,Supine,Strength,Common,"From tabletop, reach the opposite arm and leg away from each other.",https://www.acefitness.org/resources/everyone/exercise-library/; https://acsm.org/resistance-training-guidelines-update-2026/; https://acsm.org/education-resources/trending-topics-resources/physical-activity-guidelines/,"1) Lie on your back with knees bent or legs in tabletop as needed for the variation. 2) Bring ribs down gently and keep your low back comfortable on the floor. 3) From tabletop, reach the opposite arm and leg away from each other. 4) Move the arms or legs through the named pattern without letting your torso rock. 5) Return to the start and alternate sides when needed.","1) Choose a range where your low back and ribs stay controlled. 2) Move slowly enough that your hips and shoulders do not wobble. 3) Stop if you feel sharp pain, numbness, dizziness, or joint pinching.",
Exercise,EX648,Hollow Body Flutter,Core & Trunk,"Abs, hip flexors",Advanced,None,Supine,Strength,Variant,Hold a hollow position and make small flutter kicks.,https://www.acefitness.org/resources/everyone/exercise-library/; https://acsm.org/resistance-training-guidelines-update-2026/; https://acsm.org/education-resources/trending-topics-resources/physical-activity-guidelines/,1) Lie on your back with knees bent or legs in tabletop as needed for the variation. 2) Bring ribs down gently and keep your low back comfortable on the floor. 3) Hold a hollow position and make small flutter kicks. 4) Move the arms or legs through the named pattern without letting your torso rock. 5) Return to the start and alternate sides when needed.,"1) Choose a range where your low back and ribs stay controlled. 2) Move slowly enough that your hips and shoulders do not wobble. 3) Stop if you feel sharp pain, numbness, dizziness, or joint pinching.",
Exercise,EX649,Hollow Body Scissor,Core & Trunk,"Abs, hip flexors",Advanced,None,Supine,Strength,Variant,Hold a hollow position and cross the legs in a scissor pattern.,https://www.acefitness.org/resources/everyone/exercise-library/; https://acsm.org/resistance-training-guidelines-update-2026/; https://acsm.org/education-resources/trending-topics-resources/physical-activity-guidelines/,1) Lie on your back with knees bent or legs in tabletop as needed for the variation. 2) Bring ribs down gently and keep your low back comfortable on the floor. 3) Hold a hollow position and cross the legs in a scissor pattern. 4) Move the arms or legs through the named pattern without letting your torso rock. 5) Return to the start and alternate sides when needed.,"1) Choose a range where your low back and ribs stay controlled. 2) Move slowly enough that your hips and shoulders do not wobble. 3) Stop if you feel sharp pain, numbness, dizziness, or joint pinching.",
Exercise,EX650,Hollow Body Tuck Rock,Core & Trunk,"Abs, hip flexors",Advanced,None,Supine,Strength,Variant,Hold a tucked hollow shape and rock slightly without losing the rounded position.,https://www.acefitness.org/resources/everyone/exercise-library/; https://acsm.org/resistance-training-guidelines-update-2026/; https://acsm.org/education-resources/trending-topics-resources/physical-activity-guidelines/,1) Lie on your back with knees bent or legs in tabletop as needed for the variation. 2) Bring ribs down gently and keep your low back comfortable on the floor. 3) Hold a tucked hollow shape and rock slightly without losing the rounded position. 4) Move the arms or legs through the named pattern without letting your torso rock. 5) Return to the start and alternate sides when needed.,"1) Choose a range where your low back and ribs stay controlled. 2) Move slowly enough that your hips and shoulders do not wobble. 3) Stop if you feel sharp pain, numbness, dizziness, or joint pinching.",
Exercise,EX651,Side Plank Threaded Knee Drive,Core & Trunk,"Obliques, hips",Advanced,None,Side-lying,Strength,Variant,Hold a side plank and drive the top knee forward under control.,https://www.acefitness.org/resources/everyone/exercise-library/; https://acsm.org/resistance-training-guidelines-update-2026/; https://acsm.org/education-resources/trending-topics-resources/physical-activity-guidelines/,"1) Lie on your side with elbow under shoulder and knees or feet stacked comfortably. 2) Lift your hips so your body forms a long line. 3) Hold a side plank and drive the top knee forward under control. 4) Perform the named leg, hip, or arm movement without rolling forward or backward. 5) Lower with control and repeat on the other side.","1) Choose a range where your low back and ribs stay controlled. 2) Move slowly enough that your hips and shoulders do not wobble. 3) Stop if you feel sharp pain, numbness, dizziness, or joint pinching.",
Exercise,EX652,Side Plank Top-Leg March,Core & Trunk,"Obliques, lateral hips",Intermediate,None,Side-lying,Strength,Variant,Hold a side plank and slowly march the top leg forward and back.,https://www.acefitness.org/resources/everyone/exercise-library/; https://acsm.org/resistance-training-guidelines-update-2026/; https://acsm.org/education-resources/trending-topics-resources/physical-activity-guidelines/,"1) Lie on your side with elbow under shoulder and knees or feet stacked comfortably. 2) Lift your hips so your body forms a long line. 3) Hold a side plank and slowly march the top leg forward and back. 4) Perform the named leg, hip, or arm movement without rolling forward or backward. 5) Lower with control and repeat on the other side.","1) Choose a range where your low back and ribs stay controlled. 2) Move slowly enough that your hips and shoulders do not wobble. 3) Stop if you feel sharp pain, numbness, dizziness, or joint pinching.",
Exercise,EX653,Side Plank Hip Dip from Knees,Core & Trunk,"Obliques, lateral hips",Beginner,None,Side-lying,Strength,Variant,"From a knee side plank, lower and lift the hips in a small range.",https://www.acefitness.org/resources/everyone/exercise-library/; https://acsm.org/resistance-training-guidelines-update-2026/; https://acsm.org/education-resources/trending-topics-resources/physical-activity-guidelines/,"1) Lie on your side with elbow under shoulder and knees or feet stacked comfortably. 2) Lift your hips so your body forms a long line. 3) From a knee side plank, lower and lift the hips in a small range. 4) Perform the named leg, hip, or arm movement without rolling forward or backward. 5) Lower with control and repeat on the other side.","1) Choose a range where your low back and ribs stay controlled. 2) Move slowly enough that your hips and shoulders do not wobble. 3) Stop if you feel sharp pain, numbness, dizziness, or joint pinching.",
Exercise,EX654,Side Plank Star Prep,Core & Trunk,"Obliques, shoulders, lateral hips",Advanced,None,Side-lying,Strength,Variant,Hold a side plank and lightly separate the top arm and leg into a star shape.,https://www.acefitness.org/resources/everyone/exercise-library/; https://acsm.org/resistance-training-guidelines-update-2026/; https://acsm.org/education-resources/trending-topics-resources/physical-activity-guidelines/,"1) Lie on your side with elbow under shoulder and knees or feet stacked comfortably. 2) Lift your hips so your body forms a long line. 3) Hold a side plank and lightly separate the top arm and leg into a star shape. 4) Perform the named leg, hip, or arm movement without rolling forward or backward. 5) Lower with control and repeat on the other side.","1) Choose a range where your low back and ribs stay controlled. 2) Move slowly enough that your hips and shoulders do not wobble. 3) Stop if you feel sharp pain, numbness, dizziness, or joint pinching.",
Exercise,EX655,Copenhagen Plank Adduction Squeeze,Core & Trunk,"Adductors, obliques",Advanced,Chair or couch,Side-lying,Strength,Variant,Use the top knee on a chair and squeeze inward while holding a side plank.,https://www.acefitness.org/resources/everyone/exercise-library/; https://acsm.org/resistance-training-guidelines-update-2026/; https://acsm.org/education-resources/trending-topics-resources/physical-activity-guidelines/,"1) Lie on your side with elbow under shoulder and knees or feet stacked comfortably. 2) Lift your hips so your body forms a long line. 3) Use the top knee on a chair and squeeze inward while holding a side plank. 4) Perform the named leg, hip, or arm movement without rolling forward or backward. 5) Lower with control and repeat on the other side.","1) Choose a range where your low back and ribs stay controlled. 2) Move slowly enough that your hips and shoulders do not wobble. 3) Use only a stable surface that will not slide, tip, or open unexpectedly. 4) Stop if you feel sharp pain, numbness, dizziness, or joint pinching.",
Exercise,EX656,Forearm Plank Knee-to-Elbow,Core & Trunk,"Abs, obliques, shoulders",Intermediate,None,Forearm plank,Strength,Variant,"From a forearm plank, drive one knee toward the same-side elbow.",https://www.acefitness.org/resources/everyone/exercise-library/; https://acsm.org/resistance-training-guidelines-update-2026/; https://acsm.org/education-resources/trending-topics-resources/physical-activity-guidelines/,"1) Start in a forearm plank or high plank with shoulders stacked over elbows or wrists. 2) Brace your trunk and keep a long line from head to heels or knees. 3) From a forearm plank, drive one knee toward the same-side elbow. 4) Move slowly through the named arm, leg, or slider pattern. 5) Reset your plank position before the next rep.","1) Choose a range where your low back and ribs stay controlled. 2) Move slowly enough that your hips and shoulders do not wobble. 3) Stop if you feel sharp pain, numbness, dizziness, or joint pinching.",
Exercise,EX657,High Plank Knee-to-Same-Elbow,Core & Trunk,"Abs, obliques, shoulders",Intermediate,None,High plank,Strength,Variant,"From high plank, bring one knee toward the same-side elbow without shifting hips.",https://www.acefitness.org/resources/everyone/exercise-library/; https://acsm.org/resistance-training-guidelines-update-2026/; https://acsm.org/education-resources/trending-topics-resources/physical-activity-guidelines/,"1) Start in a forearm plank or high plank with shoulders stacked over elbows or wrists. 2) Brace your trunk and keep a long line from head to heels or knees. 3) From high plank, bring one knee toward the same-side elbow without shifting hips. 4) Move slowly through the named arm, leg, or slider pattern. 5) Reset your plank position before the next rep.","1) Choose a range where your low back and ribs stay controlled. 2) Move slowly enough that your hips and shoulders do not wobble. 3) Stop if you feel sharp pain, numbness, dizziness, or joint pinching.",
Exercise,EX658,High Plank Shoulder Tap with Pause,Core & Trunk,"Core, shoulders",Intermediate,None,High plank,Strength,Common,Tap one shoulder and pause with the hand off the floor before switching.,https://www.acefitness.org/resources/everyone/exercise-library/; https://acsm.org/resistance-training-guidelines-update-2026/; https://acsm.org/education-resources/trending-topics-resources/physical-activity-guidelines/,"1) Start in a forearm plank or high plank with shoulders stacked over elbows or wrists. 2) Brace your trunk and keep a long line from head to heels or knees. 3) Tap one shoulder and pause with the hand off the floor before switching. 4) Move slowly through the named arm, leg, or slider pattern. 5) Reset your plank position before the next rep.","1) Choose a range where your low back and ribs stay controlled. 2) Move slowly enough that your hips and shoulders do not wobble. 3) Stop if you feel sharp pain, numbness, dizziness, or joint pinching.","High plank setup | Adult demonstrating High Plank Shoulder Tap with Pause at the high plank setup step: wrists under shoulders, feet slightly wider than hips, hips level, ribs braced. | https://imagedelivery.net/TDuhqfLDl0Fb8RGwGw6mYw/dc291e76-20c3-41a9-d534-15e39884a300/public ;; Right-hand tap pause | Adult demonstrating High Plank Shoulder Tap with Pause at the right-hand tap pause step: three-point support, feet wide, hips square, moving hand paused. | https://imagedelivery.net/TDuhqfLDl0Fb8RGwGw6mYw/59c27ca9-0bbc-4e4a-e61a-894a3a50e400/public ;; Reset plank | Adult demonstrating High Plank Shoulder Tap with Pause at the reset plank step: stable high plank with feet slightly wide and hips square. | https://imagedelivery.net/TDuhqfLDl0Fb8RGwGw6mYw/a057962b-2ff4-4216-348b-e5f703ecc100/public ;; Left-hand tap pause | Adult demonstrating High Plank Shoulder Tap with Pause at the left-hand tap pause step: three-point support, feet wide, hips level, left hand paused on opposite shoulder. | https://imagedelivery.net/TDuhqfLDl0Fb8RGwGw6mYw/0072783a-3eb5-47cb-9319-3b91f3fc4100/public"
Exercise,EX659,Plank Alternating Toe Drag,Core & Trunk,"Core, hip flexors",Intermediate,Towel or slider,High plank,Strength,Variant,Drag one toe forward or sideways on a slider while holding plank.,https://www.acefitness.org/resources/everyone/exercise-library/; https://acsm.org/resistance-training-guidelines-update-2026/; https://acsm.org/education-resources/trending-topics-resources/physical-activity-guidelines/,"1) Start in a forearm plank or high plank with shoulders stacked over elbows or wrists. 2) Brace your trunk and keep a long line from head to heels or knees. 3) Drag one toe forward or sideways on a slider while holding plank. 4) Move slowly through the named arm, leg, or slider pattern. 5) Reset your plank position before the next rep.","1) Choose a range where your low back and ribs stay controlled. 2) Move slowly enough that your hips and shoulders do not wobble. 3) Use a clear floor area and move slowly so the towel, slider, or foot placement stays under control. 4) Stop if you feel sharp pain, numbness, dizziness, or joint pinching.",
Exercise,EX660,Plank Slider Knee Tuck,Core & Trunk,"Abs, hip flexors, shoulders",Intermediate,Towels or sliders,High plank,Strength,Common,Place feet on sliders and pull knees toward the chest from plank.,https://www.acefitness.org/resources/everyone/exercise-library/; https://acsm.org/resistance-training-guidelines-update-2026/; https://acsm.org/education-resources/trending-topics-resources/physical-activity-guidelines/,"1) Start in a forearm plank or high plank with shoulders stacked over elbows or wrists. 2) Brace your trunk and keep a long line from head to heels or knees. 3) Place feet on sliders and pull knees toward the chest from plank. 4) Move slowly through the named arm, leg, or slider pattern. 5) Reset your plank position before the next rep.","1) Choose a range where your low back and ribs stay controlled. 2) Move slowly enough that your hips and shoulders do not wobble. 3) Use a clear floor area and move slowly so the towel, slider, or foot placement stays under control. 4) Stop if you feel sharp pain, numbness, dizziness, or joint pinching.","Plank setup | Adult demonstrating Plank Slider Knee Tuck at the plank setup step: straight crown-to-heel line, shoulders vertically stacked over wrists, level pelvis, feet hip-width. | https://imagedelivery.net/TDuhqfLDl0Fb8RGwGw6mYw/6d227120-99f1-4e70-2445-f53c268dee00/public ;; Knee tuck | Adult demonstrating Plank Slider Knee Tuck at the knee tuck step: knees under lower ribs without touching the floor; hips rise only slightly; abdomen braced. | https://imagedelivery.net/TDuhqfLDl0Fb8RGwGw6mYw/e5dd1e0e-7a1a-4d34-fdc8-a4a93d6ddf00/public ;; Return long | Adult demonstrating Plank Slider Knee Tuck at the return long step: long straight crown-to-heel line restored; pelvis level; shoulders over wrists. | https://imagedelivery.net/TDuhqfLDl0Fb8RGwGw6mYw/8991e994-48e7-4a7f-69a4-252a08025f00/public"
Exercise,EX661,Plank Slider Pike,Core & Trunk,"Abs, shoulders",Advanced,Towels or sliders,High plank,Strength,Variant,Use sliders to lift hips into a pike from a plank.,https://www.acefitness.org/resources/everyone/exercise-library/; https://acsm.org/resistance-training-guidelines-update-2026/; https://acsm.org/education-resources/trending-topics-resources/physical-activity-guidelines/,"1) Start in a forearm plank or high plank with shoulders stacked over elbows or wrists. 2) Brace your trunk and keep a long line from head to heels or knees. 3) Use sliders to lift hips into a pike from a plank. 4) Move slowly through the named arm, leg, or slider pattern. 5) Reset your plank position before the next rep.","1) Choose a range where your low back and ribs stay controlled. 2) Move slowly enough that your hips and shoulders do not wobble. 3) Use a clear floor area and move slowly so the towel, slider, or foot placement stays under control. 4) Stop if you feel sharp pain, numbness, dizziness, or joint pinching.",
Exercise,EX662,Plank Slider Body Saw,Core & Trunk,"Core, shoulders",Intermediate,Towels or sliders,Forearm plank,Strength,Variant,Slide the body slightly forward and backward from a forearm plank.,https://www.acefitness.org/resources/everyone/exercise-library/; https://acsm.org/resistance-training-guidelines-update-2026/; https://acsm.org/education-resources/trending-topics-resources/physical-activity-guidelines/,"1) Start in a forearm plank or high plank with shoulders stacked over elbows or wrists. 2) Brace your trunk and keep a long line from head to heels or knees. 3) Slide the body slightly forward and backward from a forearm plank. 4) Move slowly through the named arm, leg, or slider pattern. 5) Reset your plank position before the next rep.","1) Choose a range where your low back and ribs stay controlled. 2) Move slowly enough that your hips and shoulders do not wobble. 3) Use a clear floor area and move slowly so the towel, slider, or foot placement stays under control. 4) Stop if you feel sharp pain, numbness, dizziness, or joint pinching.",
Exercise,EX663,Plank Walkout from Knees,Core & Trunk,"Core, shoulders",Beginner,None,Kneeling plank,Strength,Common,"From knees, walk hands forward until the trunk works, then walk back.",https://www.acefitness.org/resources/everyone/exercise-library/; https://acsm.org/resistance-training-guidelines-update-2026/; https://acsm.org/education-resources/trending-topics-resources/physical-activity-guidelines/,"1) Start in a forearm plank or high plank with shoulders stacked over elbows or wrists. 2) Brace your trunk and keep a long line from head to heels or knees. 3) From knees, walk hands forward until the trunk works, then walk back. 4) Move slowly through the named arm, leg, or slider pattern. 5) Reset your plank position before the next rep.","1) Choose a range where your low back and ribs stay controlled. 2) Move slowly enough that your hips and shoulders do not wobble. 3) Stop if you feel sharp pain, numbness, dizziness, or joint pinching.","Kneeling plank setup | Adult demonstrating Plank Walkout from Knees at the kneeling plank setup step: shoulders over wrists, ribs braced, hips neither sagging nor piked. | https://imagedelivery.net/TDuhqfLDl0Fb8RGwGw6mYw/291bb431-dbf2-4552-7d41-3e9070772100/public ;; Hands walk forward | Adult demonstrating Plank Walkout from Knees at the hands walk forward step: longer kneeling lever without sagging. | https://imagedelivery.net/TDuhqfLDl0Fb8RGwGw6mYw/b886285a-9f12-4321-5368-2bc7b5e19e00/public ;; Hands return | Adult demonstrating Plank Walkout from Knees at the hands return step: shoulders restacked over wrists without sitting hips toward heels. | https://imagedelivery.net/TDuhqfLDl0Fb8RGwGw6mYw/03131b07-8037-437c-e5eb-37e13211a900/public"
Exercise,EX664,Bear Plank Shoulder Tap with Pause,Core & Trunk,"Core, shoulders",Intermediate,None,Bear plank,Strength,Common,"From bear plank, tap a shoulder and pause without shifting hips.",https://www.acefitness.org/resources/everyone/exercise-library/; https://acsm.org/resistance-training-guidelines-update-2026/; https://acsm.org/education-resources/trending-topics-resources/physical-activity-guidelines/,"1) Start on hands and knees with hands under shoulders and knees under hips. 2) Tuck toes and lift knees a few inches from the floor. 3) From bear plank, tap a shoulder and pause without shifting hips. 4) Move the hand, foot, or body as named while keeping hips low and steady. 5) Set knees down to rest when your form starts to change.","1) Choose a range where your low back and ribs stay controlled. 2) Move slowly enough that your hips and shoulders do not wobble. 3) Stop if you feel sharp pain, numbness, dizziness, or joint pinching.","Bear hover setup | Adult demonstrating Bear Plank Shoulder Tap with Pause at the bear hover setup step: No moving limbs. Anatomical right near hand and left far hand planted under shoulders; both toes tucked; both knees bent about 90 degrees and hovering 2–3 inches under hips; hips low and level; back flat. Camera is right-front oblique with head image-left, feet image-right, right limbs foreground. Must not show knees on floor, straight-leg plank, lifted hand, pike, sag, or malformed limbs. | https://imagedelivery.net/TDuhqfLDl0Fb8RGwGw6mYw/2210355b-8eb4-4c15-f125-a9a230582e00/public ;; Right-hand tap pause | Adult demonstrating Bear Plank Shoulder Tap with Pause at the right-hand tap pause step: Moving limb: anatomical right near-side/image-lower arm lifts completely from bottom-center, crosses the chest, and right hand touches the opposite anatomical left far/image-upper shoulder. Stable limbs: anatomical left far/image-upper hand remains the only planted hand; both knees stay bent 90 degrees and hover 2–3 inches with toes planted. Camera stays right-front oblique. Must not lift far/left hand, leave near/right hand planted, straighten legs, set knees down, rotate hips, or show malformed limbs. | https://imagedelivery.net/TDuhqfLDl0Fb8RGwGw6mYw/097fddb6-dfb3-4bc8-8eaa-a49c66d4c900/public ;; Left-hand tap pause | Adult demonstrating Bear Plank Shoulder Tap with Pause at the left-hand tap pause step: Moving limb: anatomical left far/background arm lifts completely and left hand crosses to touch opposite anatomical right near shoulder. Stable limbs: anatomical right near arm is the only planted arm; both knees stay bent 90 degrees and hover low with toes planted. Camera stays right-front oblique. Must not show straight-leg plank, knees down, near arm moving, same-side tap, hip rotation, or malformed limbs. | https://imagedelivery.net/TDuhqfLDl0Fb8RGwGw6mYw/214d10b6-7618-440f-ffc3-c7a197cfd400/public"
Exercise,EX665,Bear Plank Step-Out,Core & Trunk,"Core, hips, shoulders",Intermediate,None,Bear plank,Strength,Variant,"From bear plank, step one foot out to the side and back.",https://www.acefitness.org/resources/everyone/exercise-library/; https://acsm.org/resistance-training-guidelines-update-2026/; https://acsm.org/education-resources/trending-topics-resources/physical-activity-guidelines/,"1) Start on hands and knees with hands under shoulders and knees under hips. 2) Tuck toes and lift knees a few inches from the floor. 3) From bear plank, step one foot out to the side and back. 4) Move the hand, foot, or body as named while keeping hips low and steady. 5) Set knees down to rest when your form starts to change.","1) Choose a range where your low back and ribs stay controlled. 2) Move slowly enough that your hips and shoulders do not wobble. 3) Stop if you feel sharp pain, numbness, dizziness, or joint pinching.",
Exercise,EX666,Bear Plank Crawl-Out,Core & Trunk,"Core, shoulders, hips",Intermediate,None,Bear plank,Strength,Variant,"Walk hands forward from bear plank, then walk them back under shoulders.",https://www.acefitness.org/resources/everyone/exercise-library/; https://acsm.org/resistance-training-guidelines-update-2026/; https://acsm.org/education-resources/trending-topics-resources/physical-activity-guidelines/,"1) Start on hands and knees with hands under shoulders and knees under hips. 2) Tuck toes and lift knees a few inches from the floor. 3) Walk hands forward from bear plank, then walk them back under shoulders. 4) Move the hand, foot, or body as named while keeping hips low and steady. 5) Set knees down to rest when your form starts to change.","1) Choose a range where your low back and ribs stay controlled. 2) Move slowly enough that your hips and shoulders do not wobble. 3) Stop if you feel sharp pain, numbness, dizziness, or joint pinching.",
Exercise,EX667,Bird Dog Band Row,Core & Trunk,"Core, upper back, glutes",Intermediate,Resistance band,Quadruped,Strength,Variant,Hold a bird dog position while rowing a light band with the reaching arm.,https://www.acefitness.org/resources/everyone/exercise-library/; https://acsm.org/resistance-training-guidelines-update-2026/; https://acsm.org/education-resources/trending-topics-resources/physical-activity-guidelines/,"1) Start on hands and knees with spine long and ribs gently tucked. 2) Hold a bird dog position while rowing a light band with the reaching arm. 3) Reach the opposite arm, leg, or both limbs without twisting your hips. 4) Pause briefly at full reach. 5) Return slowly and switch sides.","1) Choose a range where your low back and ribs stay controlled. 2) Move slowly enough that your hips and shoulders do not wobble. 3) Use a light band first and make sure it is anchored or held securely before adding tension. 4) Stop if you feel sharp pain, numbness, dizziness, or joint pinching.",
Exercise,EX668,Bird Dog Hover Hold,Core & Trunk,"Core, glutes, shoulders",Intermediate,None,Quadruped,Strength,Variant,Extend into bird dog and hover the hand and knee close to the floor before reaching long.,https://www.acefitness.org/resources/everyone/exercise-library/; https://acsm.org/resistance-training-guidelines-update-2026/; https://acsm.org/education-resources/trending-topics-resources/physical-activity-guidelines/,"1) Start on hands and knees with spine long and ribs gently tucked. 2) Extend into bird dog and hover the hand and knee close to the floor before reaching long. 3) Reach the opposite arm, leg, or both limbs without twisting your hips. 4) Pause briefly at full reach. 5) Return slowly and switch sides.","1) Choose a range where your low back and ribs stay controlled. 2) Move slowly enough that your hips and shoulders do not wobble. 3) Stop if you feel sharp pain, numbness, dizziness, or joint pinching.",
Exercise,EX669,Bird Dog Fire Hydrant,Core & Trunk,"Core, glutes, lateral hips",Intermediate,None,Quadruped,Strength,Variant,"From quadruped, combine a bird dog reach with a controlled side knee lift.",https://www.acefitness.org/resources/everyone/exercise-library/; https://acsm.org/resistance-training-guidelines-update-2026/; https://acsm.org/education-resources/trending-topics-resources/physical-activity-guidelines/,"1) Start on hands and knees with spine long and ribs gently tucked. 2) From quadruped, combine a bird dog reach with a controlled side knee lift. 3) Reach the opposite arm, leg, or both limbs without twisting your hips. 4) Pause briefly at full reach. 5) Return slowly and switch sides.","1) Choose a range where your low back and ribs stay controlled. 2) Move slowly enough that your hips and shoulders do not wobble. 3) Stop if you feel sharp pain, numbness, dizziness, or joint pinching.",
Exercise,EX670,Quadruped Hip Extension with Opposite Arm Reach,Core & Trunk,"Core, glutes, shoulders",Beginner,None,Quadruped,Strength,Common,Reach one arm forward while extending the opposite hip backward.,https://www.acefitness.org/resources/everyone/exercise-library/; https://acsm.org/resistance-training-guidelines-update-2026/; https://acsm.org/education-resources/trending-topics-resources/physical-activity-guidelines/,"1) Start on hands and knees with spine long and ribs gently tucked. 2) Reach one arm forward while extending the opposite hip backward. 3) Reach the opposite arm, leg, or both limbs without twisting your hips. 4) Pause briefly at full reach. 5) Return slowly and switch sides.","1) Choose a range where your low back and ribs stay controlled. 2) Move slowly enough that your hips and shoulders do not wobble. 3) Stop if you feel sharp pain, numbness, dizziness, or joint pinching.","Quadruped setup | Adult demonstrating Quadruped Hip Extension with Opposite Arm Reach at the quadruped setup step: shoulders over wrists, hips over knees, long neutral spine, level pelvis. | https://imagedelivery.net/TDuhqfLDl0Fb8RGwGw6mYw/8d62ab61-8f7f-499d-7552-0e7a9d0dad00/public ;; Opposite reach | Adult demonstrating Quadruped Hip Extension with Opposite Arm Reach at the opposite reach step: hips level, ribs quiet, long neutral spine. | https://imagedelivery.net/TDuhqfLDl0Fb8RGwGw6mYw/0d097943-d8c6-486b-ec59-ca57c901b400/public"
Exercise,EX671,Seated Pallof Press with Band,Core & Trunk,"Obliques, deep core",Beginner,Resistance band and chair,Seated,Strength,Common,Press a band straight out from a seated sideways position.,https://www.acefitness.org/resources/everyone/exercise-library/; https://acsm.org/resistance-training-guidelines-update-2026/; https://acsm.org/education-resources/trending-topics-resources/physical-activity-guidelines/,"1) Anchor or hold the band at about chest height and stand, sit, or kneel sideways to the anchor. 2) Hold the band at your chest with both hands and brace lightly. 3) Press a band straight out from a seated sideways position. 4) Press your hands straight out while resisting the band pulling you into rotation. 5) Bring hands back to your chest and repeat before switching sides.","1) Choose a range where your low back and ribs stay controlled. 2) Move slowly enough that your hips and shoulders do not wobble. 3) Use only a stable surface that will not slide, tip, or open unexpectedly. 4) Stop if you feel sharp pain, numbness, dizziness, or joint pinching.","Seated band setup | Adult demonstrating Seated Pallof Press with Band at the seated band setup step: ribs stacked, pelvis and shoulders square, chair stable. | https://imagedelivery.net/TDuhqfLDl0Fb8RGwGw6mYw/5b620773-ecd3-4487-5cb3-6faf0b840100/public ;; Press straight out | Adult demonstrating Seated Pallof Press with Band at the press straight out step: arms straight at sternum height, ribs stacked. | https://imagedelivery.net/TDuhqfLDl0Fb8RGwGw6mYw/2fa3c9a5-e512-4ad3-3f75-0f5773491300/public"
Exercise,EX672,Tall-Kneeling Pallof Press,Core & Trunk,"Obliques, glutes, deep core",Intermediate,Resistance band,Tall-kneeling,Strength,Common,Press a band straight out while kneeling tall and resisting rotation.,https://www.acefitness.org/resources/everyone/exercise-library/; https://acsm.org/resistance-training-guidelines-update-2026/; https://acsm.org/education-resources/trending-topics-resources/physical-activity-guidelines/,"1) Anchor or hold the band at about chest height and stand, sit, or kneel sideways to the anchor. 2) Hold the band at your chest with both hands and brace lightly. 3) Press a band straight out while kneeling tall and resisting rotation. 4) Press your hands straight out while resisting the band pulling you into rotation. 5) Bring hands back to your chest and repeat before switching sides.","1) Choose a range where your low back and ribs stay controlled. 2) Move slowly enough that your hips and shoulders do not wobble. 3) Use a light band first and make sure it is anchored or held securely before adding tension. 4) Stop if you feel sharp pain, numbness, dizziness, or joint pinching.","Band at chest | Adult demonstrating Tall-Kneeling Pallof Press at the band at chest step: No moving limbs. Both knees and shins planted hip-width, hips extended over knees, torso upright and square. Both hands clasp the single band handle at sternum with elbows bent; one taut band line runs from secure subject-left/image-left anchor. Right-front oblique camera. Must not show sitting on heels, half-kneeling, rotation, slack/wrapped band, unsafe anchor, or extra limbs. | https://imagedelivery.net/TDuhqfLDl0Fb8RGwGw6mYw/ced1b945-8051-474e-d05d-2fc73db0d000/public ;; Press out | Adult demonstrating Tall-Kneeling Pallof Press at the press out step: Both arms extend straight forward from sternum at chest height while hands clasp one handle; band remains taut from subject-left anchor. Knees/shins stay planted, hips stacked over knees, torso/pelvis/shoulders square with no rotation or lean. Right-front oblique camera unchanged. Must not show overhead/downward arms, bent elbows, rotated torso, slack/doubled band, unsafe anchor, or extra limbs. | https://imagedelivery.net/TDuhqfLDl0Fb8RGwGw6mYw/bec295b1-ee74-4a0f-172d-83b717fa2200/public"
Exercise,EX673,Standing Anti-Rotation Hold,Core & Trunk,"Obliques, deep core",Beginner,Resistance band,Standing,Strength,Common,Hold a band straight out in front of your chest while resisting rotation.,https://www.acefitness.org/resources/everyone/exercise-library/; https://acsm.org/resistance-training-guidelines-update-2026/; https://acsm.org/education-resources/trending-topics-resources/physical-activity-guidelines/,"1) Anchor or hold the band at about chest height and stand, sit, or kneel sideways to the anchor. 2) Hold the band at your chest with both hands and brace lightly. 3) Hold a band straight out in front of your chest while resisting rotation. 4) Press your hands straight out while resisting the band pulling you into rotation. 5) Bring hands back to your chest and repeat before switching sides.","1) Choose a range where your low back and ribs stay controlled. 2) Move slowly enough that your hips and shoulders do not wobble. 3) Use a light band first and make sure it is anchored or held securely before adding tension. 4) Stop if you feel sharp pain, numbness, dizziness, or joint pinching.","Band at chest | Adult demonstrating Standing Anti-Rotation Hold at the band at chest step: ribs stacked over hips, hands close to chest, balanced stance. | https://imagedelivery.net/TDuhqfLDl0Fb8RGwGw6mYw/9cb0ae45-e8be-4e44-6501-bcbfe77b0800/public ;; Press hold | Adult demonstrating Standing Anti-Rotation Hold at the press hold step: arms fully extended in front of sternum, band taut, ribs stacked, no rotation. | https://imagedelivery.net/TDuhqfLDl0Fb8RGwGw6mYw/02b01e0c-54cf-4eb4-916c-da68b1b9ba00/public"
Exercise,EX674,Standing Anti-Rotation Step-Out,Core & Trunk,"Obliques, hips, deep core",Intermediate,Resistance band,Standing,Strength,Variant,Step sideways away from band tension while keeping hands centered.,https://www.acefitness.org/resources/everyone/exercise-library/; https://acsm.org/resistance-training-guidelines-update-2026/; https://acsm.org/education-resources/trending-topics-resources/physical-activity-guidelines/,"1) Anchor or hold the band at about chest height and stand, sit, or kneel sideways to the anchor. 2) Hold the band at your chest with both hands and brace lightly. 3) Step sideways away from band tension while keeping hands centered. 4) Press your hands straight out while resisting the band pulling you into rotation. 5) Bring hands back to your chest and repeat before switching sides.","1) Choose a range where your low back and ribs stay controlled. 2) Move slowly enough that your hips and shoulders do not wobble. 3) Use a light band first and make sure it is anchored or held securely before adding tension. 4) Stop if you feel sharp pain, numbness, dizziness, or joint pinching.",
Exercise,EX675,Standing Suitcase Hold,Core & Trunk,"Obliques, grip, trunk",Beginner,Backpack,Standing,Strength,Common,Hold a backpack at one side while staying tall and level.,https://www.acefitness.org/resources/everyone/exercise-library/; https://acsm.org/resistance-training-guidelines-update-2026/; https://acsm.org/education-resources/trending-topics-resources/physical-activity-guidelines/,"1) Stand tall in the stance named by the exercise, with feet planted and ribs stacked over hips. 2) Brace gently and keep shoulders level. 3) Hold a backpack at one side while staying tall and level. 4) March, hold, or step in place while keeping posture steady. 5) Set the load down safely and switch sides when needed.","1) Choose a range where your low back and ribs stay controlled. 2) Move slowly enough that your hips and shoulders do not wobble. 3) Choose a light load first and make sure lids, straps, and zippers are secure. 4) Stop if you feel sharp pain, numbness, dizziness, or joint pinching.","Right-side hold | Adult demonstrating Standing Suitcase Hold at the right-side hold step: head centered, shoulders and pelvis level, ribs over hips. | https://imagedelivery.net/TDuhqfLDl0Fb8RGwGw6mYw/7000c98e-dcb9-42fb-cb94-844104a3e200/public ;; Left-side hold | Adult demonstrating Standing Suitcase Hold at the left-side hold step: head centered, shoulders/pelvis level, no side bend. | https://imagedelivery.net/TDuhqfLDl0Fb8RGwGw6mYw/91a57451-ffc4-4022-c724-5b0682c6ff00/public"
Exercise,EX676,Offset Backpack March,Core & Trunk,"Core, hip flexors, grip",Intermediate,Backpack,Standing,Strength,Common,Hold a backpack on one side and march without leaning.,https://www.acefitness.org/resources/everyone/exercise-library/; https://acsm.org/resistance-training-guidelines-update-2026/; https://acsm.org/education-resources/trending-topics-resources/physical-activity-guidelines/,"1) Stand tall in the stance named by the exercise, with feet planted and ribs stacked over hips. 2) Brace gently and keep shoulders level. 3) Hold a backpack on one side and march without leaning. 4) March, hold, or step in place while keeping posture steady. 5) Set the load down safely and switch sides when needed.","1) Choose a range where your low back and ribs stay controlled. 2) Move slowly enough that your hips and shoulders do not wobble. 3) Choose a light load first and make sure lids, straps, and zippers are secure. 4) Stop if you feel sharp pain, numbness, dizziness, or joint pinching.","Offset load setup | Adult demonstrating Offset Backpack March at the offset load setup step: Anatomical right hand on viewer-left grips closed backpack handle beside right thigh; left arm relaxed. Both feet flat hip-width, pelvis and shoulders level, ribs stacked. Direct front camera. Must not show bag in left hand/on back, leaning, uneven shoulders, open bag, crossed stance, or malformed limbs. | https://imagedelivery.net/TDuhqfLDl0Fb8RGwGw6mYw/4f1715be-d3f6-478a-e559-b3932dcdb200/public ;; Opposite-knee march | Adult demonstrating Offset Backpack March at the opposite-knee march step: Anatomical right/viewer-left hand holds backpack and right foot is planted; anatomical left/viewer-right hip and knee flex about 90 degrees with foot off floor. Raised knee is opposite bag. Torso upright, pelvis and shoulders level. Direct front camera. Must not lift right knee, switch bag hand, touch raised foot down, lean, shrug, or show malformed limbs. | https://imagedelivery.net/TDuhqfLDl0Fb8RGwGw6mYw/ca6d5c9e-20f7-497e-4b9f-1ab6a07c8a00/public"
Exercise,EX677,Backpack Around-the-World,Core & Trunk,"Core, shoulders",Intermediate,Backpack,Standing,Strength,Variant,Circle a backpack around the torso while keeping hips still.,https://www.acefitness.org/resources/everyone/exercise-library/; https://acsm.org/resistance-training-guidelines-update-2026/; https://acsm.org/education-resources/trending-topics-resources/physical-activity-guidelines/,"1) Stand tall in the stance named by the exercise, with feet planted and ribs stacked over hips. 2) Brace gently and keep shoulders level. 3) Circle a backpack around the torso while keeping hips still. 4) March, hold, or step in place while keeping posture steady. 5) Set the load down safely and switch sides when needed.","1) Choose a range where your low back and ribs stay controlled. 2) Move slowly enough that your hips and shoulders do not wobble. 3) Choose a light load first and make sure lids, straps, and zippers are secure. 4) Stop if you feel sharp pain, numbness, dizziness, or joint pinching.",
Exercise,EX678,Seated Bicycle Hold,Core & Trunk,"Abs, hip flexors",Beginner,Chair,Seated,Strength,Variant,Sit tall and hold a slow bicycle-style knee extension pattern.,https://www.acefitness.org/resources/everyone/exercise-library/; https://acsm.org/resistance-training-guidelines-update-2026/; https://acsm.org/education-resources/trending-topics-resources/physical-activity-guidelines/,"1) Sit near the front of a sturdy chair with feet planted. 2) Hold the sides of the chair lightly if needed for balance. 3) Sit tall and hold a slow bicycle-style knee extension pattern. 4) Lift, rotate, or extend through the named pattern while staying tall. 5) Return to the start with control and repeat.","1) Choose a range where your low back and ribs stay controlled. 2) Move slowly enough that your hips and shoulders do not wobble. 3) Use only a stable surface that will not slide, tip, or open unexpectedly. 4) Stop if you feel sharp pain, numbness, dizziness, or joint pinching.",
Exercise,EX679,Seated Leg Lift Over Object,Core & Trunk,"Abs, hip flexors",Beginner,Chair and small object,Seated,Strength,Variant,Lift one foot over a small object while seated tall.,https://www.acefitness.org/resources/everyone/exercise-library/; https://acsm.org/resistance-training-guidelines-update-2026/; https://acsm.org/education-resources/trending-topics-resources/physical-activity-guidelines/,"1) Sit near the front of a sturdy chair with feet planted. 2) Hold the sides of the chair lightly if needed for balance. 3) Lift one foot over a small object while seated tall. 4) Lift, rotate, or extend through the named pattern while staying tall. 5) Return to the start with control and repeat.","1) Choose a range where your low back and ribs stay controlled. 2) Move slowly enough that your hips and shoulders do not wobble. 3) Use only a stable surface that will not slide, tip, or open unexpectedly. 4) Stop if you feel sharp pain, numbness, dizziness, or joint pinching.",
Exercise,EX680,Chair Knee Tuck,Core & Trunk,"Abs, hip flexors",Beginner,Chair,Seated,Strength,Common,Sit near the chair edge and draw both knees slightly toward the chest.,https://www.acefitness.org/resources/everyone/exercise-library/; https://acsm.org/resistance-training-guidelines-update-2026/; https://acsm.org/education-resources/trending-topics-resources/physical-activity-guidelines/,"1) Sit near the front of a sturdy chair with feet planted. 2) Hold the sides of the chair lightly if needed for balance. 3) Sit near the chair edge and draw both knees slightly toward the chest. 4) Lift, rotate, or extend through the named pattern while staying tall. 5) Return to the start with control and repeat.","1) Choose a range where your low back and ribs stay controlled. 2) Move slowly enough that your hips and shoulders do not wobble. 3) Use only a stable surface that will not slide, tip, or open unexpectedly. 4) Stop if you feel sharp pain, numbness, dizziness, or joint pinching.","Chair setup | Adult demonstrating Chair Knee Tuck at the chair setup step: sit near front edge, torso tall with slight backward readiness, ribs stacked. | https://imagedelivery.net/TDuhqfLDl0Fb8RGwGw6mYw/0a0f8220-69f2-4928-f085-e411e5e3f400/public ;; Knee tuck | Adult demonstrating Chair Knee Tuck at the knee tuck step: controlled bilateral tuck, torso leans back slightly as one unit, spine long. | https://imagedelivery.net/TDuhqfLDl0Fb8RGwGw6mYw/0be41137-1d74-4602-8db2-4cd9aa93fc00/public"
Exercise,EX681,Chair Oblique Knee Lift,Core & Trunk,"Obliques, hip flexors",Beginner,Chair,Seated,Strength,Variant,Lift one knee toward the same-side elbow while seated tall.,https://www.acefitness.org/resources/everyone/exercise-library/; https://acsm.org/resistance-training-guidelines-update-2026/; https://acsm.org/education-resources/trending-topics-resources/physical-activity-guidelines/,"1) Sit near the front of a sturdy chair with feet planted. 2) Hold the sides of the chair lightly if needed for balance. 3) Lift one knee toward the same-side elbow while seated tall. 4) Lift, rotate, or extend through the named pattern while staying tall. 5) Return to the start with control and repeat.","1) Choose a range where your low back and ribs stay controlled. 2) Move slowly enough that your hips and shoulders do not wobble. 3) Use only a stable surface that will not slide, tip, or open unexpectedly. 4) Stop if you feel sharp pain, numbness, dizziness, or joint pinching.",
Exercise,EX682,Low-Impact Cross-Body Jack,Cardio & Conditioning,"Full body, shoulders, hips",Beginner,None,Standing,Cardio,Common,Step one foot out while reaching arms across the body instead of jumping.,https://www.acefitness.org/resources/everyone/exercise-library/; https://acsm.org/resistance-training-guidelines-update-2026/; https://acsm.org/education-resources/trending-topics-resources/physical-activity-guidelines/,"1) Stand tall with space around you and soften your knees. 2) Step one foot out while reaching arms across the body instead of jumping. 3) Move through the named stepping, punching, or hopping pattern at a pace you can control. 4) Keep breathing and let your arms move naturally. 5) Slow down or step instead of jumping whenever your form gets sloppy.","1) Land softly or step quietly. 2) Pick a pace that lets you keep posture and breathing under control. 3) Stop if you feel sharp pain, numbness, dizziness, or joint pinching.",
Exercise,EX683,Alternating Step-Out Jack,Cardio & Conditioning,"Full body, shoulders, hips",Beginner,None,Standing,Cardio,Common,Step one foot out at a time while arms move like a jumping jack.,https://www.acefitness.org/resources/everyone/exercise-library/; https://acsm.org/resistance-training-guidelines-update-2026/; https://acsm.org/education-resources/trending-topics-resources/physical-activity-guidelines/,"1) Stand tall with space around you and soften your knees. 2) Step one foot out at a time while arms move like a jumping jack. 3) Move through the named stepping, punching, or hopping pattern at a pace you can control. 4) Keep breathing and let your arms move naturally. 5) Slow down or step instead of jumping whenever your form gets sloppy.","1) Land softly or step quietly. 2) Pick a pace that lets you keep posture and breathing under control. 3) Stop if you feel sharp pain, numbness, dizziness, or joint pinching.",
Exercise,EX684,Fast Step-Touch,Cardio & Conditioning,"Hips, calves, coordination",Beginner,None,Standing,Cardio,Common,Step side to side quickly with a light bounce through the knees.,https://www.acefitness.org/resources/everyone/exercise-library/; https://acsm.org/resistance-training-guidelines-update-2026/; https://acsm.org/education-resources/trending-topics-resources/physical-activity-guidelines/,"1) Stand tall with space around you and soften your knees. 2) Step side to side quickly with a light bounce through the knees. 3) Move through the named stepping, punching, or hopping pattern at a pace you can control. 4) Keep breathing and let your arms move naturally. 5) Slow down or step instead of jumping whenever your form gets sloppy.","1) Land softly or step quietly. 2) Pick a pace that lets you keep posture and breathing under control. 3) Stop if you feel sharp pain, numbness, dizziness, or joint pinching.",
Exercise,EX685,Heel Dig Cardio,Cardio & Conditioning,"Hamstrings, calves, coordination",Beginner,None,Standing,Cardio,Common,Tap one heel forward at a time while pumping the arms.,https://www.acefitness.org/resources/everyone/exercise-library/; https://acsm.org/resistance-training-guidelines-update-2026/; https://acsm.org/education-resources/trending-topics-resources/physical-activity-guidelines/,"1) Stand tall with space around you and soften your knees. 2) Tap one heel forward at a time while pumping the arms. 3) Move through the named stepping, punching, or hopping pattern at a pace you can control. 4) Keep breathing and let your arms move naturally. 5) Slow down or step instead of jumping whenever your form gets sloppy.","1) Land softly or step quietly. 2) Pick a pace that lets you keep posture and breathing under control. 3) Stop if you feel sharp pain, numbness, dizziness, or joint pinching.",
Exercise,EX686,Hamstring Curl Step,Cardio & Conditioning,"Hamstrings, glutes, calves",Beginner,None,Standing,Cardio,Common,Step side to side while curling one heel toward the glutes.,https://www.acefitness.org/resources/everyone/exercise-library/; https://acsm.org/resistance-training-guidelines-update-2026/; https://acsm.org/education-resources/trending-topics-resources/physical-activity-guidelines/,"1) Stand tall with space around you and soften your knees. 2) Step side to side while curling one heel toward the glutes. 3) Move through the named stepping, punching, or hopping pattern at a pace you can control. 4) Keep breathing and let your arms move naturally. 5) Slow down or step instead of jumping whenever your form gets sloppy.","1) Land softly or step quietly. 2) Pick a pace that lets you keep posture and breathing under control. 3) Stop if you feel sharp pain, numbness, dizziness, or joint pinching.",
Exercise,EX687,March with Overhead Reach,Cardio & Conditioning,"Hip flexors, shoulders, trunk",Beginner,None,Standing,Cardio,Common,March in place while reaching the arms overhead.,https://www.acefitness.org/resources/everyone/exercise-library/; https://acsm.org/resistance-training-guidelines-update-2026/; https://acsm.org/education-resources/trending-topics-resources/physical-activity-guidelines/,"1) Stand tall with space around you and soften your knees. 2) March in place while reaching the arms overhead. 3) Move through the named stepping, punching, or hopping pattern at a pace you can control. 4) Keep breathing and let your arms move naturally. 5) Slow down or step instead of jumping whenever your form gets sloppy.","1) Land softly or step quietly. 2) Pick a pace that lets you keep posture and breathing under control. 3) Stop if you feel sharp pain, numbness, dizziness, or joint pinching.",
Exercise,EX688,Power March with Punch,Cardio & Conditioning,"Hip flexors, shoulders, trunk",Beginner,None,Standing,Cardio,Common,March strongly while punching forward in rhythm.,https://www.acefitness.org/resources/everyone/exercise-library/; https://acsm.org/resistance-training-guidelines-update-2026/; https://acsm.org/education-resources/trending-topics-resources/physical-activity-guidelines/,"1) Stand tall with space around you and soften your knees. 2) March strongly while punching forward in rhythm. 3) Move through the named stepping, punching, or hopping pattern at a pace you can control. 4) Keep breathing and let your arms move naturally. 5) Slow down or step instead of jumping whenever your form gets sloppy.","1) Land softly or step quietly. 2) Pick a pace that lets you keep posture and breathing under control. 3) Stop if you feel sharp pain, numbness, dizziness, or joint pinching.",
Exercise,EX689,Knee Drive with Same-Side Pull,Cardio & Conditioning,"Hip flexors, lats, abs",Beginner,None,Standing,Cardio,Common,Drive one knee up while pulling both hands down toward it.,https://www.acefitness.org/resources/everyone/exercise-library/; https://acsm.org/resistance-training-guidelines-update-2026/; https://acsm.org/education-resources/trending-topics-resources/physical-activity-guidelines/,"1) Stand tall with space around you and soften your knees. 2) Drive one knee up while pulling both hands down toward it. 3) Move through the named stepping, punching, or hopping pattern at a pace you can control. 4) Keep breathing and let your arms move naturally. 5) Slow down or step instead of jumping whenever your form gets sloppy.","1) Land softly or step quietly. 2) Pick a pace that lets you keep posture and breathing under control. 3) Stop if you feel sharp pain, numbness, dizziness, or joint pinching.","Right knee drive | Adult demonstrating Knee Drive with Same-Side Pull at the right knee drive step: Moving limbs: anatomical right knee at viewer-left drives to hip height while both hands pull down toward it. Stable limbs: anatomical left leg at viewer-right alone supports with whole foot planted; torso stays tall. Camera: straight-on front view, anatomical right=viewer-left. Viewer-side check: lifted viewer-left knee connects to right hip; support viewer-right foot remains grounded; both arrows/hand leaders target the lifted right knee. Must not show left knee lifted, hands to wrong side, both feet airborne, duplicated limbs. | https://imagedelivery.net/TDuhqfLDl0Fb8RGwGw6mYw/a7350279-872d-4e25-1350-2e100394a000/public ;; Left knee drive | Adult demonstrating Knee Drive with Same-Side Pull at the left knee drive step: Moving limbs: anatomical left knee at viewer-right drives to hip height while both hands pull down toward it. Stable limbs: anatomical right leg at viewer-left alone supports with whole foot planted; torso stays tall. Camera: straight-on front view, anatomical left=viewer-right. Viewer-side check: lifted viewer-right knee connects to left hip; support viewer-left foot remains grounded; arrows/leaders target correct knee and foot. Must not show right knee lifted, hands to wrong side, both feet airborne, duplicated limbs. | https://imagedelivery.net/TDuhqfLDl0Fb8RGwGw6mYw/83621c60-494e-4df2-14c6-461d4e17f800/public"
Exercise,EX690,Double Knee Drive Repeater,Cardio & Conditioning,"Hip flexors, abs, balance",Intermediate,None,Standing,Cardio,Variant,Drive the same knee up twice before stepping down and switching sides.,https://www.acefitness.org/resources/everyone/exercise-library/; https://acsm.org/resistance-training-guidelines-update-2026/; https://acsm.org/education-resources/trending-topics-resources/physical-activity-guidelines/,"1) Stand tall with space around you and soften your knees. 2) Drive the same knee up twice before stepping down and switching sides. 3) Move through the named stepping, punching, or hopping pattern at a pace you can control. 4) Keep breathing and let your arms move naturally. 5) Slow down or step instead of jumping whenever your form gets sloppy.","1) Land softly or step quietly. 2) Pick a pace that lets you keep posture and breathing under control. 3) Stop if you feel sharp pain, numbness, dizziness, or joint pinching.",
Exercise,EX691,Side-to-Side Ski Step,Cardio & Conditioning,"Calves, hips, coordination",Beginner,None,Standing,Cardio,Common,Step side to side as arms swing together like ski poles.,https://www.acefitness.org/resources/everyone/exercise-library/; https://acsm.org/resistance-training-guidelines-update-2026/; https://acsm.org/education-resources/trending-topics-resources/physical-activity-guidelines/,"1) Stand tall with space around you and soften your knees. 2) Step side to side as arms swing together like ski poles. 3) Move through the named stepping, punching, or hopping pattern at a pace you can control. 4) Keep breathing and let your arms move naturally. 5) Slow down or step instead of jumping whenever your form gets sloppy.","1) Land softly or step quietly. 2) Pick a pace that lets you keep posture and breathing under control. 3) Stop if you feel sharp pain, numbness, dizziness, or joint pinching.","Step right, arms left | Adult demonstrating Side-to-Side Ski Step at the step right, arms left step: torso tall, right shoe contacting softly, arms parallel and together. Must not show arms following the step, crossed feet, airborne support foot, trunk rotation, or malformed limbs. | https://imagedelivery.net/TDuhqfLDl0Fb8RGwGw6mYw/1b4bf969-9510-4c7e-f98b-87fe56edc200/public ;; Step left, arms right | Adult demonstrating Side-to-Side Ski Step at the step left, arms right step: torso tall, left shoe contacting softly, arms parallel and together. Must not show arms following the step, crossed feet, airborne support foot, trunk rotation, or malformed limbs. | https://imagedelivery.net/TDuhqfLDl0Fb8RGwGw6mYw/7ea0ef57-09e0-4f3b-58f7-94eb22c6bc00/public"
Exercise,EX692,Low-Impact Speed Skater Arms,Cardio & Conditioning,"Hips, calves, shoulders",Beginner,None,Standing,Cardio,Common,Step laterally while swinging arms across the body like a skater.,https://www.acefitness.org/resources/everyone/exercise-library/; https://acsm.org/resistance-training-guidelines-update-2026/; https://acsm.org/education-resources/trending-topics-resources/physical-activity-guidelines/,"1) Stand tall with space around you and soften your knees. 2) Step laterally while swinging arms across the body like a skater. 3) Move through the named stepping, punching, or hopping pattern at a pace you can control. 4) Keep breathing and let your arms move naturally. 5) Slow down or step instead of jumping whenever your form gets sloppy.","1) Land softly or step quietly. 2) Pick a pace that lets you keep posture and breathing under control. 3) Stop if you feel sharp pain, numbness, dizziness, or joint pinching.","Centered setup | Adult demonstrating Low-Impact Speed Skater Arms at the centered setup step: centered balance, tall torso, ready stance. | https://imagedelivery.net/TDuhqfLDl0Fb8RGwGw6mYw/3b5ec2f4-5f4f-4a4c-ce17-3c1799abfb00/public ;; Lateral step | Adult demonstrating Low-Impact Speed Skater Arms at the lateral step step: low-impact lateral skater shape, not airborne. | https://imagedelivery.net/TDuhqfLDl0Fb8RGwGw6mYw/b0e1b6bd-db58-4972-ae6f-4e4f26eef100/public"
Exercise,EX693,Lateral Toe Tap Sprint,Cardio & Conditioning,"Calves, hips, coordination",Intermediate,None,Standing,Cardio,Variant,Tap one foot side to side quickly while the other leg stays planted.,https://www.acefitness.org/resources/everyone/exercise-library/; https://acsm.org/resistance-training-guidelines-update-2026/; https://acsm.org/education-resources/trending-topics-resources/physical-activity-guidelines/,"1) Stand tall with space around you and soften your knees. 2) Tap one foot side to side quickly while the other leg stays planted. 3) Move through the named stepping, punching, or hopping pattern at a pace you can control. 4) Keep breathing and let your arms move naturally. 5) Slow down or step instead of jumping whenever your form gets sloppy.","1) Land softly or step quietly. 2) Pick a pace that lets you keep posture and breathing under control. 3) Stop if you feel sharp pain, numbness, dizziness, or joint pinching.",
Exercise,EX694,Quick Step Around Mat,Cardio & Conditioning,"Calves, hips, agility",Intermediate,Mat or towel marker,Standing,Cardio,Variant,Step around the edges of a mat or towel in a controlled square.,https://www.acefitness.org/resources/everyone/exercise-library/; https://acsm.org/resistance-training-guidelines-update-2026/; https://acsm.org/education-resources/trending-topics-resources/physical-activity-guidelines/,"1) Stand tall with space around you and soften your knees. 2) Step around the edges of a mat or towel in a controlled square. 3) Move through the named stepping, punching, or hopping pattern at a pace you can control. 4) Keep breathing and let your arms move naturally. 5) Slow down or step instead of jumping whenever your form gets sloppy.","1) Land softly or step quietly. 2) Pick a pace that lets you keep posture and breathing under control. 3) Use a clear floor area and move slowly so the towel, slider, or foot placement stays under control. 4) Stop if you feel sharp pain, numbness, dizziness, or joint pinching.",
Exercise,EX695,Forward-Back Step Touch,Cardio & Conditioning,"Calves, hips, coordination",Beginner,None,Standing,Cardio,Common,Step forward and back with a rhythmic touch instead of hopping.,https://www.acefitness.org/resources/everyone/exercise-library/; https://acsm.org/resistance-training-guidelines-update-2026/; https://acsm.org/education-resources/trending-topics-resources/physical-activity-guidelines/,"1) Stand tall with space around you and soften your knees. 2) Step forward and back with a rhythmic touch instead of hopping. 3) Move through the named stepping, punching, or hopping pattern at a pace you can control. 4) Keep breathing and let your arms move naturally. 5) Slow down or step instead of jumping whenever your form gets sloppy.","1) Land softly or step quietly. 2) Pick a pace that lets you keep posture and breathing under control. 3) Stop if you feel sharp pain, numbness, dizziness, or joint pinching.","Step forward | Adult demonstrating Forward-Back Step Touch at the step forward step: Moving limb: near anatomical right foot steps image-right and lands whole-foot. Stable limb: far left foot stays behind and touches lightly; knees stay soft and arms swing naturally. Camera: right-side three-quarter, facing image-right, right leg foreground. Viewer-side check: right hip connects to forward near foot; left hip connects to trailing touch foot. Must not show hop, both feet airborne, side/cross step, duplicated legs. | https://imagedelivery.net/TDuhqfLDl0Fb8RGwGw6mYw/7cb75543-87d9-4612-257e-59504c3cf500/public ;; Step back | Adult demonstrating Forward-Back Step Touch at the step back step: Moving limb: same near anatomical right foot steps back image-left and touches lightly. Stable limb: far left foot stays planted forward image-right; knees stay soft and torso tall. Camera unchanged. Viewer-side check: right hip connects to rear near foot and image-left arrow; left support foot remains forward. Must not show forward/side step, hop, both feet airborne, crossed/duplicated legs. | https://imagedelivery.net/TDuhqfLDl0Fb8RGwGw6mYw/8d7ed04e-db51-4de8-d347-72ed4e134100/public"
Exercise,EX696,Box Step Cardio,Cardio & Conditioning,"Hips, calves, coordination",Beginner,None,Standing,Cardio,Common,"Step forward, across, back, and across to trace a box on the floor.",https://www.acefitness.org/resources/everyone/exercise-library/; https://acsm.org/resistance-training-guidelines-update-2026/; https://acsm.org/education-resources/trending-topics-resources/physical-activity-guidelines/,"1) Stand tall with space around you and soften your knees. 2) Step forward, across, back, and across to trace a box on the floor. 3) Move through the named stepping, punching, or hopping pattern at a pace you can control. 4) Keep breathing and let your arms move naturally. 5) Slow down or step instead of jumping whenever your form gets sloppy.","1) Land softly or step quietly. 2) Pick a pace that lets you keep posture and breathing under control. 3) Stop if you feel sharp pain, numbness, dizziness, or joint pinching.","Step forward | Adult demonstrating Box Step Cardio at the step forward step: forward right shoe lands softly, knees flexed, torso tall. Must not show crossover, hopping, punching, or malformed limbs. | https://imagedelivery.net/TDuhqfLDl0Fb8RGwGw6mYw/ce0801f4-fc65-43e9-b6e5-8cfdaa593b00/public ;; Step across front | Adult demonstrating Box Step Cardio at the step across front step: feet remain separate and parallel, knees soft. Must not show crossed or fused feet, jump, or malformed limbs. | https://imagedelivery.net/TDuhqfLDl0Fb8RGwGw6mYw/3340bdf8-a352-429d-01df-401c67145900/public ;; Step back | Adult demonstrating Box Step Cardio at the step back step: right shoe lands behind, hips square, torso controlled. Must not show forward travel, crossover, hopping, or malformed anatomy. | https://imagedelivery.net/TDuhqfLDl0Fb8RGwGw6mYw/b6547902-7be4-4b08-d106-2eb0ca6bed00/public ;; Step across return | Adult demonstrating Box Step Cardio at the step across return step: feet finish apart and parallel, torso tall. Must not show crossover, fused feet, jump, or malformed anatomy. | https://imagedelivery.net/TDuhqfLDl0Fb8RGwGw6mYw/525a1f4b-a089-4ff2-4a0d-e25e55bf6700/public"
Exercise,EX697,Around-the-World Step,Cardio & Conditioning,"Hips, calves, coordination",Beginner,None,Standing,Cardio,Variant,Step around an imaginary circle while staying tall and controlled.,https://www.acefitness.org/resources/everyone/exercise-library/; https://acsm.org/resistance-training-guidelines-update-2026/; https://acsm.org/education-resources/trending-topics-resources/physical-activity-guidelines/,"1) Stand tall with space around you and soften your knees. 2) Step around an imaginary circle while staying tall and controlled. 3) Move through the named stepping, punching, or hopping pattern at a pace you can control. 4) Keep breathing and let your arms move naturally. 5) Slow down or step instead of jumping whenever your form gets sloppy.","1) Land softly or step quietly. 2) Pick a pace that lets you keep posture and breathing under control. 3) Stop if you feel sharp pain, numbness, dizziness, or joint pinching.",
Exercise,EX698,Shadow Boxing Footwork,Cardio & Conditioning,"Shoulders, calves, coordination",Intermediate,None,Standing,Cardio,Common,Move lightly in place while changing angles and keeping hands up.,https://www.acefitness.org/resources/everyone/exercise-library/; https://acsm.org/resistance-training-guidelines-update-2026/; https://acsm.org/education-resources/trending-topics-resources/physical-activity-guidelines/,"1) Stand tall with space around you and soften your knees. 2) Move lightly in place while changing angles and keeping hands up. 3) Move through the named stepping, punching, or hopping pattern at a pace you can control. 4) Keep breathing and let your arms move naturally. 5) Slow down or step instead of jumping whenever your form gets sloppy.","1) Land softly or step quietly. 2) Pick a pace that lets you keep posture and breathing under control. 3) Stop if you feel sharp pain, numbness, dizziness, or joint pinching.","Guard stance | Adult demonstrating Shadow Boxing Footwork at the guard stance step: balanced stance, feet not on one line, hands up. | https://imagedelivery.net/TDuhqfLDl0Fb8RGwGw6mYw/396be8e9-0cca-4a32-1fa0-67d679c5c600/public ;; Angle step | Adult demonstrating Shadow Boxing Footwork at the angle step step: Subject's LEFT side travels toward IMAGE-RIGHT foreground on a small diagonal. LEFT lead foot steps diagonally; RIGHT rear foot follows enough to restore stagger; pelvis and shoulders pivot together. Both fists stay near cheeks; no strikes. At endpoint both feet are grounded, separated, and uncrossed. Must not show: punch, kick, crossed feet, both feet airborne, exaggerated lunge, turned back, gloves, missing or extra limbs. | https://imagedelivery.net/TDuhqfLDl0Fb8RGwGw6mYw/8908d58b-d341-467f-c6ce-1e8fdec57400/public"
Exercise,EX699,Jab-Cross Duck,Cardio & Conditioning,"Shoulders, legs, trunk",Intermediate,None,Standing,Cardio,Variant,"Throw a jab-cross, then bend the knees to duck under an imaginary line.",https://www.acefitness.org/resources/everyone/exercise-library/; https://acsm.org/resistance-training-guidelines-update-2026/; https://acsm.org/education-resources/trending-topics-resources/physical-activity-guidelines/,"1) Stand tall with space around you and soften your knees. 2) Throw a jab-cross, then bend the knees to duck under an imaginary line. 3) Move through the named stepping, punching, or hopping pattern at a pace you can control. 4) Keep breathing and let your arms move naturally. 5) Slow down or step instead of jumping whenever your form gets sloppy.","1) Land softly or step quietly. 2) Pick a pace that lets you keep posture and breathing under control. 3) Stop if you feel sharp pain, numbness, dizziness, or joint pinching.",
Exercise,EX700,Jab-Cross Slip,Cardio & Conditioning,"Shoulders, obliques, legs",Intermediate,None,Standing,Cardio,Variant,"Throw a jab-cross, then shift the head and ribs side to side in a slip.",https://www.acefitness.org/resources/everyone/exercise-library/; https://acsm.org/resistance-training-guidelines-update-2026/; https://acsm.org/education-resources/trending-topics-resources/physical-activity-guidelines/,"1) Stand tall with space around you and soften your knees. 2) Throw a jab-cross, then shift the head and ribs side to side in a slip. 3) Move through the named stepping, punching, or hopping pattern at a pace you can control. 4) Keep breathing and let your arms move naturally. 5) Slow down or step instead of jumping whenever your form gets sloppy.","1) Land softly or step quietly. 2) Pick a pace that lets you keep posture and breathing under control. 3) Stop if you feel sharp pain, numbness, dizziness, or joint pinching.",
Exercise,EX701,Punch and Knee Combo,Cardio & Conditioning,"Shoulders, hip flexors, core",Intermediate,None,Standing,Cardio,Common,Combine light punches with alternating knee drives.,https://www.acefitness.org/resources/everyone/exercise-library/; https://acsm.org/resistance-training-guidelines-update-2026/; https://acsm.org/education-resources/trending-topics-resources/physical-activity-guidelines/,"1) Stand tall with space around you and soften your knees. 2) Combine light punches with alternating knee drives. 3) Move through the named stepping, punching, or hopping pattern at a pace you can control. 4) Keep breathing and let your arms move naturally. 5) Slow down or step instead of jumping whenever your form gets sloppy.","1) Land softly or step quietly. 2) Pick a pace that lets you keep posture and breathing under control. 3) Stop if you feel sharp pain, numbness, dizziness, or joint pinching.","Punch with opposite knee | Adult demonstrating Punch and Knee Combo at the punch with opposite knee step: Moving limbs: the near-side arm punches toward image-right while the opposite knee rises to hip height. Stable limbs: the other fist guards the face and the opposite whole foot supports. Camera: eye-level front three-quarter view, subject facing diagonally image-right. Viewer-side check: the punching arm and lifted knee are opposing limbs; one support shoe is fully grounded. Must not show same-side pairing, both feet airborne, extra/merged limbs. | https://imagedelivery.net/TDuhqfLDl0Fb8RGwGw6mYw/e192ff1d-d7a1-421a-37eb-f23cb2f0c000/public ;; Switch punch and knee | Adult demonstrating Punch and Knee Combo at the switch punch and knee step: Moving limbs: the raised knee and shoe visibly switch to image-left while the opposite arm punches from the image-right shoulder. Stable limbs: the straight support leg and shoe occupy image-right and the other fist guards the face. Camera: same eye-level front three-quarter view. Viewer-side check: image-left knee is lifted, image-right shoe is grounded, and the punch comes from the opposite side. Must not repeat side A, put knee image-right, or show extra/merged limbs. | https://imagedelivery.net/TDuhqfLDl0Fb8RGwGw6mYw/8633faeb-8696-4942-ecaf-fcb011984c00/public"
Exercise,EX702,Standing Elbow-to-Knee Crunch Cardio,Cardio & Conditioning,"Obliques, hip flexors",Beginner,None,Standing,Cardio,Common,Bring one elbow and knee toward each other at a steady pace.,https://www.acefitness.org/resources/everyone/exercise-library/; https://acsm.org/resistance-training-guidelines-update-2026/; https://acsm.org/education-resources/trending-topics-resources/physical-activity-guidelines/,"1) Stand tall with space around you and soften your knees. 2) Bring one elbow and knee toward each other at a steady pace. 3) Move through the named stepping, punching, or hopping pattern at a pace you can control. 4) Keep breathing and let your arms move naturally. 5) Slow down or step instead of jumping whenever your form gets sloppy.","1) Land softly or step quietly. 2) Pick a pace that lets you keep posture and breathing under control. 3) Stop if you feel sharp pain, numbness, dizziness, or joint pinching.","Right elbow to left knee | Adult demonstrating Standing Elbow-to-Knee Crunch Cardio at the right elbow to left knee step: Anatomical left knee originating viewer-right lifts and travels slightly inward; anatomical right elbow connected to viewer-left shoulder crosses the midline toward it. Right foot stays grounded and left elbow remains wide. Direct front camera. Must not show same-side contact, wrong knee, hidden limb origin, or malformed anatomy. | https://imagedelivery.net/TDuhqfLDl0Fb8RGwGw6mYw/f1026b2f-d4ad-435e-5841-41c4bf857f00/public ;; Left elbow to right knee | Adult demonstrating Standing Elbow-to-Knee Crunch Cardio at the left elbow to right knee step: Anatomical right knee originating viewer-left lifts and travels slightly inward; anatomical left elbow connected to viewer-right shoulder crosses the midline toward it. Left foot stays grounded and right elbow remains wide. Direct front camera. Must not show same-side contact, wrong knee, hidden limb origin, or malformed anatomy. | https://imagedelivery.net/TDuhqfLDl0Fb8RGwGw6mYw/358a8153-62dc-4334-e654-0becb9791800/public"
Exercise,EX703,Standing Skier Pulls,Cardio & Conditioning,"Lats, glutes, calves",Beginner,None,Standing,Cardio,Common,"Reach arms overhead, then pull them down as you hinge slightly.",https://www.acefitness.org/resources/everyone/exercise-library/; https://acsm.org/resistance-training-guidelines-update-2026/; https://acsm.org/education-resources/trending-topics-resources/physical-activity-guidelines/,"1) Stand tall with space around you and soften your knees. 2) Reach arms overhead, then pull them down as you hinge slightly. 3) Move through the named stepping, punching, or hopping pattern at a pace you can control. 4) Keep breathing and let your arms move naturally. 5) Slow down or step instead of jumping whenever your form gets sloppy.","1) Land softly or step quietly. 2) Pick a pace that lets you keep posture and breathing under control. 3) Stop if you feel sharp pain, numbness, dizziness, or joint pinching.","Overhead reach | Adult demonstrating Standing Skier Pulls at the overhead reach step: long line from hips through fingertips without rib flare. | https://imagedelivery.net/TDuhqfLDl0Fb8RGwGw6mYw/dfa0690d-8f75-47c6-08d2-908f0ca56c00/public ;; Skier pull | Adult demonstrating Standing Skier Pulls at the skier pull step: modest skier-like hinge with torso inclined forward, not a squat. | https://imagedelivery.net/TDuhqfLDl0Fb8RGwGw6mYw/5d8c8d7e-ab9a-42cd-77f9-307ec245ae00/public"
Exercise,EX704,Standing Jump Rope High-Low,Cardio & Conditioning,"Calves, shoulders, coordination",Intermediate,None,Standing,Cardio,Variant,Alternate small imaginary rope bounces with a lower athletic stance.,https://www.acefitness.org/resources/everyone/exercise-library/; https://acsm.org/resistance-training-guidelines-update-2026/; https://acsm.org/education-resources/trending-topics-resources/physical-activity-guidelines/,"1) Stand tall with space around you and soften your knees. 2) Alternate small imaginary rope bounces with a lower athletic stance. 3) Move through the named stepping, punching, or hopping pattern at a pace you can control. 4) Keep breathing and let your arms move naturally. 5) Slow down or step instead of jumping whenever your form gets sloppy.","1) Land softly or step quietly. 2) Pick a pace that lets you keep posture and breathing under control. 3) Stop if you feel sharp pain, numbness, dizziness, or joint pinching.",
Exercise,EX705,Invisible Rope Side Swing,Cardio & Conditioning,"Calves, shoulders, coordination",Beginner,None,Standing,Cardio,Common,Mimic swinging a rope to each side while stepping or bouncing lightly.,https://www.acefitness.org/resources/everyone/exercise-library/; https://acsm.org/resistance-training-guidelines-update-2026/; https://acsm.org/education-resources/trending-topics-resources/physical-activity-guidelines/,"1) Stand tall with space around you and soften your knees. 2) Mimic swinging a rope to each side while stepping or bouncing lightly. 3) Move through the named stepping, punching, or hopping pattern at a pace you can control. 4) Keep breathing and let your arms move naturally. 5) Slow down or step instead of jumping whenever your form gets sloppy.","1) Land softly or step quietly. 2) Pick a pace that lets you keep posture and breathing under control. 3) Stop if you feel sharp pain, numbness, dizziness, or joint pinching.","Swing beside left hip | Adult demonstrating Invisible Rope Side Swing at the swing beside left hip step: Moving limbs: both hands sweep together beside the viewer-left hip as a light side step keeps rhythm. Stable limbs: the other foot bears most weight, knees stay soft, torso remains tall. Camera: straight-on front view. Viewer-side check: both hands are distinct and meet outside viewer-left hip; both shoes remain visible with at least one grounded. Must not show a physical rope, equipment, airborne feet, extra limbs. | https://imagedelivery.net/TDuhqfLDl0Fb8RGwGw6mYw/6adbefcf-06d9-4b8c-a653-49e9a3869600/public ;; Swing beside right hip | Adult demonstrating Invisible Rope Side Swing at the swing beside right hip step: Moving limbs: both hands have swept across to meet outside the viewer-right hip while the feet switch the light stepping rhythm. Stable limbs: one whole foot remains grounded, knees stay soft, trunk stays upright. Camera: same straight-on front view. Viewer-side check: both hands meet at viewer-right and the swing arc remains beside that hip; both legs are distinct. Must not repeat viewer-left swing, show a rope, airborne feet, or extra limbs. | https://imagedelivery.net/TDuhqfLDl0Fb8RGwGw6mYw/f9e05c3f-5fdd-4c58-5679-eb3883454f00/public"
Exercise,EX706,Low-Impact Burpee to Reach,Cardio & Conditioning,Full body,Beginner,None,Standing to plank,Cardio,Common,"Step back to a plank, step in, and stand with an overhead reach.",https://www.acefitness.org/resources/everyone/exercise-library/; https://acsm.org/resistance-training-guidelines-update-2026/; https://acsm.org/education-resources/trending-topics-resources/physical-activity-guidelines/,"1) Stand tall, then hinge forward and place hands on the floor or a raised surface. 2) Step back to a plank, step in, and stand with an overhead reach. 3) Walk your hands or feet through the named pattern with control. 4) Reverse the motion until you return to standing. 5) Reset your posture before the next rep.","1) Land softly or step quietly. 2) Pick a pace that lets you keep posture and breathing under control. 3) Stop if you feel sharp pain, numbness, dizziness, or joint pinching.","Hands-down hinge | Adult demonstrating Low-Impact Burpee to Reach at the hands-down hinge step: Feet stay flat hip-width while hips hinge and knees bend; both palms plant shoulder-width just in front of feet. Side profile facing image-right. Must not show plank, jump, kneeling, lifted heel, hidden hand, or malformed limbs. | https://imagedelivery.net/TDuhqfLDl0Fb8RGwGw6mYw/bde74f8b-6028-408b-e24a-f14ebdc83c00/public ;; Step-back plank | Adult demonstrating Low-Impact Burpee to Reach at the step-back plank step: Both hands remain under shoulders as feet step back one at a time to forefeet; arms and legs extend into one head-to-heels line. Side profile facing image-right. Must not show airborne feet, forearm plank, sagging/piked hips, bent knees, hidden hands, or extra limbs. | https://imagedelivery.net/TDuhqfLDl0Fb8RGwGw6mYw/3ea0edf0-3cbe-4633-8b75-651ff6301600/public ;; Step-in crouch | Adult demonstrating Low-Impact Burpee to Reach at the step-in crouch step: Both hands stay planted as feet step forward one at a time into a compact crouch behind hands; knees bend and heels settle toward mat. Side profile facing image-right. Must not show airborne feet, plank, kneeling, hands lifted, crossed feet, or malformed limbs. | https://imagedelivery.net/TDuhqfLDl0Fb8RGwGw6mYw/5ba8ed81-8a52-4786-7e2b-2dbb731f0c00/public ;; Stand and reach | Adult demonstrating Low-Impact Burpee to Reach at the stand and reach step: Both feet stay flat hip-width as body stands tall and both arms reach overhead beside ears, palms inward, ribs stacked. Side profile facing image-right. Must not show jump, tiptoes, crouch, hands on floor, overarched back, or malformed arms. | https://imagedelivery.net/TDuhqfLDl0Fb8RGwGw6mYw/d800e676-c1bf-4ac0-0801-d6d534aab300/public"
Exercise,EX707,Walkout to Stand,Cardio & Conditioning,"Hamstrings, shoulders, core",Beginner,None,Standing to plank,Cardio,Common,Walk hands to a plank and then back to standing.,https://www.acefitness.org/resources/everyone/exercise-library/; https://acsm.org/resistance-training-guidelines-update-2026/; https://acsm.org/education-resources/trending-topics-resources/physical-activity-guidelines/,"1) Stand tall, then hinge forward and place hands on the floor or a raised surface. 2) Walk hands to a plank and then back to standing. 3) Walk your hands or feet through the named pattern with control. 4) Reverse the motion until you return to standing. 5) Reset your posture before the next rep.","1) Land softly or step quietly. 2) Pick a pace that lets you keep posture and breathing under control. 3) Stop if you feel sharp pain, numbness, dizziness, or joint pinching.","Floor hinge | Adult demonstrating Walkout to Stand at the floor hinge step: bent-knee hinge, not a locked-knee hamstring stretch. | https://imagedelivery.net/TDuhqfLDl0Fb8RGwGw6mYw/a7961af9-b85d-4af2-903f-87ae34b72200/public ;; High plank | Adult demonstrating Walkout to Stand at the high plank step: firm high plank, hips neither sagging nor piked. Return cue: hands walk back toward feet, then torso unfolds to stand. | https://imagedelivery.net/TDuhqfLDl0Fb8RGwGw6mYw/89ca746b-3f42-4d8b-0f29-622de1a18200/public"
Exercise,EX708,Walkout to Shoulder Tap,Cardio & Conditioning,"Core, shoulders, hamstrings",Intermediate,None,Standing to plank,Cardio,Variant,"Walk out to plank, tap each shoulder, then walk back to standing.",https://www.acefitness.org/resources/everyone/exercise-library/; https://acsm.org/resistance-training-guidelines-update-2026/; https://acsm.org/education-resources/trending-topics-resources/physical-activity-guidelines/,"1) Stand tall, then hinge forward and place hands on the floor or a raised surface. 2) Walk out to plank, tap each shoulder, then walk back to standing. 3) Walk your hands or feet through the named pattern with control. 4) Reverse the motion until you return to standing. 5) Reset your posture before the next rep.","1) Land softly or step quietly. 2) Pick a pace that lets you keep posture and breathing under control. 3) Stop if you feel sharp pain, numbness, dizziness, or joint pinching.",
Exercise,EX709,Inchworm to Squat,Cardio & Conditioning,"Hamstrings, hips, shoulders",Intermediate,None,Standing to squat,Cardio,Variant,"Walk hands to plank, walk feet forward, then sit into a squat before standing.",https://www.acefitness.org/resources/everyone/exercise-library/; https://acsm.org/resistance-training-guidelines-update-2026/; https://acsm.org/education-resources/trending-topics-resources/physical-activity-guidelines/,"1) Stand tall, then hinge forward and place hands on the floor or a raised surface. 2) Walk hands to plank, walk feet forward, then sit into a squat before standing. 3) Walk your hands or feet through the named pattern with control. 4) Reverse the motion until you return to standing. 5) Reset your posture before the next rep.","1) Land softly or step quietly. 2) Pick a pace that lets you keep posture and breathing under control. 3) Stop if you feel sharp pain, numbness, dizziness, or joint pinching.",
Exercise,EX710,Bear Crawl Lateral,Cardio & Conditioning,"Full body, shoulders, hips",Intermediate,None,Bear crawl,Cardio,Common,Crawl sideways with small opposite hand-and-foot steps.,https://www.acefitness.org/resources/everyone/exercise-library/; https://acsm.org/resistance-training-guidelines-update-2026/; https://acsm.org/education-resources/trending-topics-resources/physical-activity-guidelines/,1) Start on hands and feet or hands and knees as needed for the variation. 2) Brace your trunk and keep your neck long. 3) Crawl sideways with small opposite hand-and-foot steps. 4) Move opposite hand and foot or step through the named crawl pattern. 5) Keep steps small and pause when you need to regain control.,"1) Land softly or step quietly. 2) Pick a pace that lets you keep posture and breathing under control. 3) Stop if you feel sharp pain, numbness, dizziness, or joint pinching.","Bear-hover setup | Adult demonstrating Bear Crawl Lateral at the bear-hover setup step: flat back, low level hips. Must not show knees down, straight legs, high hips, extra/merged limbs. | https://imagedelivery.net/TDuhqfLDl0Fb8RGwGw6mYw/2323866e-cc00-4c0a-d974-57b2033fce00/public ;; Lateral opposite-pair step | Adult demonstrating Bear Crawl Lateral at the lateral opposite-pair step step: hips level, back flat. Must not show mountain climber, straight rear leg, duplicated labels, extra limbs. | https://imagedelivery.net/TDuhqfLDl0Fb8RGwGw6mYw/498821fe-ce3f-4b7f-1678-6da7ce609700/public"
Exercise,EX711,Crab Walk Forward-Back,Cardio & Conditioning,"Shoulders, glutes, hamstrings",Intermediate,None,Crab position,Cardio,Common,Move forward and backward in a crab position with hips lifted.,https://www.acefitness.org/resources/everyone/exercise-library/; https://acsm.org/resistance-training-guidelines-update-2026/; https://acsm.org/education-resources/trending-topics-resources/physical-activity-guidelines/,1) Start on hands and feet or hands and knees as needed for the variation. 2) Brace your trunk and keep your neck long. 3) Move forward and backward in a crab position with hips lifted. 4) Move opposite hand and foot or step through the named crawl pattern. 5) Keep steps small and pause when you need to regain control.,"1) Land softly or step quietly. 2) Pick a pace that lets you keep posture and breathing under control. 3) Stop if you feel sharp pain, numbness, dizziness, or joint pinching.","Crab setup | Adult demonstrating Crab Walk Forward-Back at the crab setup step: arms straight, knees bent, hips lifted several inches, chest open, pelvis level. | https://imagedelivery.net/TDuhqfLDl0Fb8RGwGw6mYw/6ac62f14-f327-4bbc-dc7b-8139650e8b00/public ;; Forward step | Adult demonstrating Crab Walk Forward-Back at the forward step step: all four support points visible at the endpoint, hips lifted, knees bent, pelvis level. | https://imagedelivery.net/TDuhqfLDl0Fb8RGwGw6mYw/2f104394-bbff-4349-fa04-5cc3d55dce00/public ;; Backward step | Adult demonstrating Crab Walk Forward-Back at the backward step step: all four supports visible, hips lifted, knees bent, reverse direction clear. | https://imagedelivery.net/TDuhqfLDl0Fb8RGwGw6mYw/70d6d2ed-0b15-44f1-2cc8-0d8ed4bff100/public"
Exercise,EX712,Plank Step-In Step-Out,Cardio & Conditioning,"Core, shoulders, hip flexors",Intermediate,None,High plank,Cardio,Variant,Step both feet in toward hands and back to plank without jumping.,https://www.acefitness.org/resources/everyone/exercise-library/; https://acsm.org/resistance-training-guidelines-update-2026/; https://acsm.org/education-resources/trending-topics-resources/physical-activity-guidelines/,"1) Start in a forearm plank or high plank with shoulders stacked over elbows or wrists. 2) Brace your trunk and keep a long line from head to heels or knees. 3) Step both feet in toward hands and back to plank without jumping. 4) Move slowly through the named arm, leg, or slider pattern. 5) Reset your plank position before the next rep.","1) Land softly or step quietly. 2) Pick a pace that lets you keep posture and breathing under control. 3) Stop if you feel sharp pain, numbness, dizziness, or joint pinching.",
Exercise,EX713,Step-Back Mountain Climber,Cardio & Conditioning,"Core, hip flexors, shoulders",Beginner,None,High plank,Cardio,Common,"Step one foot forward toward the hands and then back, alternating sides.",https://www.acefitness.org/resources/everyone/exercise-library/; https://acsm.org/resistance-training-guidelines-update-2026/; https://acsm.org/education-resources/trending-topics-resources/physical-activity-guidelines/,"1) Start in a forearm plank or high plank with shoulders stacked over elbows or wrists. 2) Brace your trunk and keep a long line from head to heels or knees. 3) Step one foot forward toward the hands and then back, alternating sides. 4) Move slowly through the named arm, leg, or slider pattern. 5) Reset your plank position before the next rep.","1) Land softly or step quietly. 2) Pick a pace that lets you keep posture and breathing under control. 3) Stop if you feel sharp pain, numbness, dizziness, or joint pinching.","High plank | Adult demonstrating Step-Back Mountain Climber at the high plank step: balanced high plank before a slow step. | https://imagedelivery.net/TDuhqfLDl0Fb8RGwGw6mYw/949cf3d7-c20a-4fd1-a914-a2422e23b400/public ;; Step forward | Adult demonstrating Step-Back Mountain Climber at the step forward step: grounded step, not a running knee drive. | https://imagedelivery.net/TDuhqfLDl0Fb8RGwGw6mYw/1bb4fa56-52e7-4864-c578-affc96c23300/public"
Exercise,EX714,Lateral Line Step-Overs,Cardio & Conditioning,"Calves, hips, agility",Beginner,Line or towel marker,Standing,Cardio,Common,Step both feet over a line side to side at a steady pace.,https://www.acefitness.org/resources/everyone/exercise-library/; https://acsm.org/resistance-training-guidelines-update-2026/; https://acsm.org/education-resources/trending-topics-resources/physical-activity-guidelines/,"1) Stand tall with space around you and soften your knees. 2) Step both feet over a line side to side at a steady pace. 3) Move through the named stepping, punching, or hopping pattern at a pace you can control. 4) Keep breathing and let your arms move naturally. 5) Slow down or step instead of jumping whenever your form gets sloppy.","1) Land softly or step quietly. 2) Pick a pace that lets you keep posture and breathing under control. 3) Use a clear floor area and move slowly so the towel, slider, or foot placement stays under control. 4) Stop if you feel sharp pain, numbness, dizziness, or joint pinching.","Left-side endpoint | Adult demonstrating Lateral Line Step-Overs at the left-side endpoint step: Moving limbs: none at the endpoint. Stable limbs: both whole shoes are gathered and grounded on image-left of the same floor line; knees stay softly bent and torso tall. Camera: straight-on front view with line dividing image-left/right zones. Viewer-side check: both feet are distinct and the visible line remains entirely image-right of them. Next-direction arrow points image-right. Must not show straddled line, airborne/crossed feet, extra limbs. | https://imagedelivery.net/TDuhqfLDl0Fb8RGwGw6mYw/9f182fe7-27a5-4a4e-e1b0-f6cf80e63700/public ;; Right-side endpoint | Adult demonstrating Lateral Line Step-Overs at the right-side endpoint step: Moving limbs: both feet have stepped across to image-right of the line. Stable limbs: both whole shoes are grounded together, knees soft, torso controlled. Camera: same straight-on front view. Viewer-side check: both feet are distinct and the same line remains entirely image-left of them; return arrow points image-left. Must not repeat left-side endpoint, straddle line, jump, cross legs, or show extra limbs. | https://imagedelivery.net/TDuhqfLDl0Fb8RGwGw6mYw/0d71a3eb-322f-472a-f63c-6755bee86800/public"
Exercise,EX715,Stair Step-Over,Cardio & Conditioning,"Quads, calves, coordination",Intermediate,Stair,Standing,Cardio,Variant,Step over and back across a low stair or step with control.,https://www.acefitness.org/resources/everyone/exercise-library/; https://acsm.org/resistance-training-guidelines-update-2026/; https://acsm.org/education-resources/trending-topics-resources/physical-activity-guidelines/,"1) Stand near a clear stair or low step and use a handrail if helpful. 2) Step over and back across a low stair or step with control. 3) Step, tap, or drive through the pattern at a smooth rhythm. 4) Keep your whole foot on the step when stepping up. 5) Slow down before switching directions or sides.","1) Land softly or step quietly. 2) Pick a pace that lets you keep posture and breathing under control. 3) Use only a stable surface that will not slide, tip, or open unexpectedly. 4) Stop if you feel sharp pain, numbness, dizziness, or joint pinching.",
Exercise,EX716,Stair Side Step-Up Intervals,Cardio & Conditioning,"Quads, glutes, calves",Intermediate,Stair,Standing,Cardio,Common,Stand sideways to a stair and step up and down for repeated intervals.,https://www.acefitness.org/resources/everyone/exercise-library/; https://acsm.org/resistance-training-guidelines-update-2026/; https://acsm.org/education-resources/trending-topics-resources/physical-activity-guidelines/,"1) Stand near a clear stair or low step and use a handrail if helpful. 2) Stand sideways to a stair and step up and down for repeated intervals. 3) Step, tap, or drive through the pattern at a smooth rhythm. 4) Keep your whole foot on the step when stepping up. 5) Slow down before switching directions or sides.","1) Land softly or step quietly. 2) Pick a pace that lets you keep posture and breathing under control. 3) Use only a stable surface that will not slide, tip, or open unexpectedly. 4) Stop if you feel sharp pain, numbness, dizziness, or joint pinching.","Side setup | Adult demonstrating Stair Side Step-Up Intervals at the side setup step: tall stance immediately beside one low step. | https://imagedelivery.net/TDuhqfLDl0Fb8RGwGw6mYw/84a65174-1353-467f-54ad-92cb26bdfe00/public ;; Top position | Adult demonstrating Stair Side Step-Up Intervals at the top position step: torso tall, pelvis level, no foot on floor. | https://imagedelivery.net/TDuhqfLDl0Fb8RGwGw6mYw/db6e5038-f15b-4375-a8f9-f71e426eda00/public"
Exercise,EX717,Single-Leg Balance with Figure Eight Arms,Balance & Coordination,"Balance, ankles, shoulders",Beginner,None,Standing,Balance,Common,Stand on one leg while tracing figure eights with the arms.,https://www.acefitness.org/resources/everyone/exercise-library/; https://acsm.org/resistance-training-guidelines-update-2026/; https://acsm.org/education-resources/trending-topics-resources/physical-activity-guidelines/,"1) Stand or kneel in the standing position near a wall or chair for support. 2) Brace lightly and focus your eyes on one point. 3) Stand on one leg while tracing figure eights with the arms. 4) Reach, pass, or move slowly through the named pattern while keeping balance. 5) Return to center, reset, and switch sides when needed.","1) Use a wall or chair until the pattern feels steady. 2) Focus your eyes on one fixed point and move slowly. 3) Stop if you feel sharp pain, numbness, dizziness, or joint pinching.",
Exercise,EX718,Single-Leg Balance with Reach Across,Balance & Coordination,"Balance, ankles, hips",Beginner,None,Standing,Balance,Common,Stand on one leg and reach the opposite hand across the body.,https://www.acefitness.org/resources/everyone/exercise-library/; https://acsm.org/resistance-training-guidelines-update-2026/; https://acsm.org/education-resources/trending-topics-resources/physical-activity-guidelines/,"1) Stand or kneel in the standing position near a wall or chair for support. 2) Brace lightly and focus your eyes on one point. 3) Stand on one leg and reach the opposite hand across the body. 4) Reach, pass, or move slowly through the named pattern while keeping balance. 5) Return to center, reset, and switch sides when needed.","1) Use a wall or chair until the pattern feels steady. 2) Focus your eyes on one fixed point and move slowly. 3) Stop if you feel sharp pain, numbness, dizziness, or joint pinching.",
Exercise,EX719,Single-Leg Balance with Bottle Pass,Balance & Coordination,"Balance, ankles, trunk",Intermediate,Water bottle,Standing,Balance,Variant,Stand on one leg and pass a bottle around the torso.,https://www.acefitness.org/resources/everyone/exercise-library/; https://acsm.org/resistance-training-guidelines-update-2026/; https://acsm.org/education-resources/trending-topics-resources/physical-activity-guidelines/,"1) Stand or kneel in the standing position near a wall or chair for support. 2) Brace lightly and focus your eyes on one point. 3) Stand on one leg and pass a bottle around the torso. 4) Reach, pass, or move slowly through the named pattern while keeping balance. 5) Return to center, reset, and switch sides when needed.","1) Use a wall or chair until the pattern feels steady. 2) Focus your eyes on one fixed point and move slowly. 3) Choose a light load first and make sure lids, straps, and zippers are secure. 4) Stop if you feel sharp pain, numbness, dizziness, or joint pinching.",
Exercise,EX720,Tandem Stance Bottle Pass,Balance & Coordination,"Balance, ankles, trunk",Beginner,Water bottle,Standing,Balance,Common,Stand heel-to-toe and pass a bottle around your body.,https://www.acefitness.org/resources/everyone/exercise-library/; https://acsm.org/resistance-training-guidelines-update-2026/; https://acsm.org/education-resources/trending-topics-resources/physical-activity-guidelines/,"1) Stand or kneel in the standing position near a wall or chair for support. 2) Brace lightly and focus your eyes on one point. 3) Stand heel-to-toe and pass a bottle around your body. 4) Reach, pass, or move slowly through the named pattern while keeping balance. 5) Return to center, reset, and switch sides when needed.","1) Use a wall or chair until the pattern feels steady. 2) Focus your eyes on one fixed point and move slowly. 3) Choose a light load first and make sure lids, straps, and zippers are secure. 4) Stop if you feel sharp pain, numbness, dizziness, or joint pinching.",
Exercise,EX721,Heel-Toe Rock with Arm Reach,Balance & Coordination,"Ankles, calves, balance",Beginner,None,Standing,Balance,Common,Rock from heels to toes while reaching arms forward or overhead.,https://www.acefitness.org/resources/everyone/exercise-library/; https://acsm.org/resistance-training-guidelines-update-2026/; https://acsm.org/education-resources/trending-topics-resources/physical-activity-guidelines/,"1) Stand or sit in the standing position with feet about hip-width apart. 2) Use a wall or chair for balance if needed. 3) Rock from heels to toes while reaching arms forward or overhead. 4) Lift or lower the toes or heels through a controlled range. 5) Pause briefly, then return slowly to the start.","1) Use a wall or chair until the pattern feels steady. 2) Focus your eyes on one fixed point and move slowly. 3) Stop if you feel sharp pain, numbness, dizziness, or joint pinching.",
Exercise,EX722,Split-Stance Balance Chop,Balance & Coordination,"Balance, hips, trunk",Intermediate,Water bottle,Split stance,Balance,Variant,Hold a split stance and move a bottle diagonally like a chop.,https://www.acefitness.org/resources/everyone/exercise-library/; https://acsm.org/resistance-training-guidelines-update-2026/; https://acsm.org/education-resources/trending-topics-resources/physical-activity-guidelines/,"1) Stand or kneel in the split stance position near a wall or chair for support. 2) Brace lightly and focus your eyes on one point. 3) Hold a split stance and move a bottle diagonally like a chop. 4) Reach, pass, or move slowly through the named pattern while keeping balance. 5) Return to center, reset, and switch sides when needed.","1) Use a wall or chair until the pattern feels steady. 2) Focus your eyes on one fixed point and move slowly. 3) Choose a light load first and make sure lids, straps, and zippers are secure. 4) Stop if you feel sharp pain, numbness, dizziness, or joint pinching.",
Exercise,EX723,Half-Kneeling Pallof Hold,Balance & Coordination,"Obliques, glutes, balance",Intermediate,Resistance band,Half-kneeling,Balance,Variant,Hold a band straight out from half-kneeling while resisting rotation.,https://www.acefitness.org/resources/everyone/exercise-library/; https://acsm.org/resistance-training-guidelines-update-2026/; https://acsm.org/education-resources/trending-topics-resources/physical-activity-guidelines/,"1) Anchor or hold the band at about chest height and stand, sit, or kneel sideways to the anchor. 2) Hold the band at your chest with both hands and brace lightly. 3) Hold a band straight out from half-kneeling while resisting rotation. 4) Press your hands straight out while resisting the band pulling you into rotation. 5) Bring hands back to your chest and repeat before switching sides.","1) Use a wall or chair until the pattern feels steady. 2) Focus your eyes on one fixed point and move slowly. 3) Use a light band first and make sure it is anchored or held securely before adding tension. 4) Stop if you feel sharp pain, numbness, dizziness, or joint pinching.",
Exercise,EX724,Tall-Kneeling Chop,Balance & Coordination,"Core, shoulders, hips",Intermediate,Water bottle,Tall-kneeling,Balance,Variant,Move a bottle diagonally across the body while kneeling tall.,https://www.acefitness.org/resources/everyone/exercise-library/; https://acsm.org/resistance-training-guidelines-update-2026/; https://acsm.org/education-resources/trending-topics-resources/physical-activity-guidelines/,"1) Stand or kneel in the tall-kneeling position near a wall or chair for support. 2) Brace lightly and focus your eyes on one point. 3) Move a bottle diagonally across the body while kneeling tall. 4) Reach, pass, or move slowly through the named pattern while keeping balance. 5) Return to center, reset, and switch sides when needed.","1) Use a wall or chair until the pattern feels steady. 2) Focus your eyes on one fixed point and move slowly. 3) Choose a light load first and make sure lids, straps, and zippers are secure. 4) Stop if you feel sharp pain, numbness, dizziness, or joint pinching.",
Exercise,EX725,Single-Leg Calf Raise with Chair,Balance & Coordination,"Calves, ankles, balance",Beginner,Chair,Standing,Strength,Common,Hold a chair lightly and raise one heel at a time.,https://www.acefitness.org/resources/everyone/exercise-library/; https://acsm.org/resistance-training-guidelines-update-2026/; https://acsm.org/education-resources/trending-topics-resources/physical-activity-guidelines/,"1) Stand or sit in the standing position with feet about hip-width apart. 2) Use a wall or chair for balance if needed. 3) Hold a chair lightly and raise one heel at a time. 4) Lift or lower the toes or heels through a controlled range. 5) Pause briefly, then return slowly to the start.","1) Use a wall or chair until the pattern feels steady. 2) Focus your eyes on one fixed point and move slowly. 3) Use only a stable surface that will not slide, tip, or open unexpectedly. 4) Stop if you feel sharp pain, numbness, dizziness, or joint pinching.","Single-leg setup | Adult demonstrating Single-Leg Calf Raise with Chair at the single-leg setup step: pelvis level and body tall over one grounded foot. Viewer check: exactly one foot bears weight; free foot has visible air beneath it; chair has four stable legs. | https://imagedelivery.net/TDuhqfLDl0Fb8RGwGw6mYw/a3d2c4ad-f2b4-43a8-bc98-a6b80196e700/public ;; Calf raise | Adult demonstrating Single-Leg Calf Raise with Chair at the calf raise step: The exact setup roles and foot locations are preserved. Moving limb: only the heel of the image-left working/support foot rises vertically; its forefoot and toes remain planted at the same floor location. Stable limbs: the free foot remains airborne in its setup position nearer image-right; free knee stays bent; chair contact, tall torso, level pelvis, and soft working knee remain unchanged. Viewer check: support heel elevated, support toes down, free foot airborne and uncued. Must not show: leg-role swap, arrow at free foot, free foot touching floor, both heels raised, working toes lifted, ankle rolling, changed foot positions, missing or extra limbs. | https://imagedelivery.net/TDuhqfLDl0Fb8RGwGw6mYw/824a93de-2a04-43fc-ac36-2faf6fd1df00/public"
Exercise,EX726,Seated Calf Raise with Backpack,Balance & Coordination,Calves,Beginner,Backpack and chair,Seated,Strength,Common,Sit tall with a backpack on the thighs and lift both heels.,https://www.acefitness.org/resources/everyone/exercise-library/; https://acsm.org/resistance-training-guidelines-update-2026/; https://acsm.org/education-resources/trending-topics-resources/physical-activity-guidelines/,"1) Stand or sit in the seated position with feet about hip-width apart. 2) Use a wall or chair for balance if needed. 3) Sit tall with a backpack on the thighs and lift both heels. 4) Lift or lower the toes or heels through a controlled range. 5) Pause briefly, then return slowly to the start.","1) Use a wall or chair until the pattern feels steady. 2) Focus your eyes on one fixed point and move slowly. 3) Use only a stable surface that will not slide, tip, or open unexpectedly. 4) Stop if you feel sharp pain, numbness, dizziness, or joint pinching.","Feet-flat setup | Adult demonstrating Seated Calf Raise with Backpack at the feet-flat setup step: Moving limbs: none. Stable limbs: both whole shoes are flat and hip-width, knees about 90 degrees; both hands secure one closed backpack across both lower thighs; torso tall. Camera: elevated front three-quarter view with both heels visible. Viewer-side check: two distinct shoes are fully grounded and one backpack rests evenly across two thighs. Must not show lifted heel, backpack off thighs, multiple bags, extra limbs. | https://imagedelivery.net/TDuhqfLDl0Fb8RGwGw6mYw/a75f32cf-d48a-4003-9ac6-9b9963f9ee00/public ;; Both heels raised | Adult demonstrating Seated Calf Raise with Backpack at the both heels raised step: Moving limbs: both heels lift equally with clear floor gaps. Stable limbs: balls of both feet/toes remain planted, knees stay hip-width, both hands secure the backpack, torso stays tall. Camera: same elevated front three-quarter view. Viewer-side check: two distinct forefeet contact floor while both heels are raised and marked by upward arrows. Must not show one heel down, toes lifted, standing, extra bag or limbs. | https://imagedelivery.net/TDuhqfLDl0Fb8RGwGw6mYw/74193ea8-8870-4b3b-b6bf-d3a45dd17500/public"
Exercise,EX727,Wall Tibialis Raise,Balance & Coordination,"Shins, ankles",Beginner,Wall,Standing,Strength,Common,Lean back on a wall and lift toes toward shins.,https://www.acefitness.org/resources/everyone/exercise-library/; https://acsm.org/resistance-training-guidelines-update-2026/; https://acsm.org/education-resources/trending-topics-resources/physical-activity-guidelines/,"1) Stand or sit in the standing position with feet about hip-width apart. 2) Use a wall or chair for balance if needed. 3) Lean back on a wall and lift toes toward shins. 4) Lift or lower the toes or heels through a controlled range. 5) Pause briefly, then return slowly to the start.","1) Use a wall or chair until the pattern feels steady. 2) Focus your eyes on one fixed point and move slowly. 3) Stand close enough to control the movement without jamming your wrists, shoulders, or back. 4) Stop if you feel sharp pain, numbness, dizziness, or joint pinching.","Wall lean setup | Adult demonstrating Wall Tibialis Raise at the wall lean setup step: small supported backward lean, knees soft, both shoes visible. | https://imagedelivery.net/TDuhqfLDl0Fb8RGwGw6mYw/c4394fe3-52e2-4743-05f2-821ab9791700/public ;; Toes lifted | Adult demonstrating Wall Tibialis Raise at the toes lifted step: empty space under both toe boxes, no body rise. | https://imagedelivery.net/TDuhqfLDl0Fb8RGwGw6mYw/533c096f-dd7e-47bf-d03b-b875a09a4700/public"
Exercise,EX728,Standing Tibialis Raise,Balance & Coordination,"Shins, ankles, balance",Beginner,None,Standing,Strength,Variant,"Lift toes while standing tall, using support if needed.",https://www.acefitness.org/resources/everyone/exercise-library/; https://acsm.org/resistance-training-guidelines-update-2026/; https://acsm.org/education-resources/trending-topics-resources/physical-activity-guidelines/,"1) Stand or sit in the standing position with feet about hip-width apart. 2) Use a wall or chair for balance if needed. 3) Lift toes while standing tall, using support if needed. 4) Lift or lower the toes or heels through a controlled range. 5) Pause briefly, then return slowly to the start.","1) Use a wall or chair until the pattern feels steady. 2) Focus your eyes on one fixed point and move slowly. 3) Stop if you feel sharp pain, numbness, dizziness, or joint pinching.",
Exercise,EX729,Toe Walk with High Reach,Balance & Coordination,"Calves, ankles, posture",Beginner,None,Standing,Balance,Common,Walk on the balls of the feet while reaching arms overhead.,https://www.acefitness.org/resources/everyone/exercise-library/; https://acsm.org/resistance-training-guidelines-update-2026/; https://acsm.org/education-resources/trending-topics-resources/physical-activity-guidelines/,"1) Stand or kneel in the standing position near a wall or chair for support. 2) Brace lightly and focus your eyes on one point. 3) Walk on the balls of the feet while reaching arms overhead. 4) Reach, pass, or move slowly through the named pattern while keeping balance. 5) Return to center, reset, and switch sides when needed.","1) Use a wall or chair until the pattern feels steady. 2) Focus your eyes on one fixed point and move slowly. 3) Stop if you feel sharp pain, numbness, dizziness, or joint pinching.",Feet flat | Adult demonstrating Toe Walk with High Reach at the feet flat step: tall neutral start with weight evenly distributed. | https://imagedelivery.net/TDuhqfLDl0Fb8RGwGw6mYw/6ca5102a-2e71-400f-8651-dbcf443a9200/public ;; Toe walk reach | Adult demonstrating Toe Walk with High Reach at the toe walk reach step: controlled toe walk with arms beside ears and ribs stacked. | https://imagedelivery.net/TDuhqfLDl0Fb8RGwGw6mYw/35814fb1-958f-43e3-3f66-032fa27f1600/public
Exercise,EX730,Heel Walk with High Reach,Balance & Coordination,"Shins, ankles, posture",Beginner,None,Standing,Balance,Common,Walk on the heels while reaching arms overhead.,https://www.acefitness.org/resources/everyone/exercise-library/; https://acsm.org/resistance-training-guidelines-update-2026/; https://acsm.org/education-resources/trending-topics-resources/physical-activity-guidelines/,"1) Stand or kneel in the standing position near a wall or chair for support. 2) Brace lightly and focus your eyes on one point. 3) Walk on the heels while reaching arms overhead. 4) Reach, pass, or move slowly through the named pattern while keeping balance. 5) Return to center, reset, and switch sides when needed.","1) Use a wall or chair until the pattern feels steady. 2) Focus your eyes on one fixed point and move slowly. 3) Stop if you feel sharp pain, numbness, dizziness, or joint pinching.",Heels-only setup | Adult demonstrating Heel Walk with High Reach at the heels-only setup step: ribs stacked and hands high without leaning back. | https://imagedelivery.net/TDuhqfLDl0Fb8RGwGw6mYw/e2fa51d0-7ee5-4e90-d166-7d4fac90e100/public ;; Forward heel step | Adult demonstrating Heel Walk with High Reach at the forward heel step step: small heel-first step with toes high and upright trunk. | https://imagedelivery.net/TDuhqfLDl0Fb8RGwGw6mYw/3f6a0dc7-7552-4976-57e4-6b9569cda200/public
Exercise,EX731,Lateral Toe Walk,Balance & Coordination,"Calves, ankles, lateral hips",Beginner,None,Standing,Balance,Variant,Walk sideways on the balls of the feet with small steps.,https://www.acefitness.org/resources/everyone/exercise-library/; https://acsm.org/resistance-training-guidelines-update-2026/; https://acsm.org/education-resources/trending-topics-resources/physical-activity-guidelines/,"1) Stand or kneel in the standing position near a wall or chair for support. 2) Brace lightly and focus your eyes on one point. 3) Walk sideways on the balls of the feet with small steps. 4) Reach, pass, or move slowly through the named pattern while keeping balance. 5) Return to center, reset, and switch sides when needed.","1) Use a wall or chair until the pattern feels steady. 2) Focus your eyes on one fixed point and move slowly. 3) Stop if you feel sharp pain, numbness, dizziness, or joint pinching.",
Exercise,EX732,Duck Walk Partial Range,Balance & Coordination,"Quads, hips, ankles",Advanced,None,Low squat,Balance,Variant,Stay in a comfortable partial squat and take small forward steps.,https://www.acefitness.org/resources/everyone/exercise-library/; https://acsm.org/resistance-training-guidelines-update-2026/; https://acsm.org/education-resources/trending-topics-resources/physical-activity-guidelines/,"1) Stand or kneel in the low squat position near a wall or chair for support. 2) Brace lightly and focus your eyes on one point. 3) Stay in a comfortable partial squat and take small forward steps. 4) Reach, pass, or move slowly through the named pattern while keeping balance. 5) Return to center, reset, and switch sides when needed.","1) Use a wall or chair until the pattern feels steady. 2) Focus your eyes on one fixed point and move slowly. 3) Stop if you feel sharp pain, numbness, dizziness, or joint pinching.",
Exercise,EX733,Bear Crawl Shoulder Tap,Balance & Coordination,"Core, shoulders, coordination",Intermediate,None,Bear plank,Balance,Common,Hold bear plank and tap one shoulder at a time.,https://www.acefitness.org/resources/everyone/exercise-library/; https://acsm.org/resistance-training-guidelines-update-2026/; https://acsm.org/education-resources/trending-topics-resources/physical-activity-guidelines/,"1) Start on hands and knees with hands under shoulders and knees under hips. 2) Tuck toes and lift knees a few inches from the floor. 3) Hold bear plank and tap one shoulder at a time. 4) Move the hand, foot, or body as named while keeping hips low and steady. 5) Set knees down to rest when your form starts to change.","1) Use a wall or chair until the pattern feels steady. 2) Focus your eyes on one fixed point and move slowly. 3) Stop if you feel sharp pain, numbness, dizziness, or joint pinching.","Bear setup | Adult demonstrating Bear Crawl Shoulder Tap at the bear setup step: shoulders over wrists, hips over knees and flat back. | https://imagedelivery.net/TDuhqfLDl0Fb8RGwGw6mYw/e9692d5f-3e27-4a9e-5f75-3a146e686400/public ;; Shoulder tap | Adult demonstrating Bear Crawl Shoulder Tap at the shoulder tap step: level hips with minimal weight shift and both rear shoes visible. | https://imagedelivery.net/TDuhqfLDl0Fb8RGwGw6mYw/1a080e51-0a26-4511-ebdd-c36d968a0500/public"
Exercise,EX734,Crab March,Balance & Coordination,"Glutes, shoulders, coordination",Intermediate,None,Crab position,Balance,Common,Hold a crab position and lift one foot at a time like a march.,https://www.acefitness.org/resources/everyone/exercise-library/; https://acsm.org/resistance-training-guidelines-update-2026/; https://acsm.org/education-resources/trending-topics-resources/physical-activity-guidelines/,1) Start on hands and feet or hands and knees as needed for the variation. 2) Brace your trunk and keep your neck long. 3) Hold a crab position and lift one foot at a time like a march. 4) Move opposite hand and foot or step through the named crawl pattern. 5) Keep steps small and pause when you need to regain control.,"1) Use a wall or chair until the pattern feels steady. 2) Focus your eyes on one fixed point and move slowly. 3) Stop if you feel sharp pain, numbness, dizziness, or joint pinching.",Crab setup | Adult demonstrating Crab March at the crab setup step: supported crab with chest open and hips hovering. | https://imagedelivery.net/TDuhqfLDl0Fb8RGwGw6mYw/64064e50-d0f3-47a5-5359-5c3dc2780b00/public ;; Left foot lift | Adult demonstrating Crab March at the left foot lift step: small alternating crab march without pelvis dropping. | https://imagedelivery.net/TDuhqfLDl0Fb8RGwGw6mYw/f6c73de0-7779-44fd-3715-8be11346f600/public
Exercise,EX735,Quadruped Crawl Circle,Balance & Coordination,"Core, shoulders, hips",Intermediate,None,Quadruped,Balance,Variant,Crawl hands and knees in a small circle in both directions.,https://www.acefitness.org/resources/everyone/exercise-library/; https://acsm.org/resistance-training-guidelines-update-2026/; https://acsm.org/education-resources/trending-topics-resources/physical-activity-guidelines/,1) Start on hands and feet or hands and knees as needed for the variation. 2) Brace your trunk and keep your neck long. 3) Crawl hands and knees in a small circle in both directions. 4) Move opposite hand and foot or step through the named crawl pattern. 5) Keep steps small and pause when you need to regain control.,"1) Use a wall or chair until the pattern feels steady. 2) Focus your eyes on one fixed point and move slowly. 3) Stop if you feel sharp pain, numbness, dizziness, or joint pinching.",
Exercise,EX736,Mini-Band Balance Walk,Balance & Coordination,"Lateral hips, ankles, balance",Intermediate,Mini band,Standing,Balance,Variant,Take slow mini-band side steps with a pause on one leg between steps.,https://www.acefitness.org/resources/everyone/exercise-library/; https://acsm.org/resistance-training-guidelines-update-2026/; https://acsm.org/education-resources/trending-topics-resources/physical-activity-guidelines/,"1) Stand or kneel in the standing position near a wall or chair for support. 2) Brace lightly and focus your eyes on one point. 3) Take slow mini-band side steps with a pause on one leg between steps. 4) Reach, pass, or move slowly through the named pattern while keeping balance. 5) Return to center, reset, and switch sides when needed.","1) Use a wall or chair until the pattern feels steady. 2) Focus your eyes on one fixed point and move slowly. 3) Use a light band first and make sure it is anchored or held securely before adding tension. 4) Stop if you feel sharp pain, numbness, dizziness, or joint pinching.",
Exercise,EX737,Clock Lunge with Reach,Balance & Coordination,"Quads, glutes, balance",Intermediate,None,Standing,Balance,Variant,Lunge to clock positions while reaching the opposite hand toward the front foot.,https://www.acefitness.org/resources/everyone/exercise-library/; https://acsm.org/resistance-training-guidelines-update-2026/; https://acsm.org/education-resources/trending-topics-resources/physical-activity-guidelines/,"1) Stand tall with feet hip-width apart and brace gently. 2) Start with enough open floor space to move comfortably. 3) Lunge to clock positions while reaching the opposite hand toward the front foot. 4) Lower by bending both knees while keeping the front heel grounded. 5) Press through the front foot to return to the start position, then repeat or switch sides.","1) Use a wall or chair until the pattern feels steady. 2) Focus your eyes on one fixed point and move slowly. 3) Stop if you feel sharp pain, numbness, dizziness, or joint pinching.",
Exercise,EX738,Star Excursion Toe Tap,Balance & Coordination,"Balance, hips, ankles",Intermediate,None,Standing,Balance,Common,Stand on one leg and tap the other foot to several points around you.,https://www.acefitness.org/resources/everyone/exercise-library/; https://acsm.org/resistance-training-guidelines-update-2026/; https://acsm.org/education-resources/trending-topics-resources/physical-activity-guidelines/,"1) Stand or kneel in the standing position near a wall or chair for support. 2) Brace lightly and focus your eyes on one point. 3) Stand on one leg and tap the other foot to several points around you. 4) Reach, pass, or move slowly through the named pattern while keeping balance. 5) Return to center, reset, and switch sides when needed.","1) Use a wall or chair until the pattern feels steady. 2) Focus your eyes on one fixed point and move slowly. 3) Stop if you feel sharp pain, numbness, dizziness, or joint pinching.",Single-leg setup | Adult demonstrating Star Excursion Toe Tap at the single-leg setup step: balance over the left midfoot. | https://imagedelivery.net/TDuhqfLDl0Fb8RGwGw6mYw/455707a3-55ea-491e-93a8-f4cea89ca600/public ;; Side toe tap | Adult demonstrating Star Excursion Toe Tap at the side toe tap step: left leg visibly carries body weight. | https://imagedelivery.net/TDuhqfLDl0Fb8RGwGw6mYw/db9c2cd0-ee7b-433d-5b45-46aae847c500/public ;; Rear-diagonal toe tap | Adult demonstrating Star Excursion Toe Tap at the rear-diagonal toe tap step: long controlled diagonal reach. | https://imagedelivery.net/TDuhqfLDl0Fb8RGwGw6mYw/27f115bd-aad9-4f05-cf92-c6e0c43a4b00/public
Exercise,EX739,Reverse Lunge to Single-Leg Hold,Balance & Coordination,"Quads, glutes, balance",Intermediate,None,Standing,Balance,Common,"Step back into a lunge, then drive up to a one-leg hold.",https://www.acefitness.org/resources/everyone/exercise-library/; https://acsm.org/resistance-training-guidelines-update-2026/; https://acsm.org/education-resources/trending-topics-resources/physical-activity-guidelines/,"1) Stand tall with feet hip-width apart and brace gently. 2) Start with enough open floor space to move comfortably. 3) Step back into a lunge, then drive up to a one-leg hold. 4) Lower by bending both knees while keeping the front heel grounded. 5) Press through the front foot to return to the start position, then repeat or switch sides.","1) Use a wall or chair until the pattern feels steady. 2) Focus your eyes on one fixed point and move slowly. 3) Stop if you feel sharp pain, numbness, dizziness, or joint pinching.","Lunge bottom | Adult demonstrating Reverse Lunge to Single-Leg Hold at the lunge bottom step: right knee stacked over mid-foot, left knee hovering, back heel raised, torso tall. | https://imagedelivery.net/TDuhqfLDl0Fb8RGwGw6mYw/fe2fa841-4e84-4362-0f05-9ccbc9595700/public ;; Single-leg hold | Adult demonstrating Reverse Lunge to Single-Leg Hold at the single-leg hold step: torso tall, pelvis level, lifted knee about 90 degrees, lifted shoe fully clear of floor. | https://imagedelivery.net/TDuhqfLDl0Fb8RGwGw6mYw/502932e9-6125-4d33-8dea-471230a7ee00/public"
Exercise,EX740,Step-Down to Balance,Balance & Coordination,"Quads, glutes, ankles",Intermediate,Low step,Standing,Balance,Common,Step down slowly from a low step and finish balanced on one leg.,https://www.acefitness.org/resources/everyone/exercise-library/; https://acsm.org/resistance-training-guidelines-update-2026/; https://acsm.org/education-resources/trending-topics-resources/physical-activity-guidelines/,"1) Stand facing a low, stable step or stair. 2) Place one whole foot on the step and brace your trunk. 3) Step down slowly from a low step and finish balanced on one leg. 4) Drive through the foot on the step to rise with control. 5) Step down softly and repeat on the same side or alternate sides.","1) Use a wall or chair until the pattern feels steady. 2) Focus your eyes on one fixed point and move slowly. 3) Use only a stable surface that will not slide, tip, or open unexpectedly. 4) Stop if you feel sharp pain, numbness, dizziness, or joint pinching.",On step | Adult demonstrating Step-Down to Balance at the on step step: centered stable starting stance on the step. | https://imagedelivery.net/TDuhqfLDl0Fb8RGwGw6mYw/3f2e3347-dd95-4452-b8fa-bb85cb0f8b00/public ;; Balance finish | Adult demonstrating Step-Down to Balance at the balance finish step: unambiguous one-leg balance finish. | https://imagedelivery.net/TDuhqfLDl0Fb8RGwGw6mYw/fbf70a96-7fb7-4dc8-e2f1-3384ee77da00/public
Exercise,EX741,Farmer March with Backpack,Balance & Coordination,"Grip, trunk, hip flexors",Beginner,Backpack,Standing,Strength,Common,Hold a backpack at one or both sides and march in place.,https://www.acefitness.org/resources/everyone/exercise-library/; https://acsm.org/resistance-training-guidelines-update-2026/; https://acsm.org/education-resources/trending-topics-resources/physical-activity-guidelines/,"1) Stand tall in the stance named by the exercise, with feet planted and ribs stacked over hips. 2) Brace gently and keep shoulders level. 3) Hold a backpack at one or both sides and march in place. 4) March, hold, or step in place while keeping posture steady. 5) Set the load down safely and switch sides when needed.","1) Use a wall or chair until the pattern feels steady. 2) Focus your eyes on one fixed point and move slowly. 3) Choose a light load first and make sure lids, straps, and zippers are secure. 4) Stop if you feel sharp pain, numbness, dizziness, or joint pinching.",Loaded standing setup | Adult demonstrating Farmer March with Backpack at the loaded standing setup step: no lean away from the load. | https://imagedelivery.net/TDuhqfLDl0Fb8RGwGw6mYw/97a6c055-fe41-4961-0d2a-72ffd371ca00/public ;; Opposite-knee march | Adult demonstrating Farmer March with Backpack at the opposite-knee march step: tall anti-lean march. | https://imagedelivery.net/TDuhqfLDl0Fb8RGwGw6mYw/5f328f4c-3250-4f9a-9cb6-fce8825abc00/public
Exercise,EX742,Front Rack Backpack Hold,Balance & Coordination,"Trunk, shoulders, legs",Beginner,Backpack,Standing,Strength,Variant,Hold a backpack high at the chest while standing tall.,https://www.acefitness.org/resources/everyone/exercise-library/; https://acsm.org/resistance-training-guidelines-update-2026/; https://acsm.org/education-resources/trending-topics-resources/physical-activity-guidelines/,"1) Stand tall in the stance named by the exercise, with feet planted and ribs stacked over hips. 2) Brace gently and keep shoulders level. 3) Hold a backpack high at the chest while standing tall. 4) March, hold, or step in place while keeping posture steady. 5) Set the load down safely and switch sides when needed.","1) Use a wall or chair until the pattern feels steady. 2) Focus your eyes on one fixed point and move slowly. 3) Choose a light load first and make sure lids, straps, and zippers are secure. 4) Stop if you feel sharp pain, numbness, dizziness, or joint pinching.",
Exercise,EX743,Overhead Bottle Carry in Place,Balance & Coordination,"Shoulders, trunk, balance",Intermediate,Water bottles,Standing,Strength,Variant,Hold light bottles overhead and march in place.,https://www.acefitness.org/resources/everyone/exercise-library/; https://acsm.org/resistance-training-guidelines-update-2026/; https://acsm.org/education-resources/trending-topics-resources/physical-activity-guidelines/,"1) Stand tall in the stance named by the exercise, with feet planted and ribs stacked over hips. 2) Brace gently and keep shoulders level. 3) Hold light bottles overhead and march in place. 4) March, hold, or step in place while keeping posture steady. 5) Set the load down safely and switch sides when needed.","1) Use a wall or chair until the pattern feels steady. 2) Focus your eyes on one fixed point and move slowly. 3) Choose a light load first and make sure lids, straps, and zippers are secure. 4) Stop if you feel sharp pain, numbness, dizziness, or joint pinching.",
Exercise,EX744,Suitcase Hold with Side Bend Resist,Balance & Coordination,"Obliques, grip, posture",Beginner,Backpack,Standing,Strength,Variant,Hold a backpack at one side and resist leaning toward it.,https://www.acefitness.org/resources/everyone/exercise-library/; https://acsm.org/resistance-training-guidelines-update-2026/; https://acsm.org/education-resources/trending-topics-resources/physical-activity-guidelines/,"1) Stand tall in the stance named by the exercise, with feet planted and ribs stacked over hips. 2) Brace gently and keep shoulders level. 3) Hold a backpack at one side and resist leaning toward it. 4) March, hold, or step in place while keeping posture steady. 5) Set the load down safely and switch sides when needed.","1) Use a wall or chair until the pattern feels steady. 2) Focus your eyes on one fixed point and move slowly. 3) Choose a light load first and make sure lids, straps, and zippers are secure. 4) Stop if you feel sharp pain, numbness, dizziness, or joint pinching.",
Exercise,EX745,Standing March with Opposite Press,Balance & Coordination,"Core, shoulders, hip flexors",Beginner,Water bottle,Standing,Balance,Variant,March while pressing a bottle forward with the opposite hand.,https://www.acefitness.org/resources/everyone/exercise-library/; https://acsm.org/resistance-training-guidelines-update-2026/; https://acsm.org/education-resources/trending-topics-resources/physical-activity-guidelines/,"1) Stand or kneel in the standing position near a wall or chair for support. 2) Brace lightly and focus your eyes on one point. 3) March while pressing a bottle forward with the opposite hand. 4) Reach, pass, or move slowly through the named pattern while keeping balance. 5) Return to center, reset, and switch sides when needed.","1) Use a wall or chair until the pattern feels steady. 2) Focus your eyes on one fixed point and move slowly. 3) Choose a light load first and make sure lids, straps, and zippers are secure. 4) Stop if you feel sharp pain, numbness, dizziness, or joint pinching.",
Exercise,EX746,Seated Posture Pull-Apart,Balance & Coordination,"Upper back, shoulders, posture",Beginner,Resistance band and chair,Seated,Strength,Common,Sit tall and pull a light band apart to train posture.,https://www.acefitness.org/resources/everyone/exercise-library/; https://acsm.org/resistance-training-guidelines-update-2026/; https://acsm.org/education-resources/trending-topics-resources/physical-activity-guidelines/,"1) Sit tall near the front of a sturdy chair with feet flat. 2) Loop or anchor the band securely, start with light tension, and keep the band path clear. 3) Sit tall and pull a light band apart to train posture. 4) Move arms or shoulders through the named pattern while keeping ribs down. 5) Return to the start and repeat without leaning back.","1) Use a wall or chair until the pattern feels steady. 2) Focus your eyes on one fixed point and move slowly. 3) Use only a stable surface that will not slide, tip, or open unexpectedly. 4) Stop if you feel sharp pain, numbness, dizziness, or joint pinching.","Seated start | Adult demonstrating Seated Posture Pull-Apart at the seated start step: Moving limbs: none. Stable regions: feet flat, pelvis supported and torso tall. Both arms reach forward with hands shoulder-width and one lightly tensioned band between them. Camera: direct three-quarter front. Must not show: slumped posture, hidden hand, extra band, crossed band or cropped foot. | https://imagedelivery.net/TDuhqfLDl0Fb8RGwGw6mYw/640d455b-fd81-4186-53bb-f2373a462500/public ;; Band apart | Adult demonstrating Seated Posture Pull-Apart at the band apart step: elbows soft, shoulders down, shoulder blades gently together. | https://imagedelivery.net/TDuhqfLDl0Fb8RGwGw6mYw/ce2c439c-eb19-4f79-e55c-09cc02d9db00/public"
Exercise,EX747,Front-Foot Elevated Split Squat Pulse,Lower Body Strength,"Quads, glutes, hip flexors",Intermediate,Low step or book,Standing,Strength,Variant,Place the front foot on a low elevation and make small controlled split-squat pulses.,https://www.acefitness.org/resources/everyone/exercise-library/; https://acsm.org/resistance-training-guidelines-update-2026/; https://acsm.org/education-resources/trending-topics-resources/physical-activity-guidelines/,"1) Stand tall with feet hip-width apart and brace gently. 2) Use a low, stable step or stair and keep the whole working foot supported. 3) Place the front foot on a low elevation and make small controlled split-squat pulses. 4) Lower by bending both knees while keeping the front heel grounded. 5) Press through the front foot to return to the start position, then repeat or switch sides.","1) Keep knees tracking the same direction as your toes. 2) Use your whole foot instead of rolling onto toes or collapsing arches. 3) Use only a stable surface that will not slide, tip, or open unexpectedly. 4) Stop if you feel sharp pain, numbness, dizziness, or joint pinching.",
Exercise,EX748,Suitcase Backpack Romanian Deadlift,Glutes & Hips,"Hamstrings, glutes, grip, trunk",Intermediate,Backpack,Standing,Strength,Variant,Hold a backpack in one hand and hinge while resisting side bending.,https://www.acefitness.org/resources/everyone/exercise-library/; https://acsm.org/resistance-training-guidelines-update-2026/; https://acsm.org/education-resources/trending-topics-resources/physical-activity-guidelines/,"1) Stand with feet about hip-width apart and knees softly bent. 2) Load the backpack lightly, close all zippers, and hold or wear it securely before the first rep. 3) Hold a backpack in one hand and hinge while resisting side bending. 4) Push your hips back as your torso tips forward with a long spine. 5) Stop when you feel tension through the glutes or hamstrings, then drive hips forward to stand tall.","1) Keep ribs and pelvis stacked so the low back does not take over. 2) Move from the hips and pause where you feel the glutes or hamstrings working. 3) Choose a light load first and make sure lids, straps, and zippers are secure. 4) Stop if you feel sharp pain, numbness, dizziness, or joint pinching.",
Exercise,EX749,Band-Resisted Hip Hinge,Glutes & Hips,"Glutes, hamstrings, trunk",Intermediate,Resistance band,Standing,Strength,Variant,Use a band around the hips to practice driving the hips back and forward.,https://www.acefitness.org/resources/everyone/exercise-library/; https://acsm.org/resistance-training-guidelines-update-2026/; https://acsm.org/education-resources/trending-topics-resources/physical-activity-guidelines/,"1) Stand with feet about hip-width apart and knees softly bent. 2) Loop or anchor the band securely, start with light tension, and keep the band path clear. 3) Use a band around the hips to practice driving the hips back and forward. 4) Push your hips back as your torso tips forward with a long spine. 5) Stop when you feel tension through the glutes or hamstrings, then drive hips forward to stand tall.","1) Keep ribs and pelvis stacked so the low back does not take over. 2) Move from the hips and pause where you feel the glutes or hamstrings working. 3) Use a light band first and make sure it is anchored or held securely before adding tension. 4) Stop if you feel sharp pain, numbness, dizziness, or joint pinching.",
Exercise,EX750,Half-Kneeling Pallof Press Iso Hold,Core & Trunk,"Obliques, glutes, deep core",Intermediate,Resistance band,Half-kneeling,Strength,Variant,Press a band straight out from half-kneeling and hold the extended position.,https://www.acefitness.org/resources/everyone/exercise-library/; https://acsm.org/resistance-training-guidelines-update-2026/; https://acsm.org/education-resources/trending-topics-resources/physical-activity-guidelines/,"1) Anchor or hold the band at about chest height and stand, sit, or kneel sideways to the anchor. 2) Hold the band at your chest with both hands and brace lightly. 3) Press a band straight out from half-kneeling and hold the extended position. 4) Press your hands straight out while resisting the band pulling you into rotation. 5) Bring hands back to your chest and repeat before switching sides.","1) Choose a range where your low back and ribs stay controlled. 2) Move slowly enough that your hips and shoulders do not wobble. 3) Use a light band first and make sure it is anchored or held securely before adding tension. 4) Stop if you feel sharp pain, numbness, dizziness, or joint pinching.",
Stretch/Mobility,ST501,Supine Towel Chin Nod,Neck & Upper Traps,"Deep neck flexors, upper neck",Beginner,Towel,Supine,Mobility,Variant,Place a small towel under the neck and gently nod the chin as if saying yes.,https://www.mayoclinic.org/healthy-lifestyle/fitness/in-depth/stretching/art-20047931; https://www.mayoclinic.org/healthy-lifestyle/fitness/in-depth/stretching/art-20546848; https://www.nhs.uk/live-well/exercise/flexibility-exercises/; https://www.acefitness.org/resources/everyone/exercise-library/,"1) Lie on your back with the head supported and shoulders relaxed. 2) Place a small towel under the neck and gently nod the chin as if saying yes. 3) Move only until you feel a gentle stretch, not a pinch. 4) Hold for several slow breaths, then return to center. 5) Repeat on the other side if the stretch is one-sided.",1) Keep the jaw and shoulders relaxed so the neck does not tense up. 2) Keep the stretch gentle and slow. 3) Do not bounce or force the end range. 4) Breathe steadily and aim for a mild pull rather than pain. 5) Keep the towel loose enough to guide the stretch or tension without forcing the joint. 6) Warm up first or do these after activity if holding a longer static stretch.,
Stretch/Mobility,ST502,Seated Chin Tuck with Side Bend,Neck & Upper Traps,"Neck, upper traps",Beginner,None,Seated,Mobility,Variant,"Tuck the chin slightly, then tilt one ear toward the shoulder.",https://www.mayoclinic.org/healthy-lifestyle/fitness/in-depth/stretching/art-20047931; https://www.mayoclinic.org/healthy-lifestyle/fitness/in-depth/stretching/art-20546848; https://www.nhs.uk/live-well/exercise/flexibility-exercises/; https://www.acefitness.org/resources/everyone/exercise-library/,"1) Sit or stand tall with shoulders relaxed, jaw soft, and eyes forward. 2) Tuck the chin slightly, then tilt one ear toward the shoulder. 3) Move only until you feel a gentle stretch, not a pinch. 4) Hold for several slow breaths, then return to center. 5) Repeat on the other side if the stretch is one-sided.",1) Keep the jaw and shoulders relaxed so the neck does not tense up. 2) Keep the stretch gentle and slow. 3) Do not bounce or force the end range. 4) Breathe steadily and aim for a mild pull rather than pain. 5) Warm up first or do these after activity if holding a longer static stretch.,
Stretch/Mobility,ST503,Seated Chin Tuck with Rotation,Neck & Upper Traps,"Neck, upper traps",Beginner,None,Seated,Mobility,Variant,"Tuck the chin slightly, then rotate the head side to side.",https://www.mayoclinic.org/healthy-lifestyle/fitness/in-depth/stretching/art-20047931; https://www.mayoclinic.org/healthy-lifestyle/fitness/in-depth/stretching/art-20546848; https://www.nhs.uk/live-well/exercise/flexibility-exercises/; https://www.acefitness.org/resources/everyone/exercise-library/,"1) Sit or stand tall with shoulders relaxed, jaw soft, and eyes forward. 2) Tuck the chin slightly, then rotate the head side to side. 3) Move only until you feel a gentle stretch, not a pinch. 4) Hold for several slow breaths, then return to center. 5) Repeat on the other side if the stretch is one-sided.",1) Keep the jaw and shoulders relaxed so the neck does not tense up. 2) Keep the stretch gentle and slow. 3) Do not bounce or force the end range. 4) Breathe steadily and aim for a mild pull rather than pain. 5) Warm up first or do these after activity if holding a longer static stretch.,
Stretch/Mobility,ST504,Wall Chin Tuck with Arm Slide,Neck & Upper Traps,"Neck posture, shoulders",Beginner,Wall,Standing,Mobility,Variant,Hold a light chin tuck at the wall while sliding the arms upward.,https://www.mayoclinic.org/healthy-lifestyle/fitness/in-depth/stretching/art-20047931; https://www.mayoclinic.org/healthy-lifestyle/fitness/in-depth/stretching/art-20546848; https://www.nhs.uk/live-well/exercise/flexibility-exercises/; https://www.acefitness.org/resources/everyone/exercise-library/,"1) Stand with your back or side near a wall and keep the neck long. 2) Hold a light chin tuck at the wall while sliding the arms upward. 3) Move only until you feel a gentle stretch, not a pinch. 4) Hold for several slow breaths, then return to center. 5) Repeat on the other side if the stretch is one-sided.","1) Keep the jaw and shoulders relaxed so the neck does not tense up. 2) Keep the stretch gentle and slow. 3) Do not bounce or force the end range. 4) Breathe steadily and aim for a mild pull rather than pain. 5) Stand close enough to control the movement without jamming your wrists, shoulders, or back. 6) Warm up first or do these after activity if holding a longer static stretch.",
Stretch/Mobility,ST505,Doorway Neck Side Bend Stretch,Neck & Upper Traps,"Upper traps, side neck",Beginner,Doorframe,Standing,Static stretch,Variant,Hold a doorway lightly with one hand and tilt the head away.,https://www.mayoclinic.org/healthy-lifestyle/fitness/in-depth/stretching/art-20047931; https://www.mayoclinic.org/healthy-lifestyle/fitness/in-depth/stretching/art-20546848; https://www.nhs.uk/live-well/exercise/flexibility-exercises/; https://www.acefitness.org/resources/everyone/exercise-library/,"1) Sit or stand tall with shoulders relaxed, jaw soft, and eyes forward. 2) Hold a doorway lightly with one hand and tilt the head away. 3) Move only until you feel a gentle stretch, not a pinch. 4) Hold for several slow breaths, then return to center. 5) Repeat on the other side if the stretch is one-sided.",1) Keep the jaw and shoulders relaxed so the neck does not tense up. 2) Keep the stretch gentle and slow. 3) Do not bounce or force the end range. 4) Breathe steadily and aim for a mild pull rather than pain. 5) Warm up first or do these after activity if holding a longer static stretch.,
Stretch/Mobility,ST506,Shoulder-Blade Anchor Neck Stretch,Neck & Upper Traps,"Upper traps, side neck",Beginner,Chair,Seated,Static stretch,Common,Hold the chair edge to anchor one shoulder while tilting the head away.,https://www.mayoclinic.org/healthy-lifestyle/fitness/in-depth/stretching/art-20047931; https://www.mayoclinic.org/healthy-lifestyle/fitness/in-depth/stretching/art-20546848; https://www.nhs.uk/live-well/exercise/flexibility-exercises/; https://www.acefitness.org/resources/everyone/exercise-library/,"1) Sit or stand tall with shoulders relaxed, jaw soft, and eyes forward. 2) Hold the chair edge to anchor one shoulder while tilting the head away. 3) Move only until you feel a gentle stretch, not a pinch. 4) Hold for several slow breaths, then return to center. 5) Repeat on the other side if the stretch is one-sided.","1) Keep the jaw and shoulders relaxed so the neck does not tense up. 2) Keep the stretch gentle and slow. 3) Do not bounce or force the end range. 4) Breathe steadily and aim for a mild pull rather than pain. 5) Use only a stable surface that will not slide, tip, or open unexpectedly. 6) Warm up first or do these after activity if holding a longer static stretch.",
Stretch/Mobility,ST507,Collarbone Neck Stretch,Neck & Upper Traps,Front/side neck,Beginner,None,Seated or standing,Static stretch,Variant,Gently lift the chest and turn the head away from the collarbone area being stretched.,https://www.mayoclinic.org/healthy-lifestyle/fitness/in-depth/stretching/art-20047931; https://www.mayoclinic.org/healthy-lifestyle/fitness/in-depth/stretching/art-20546848; https://www.nhs.uk/live-well/exercise/flexibility-exercises/; https://www.acefitness.org/resources/everyone/exercise-library/,"1) Sit or stand tall with shoulders relaxed, jaw soft, and eyes forward. 2) Gently lift the chest and turn the head away from the collarbone area being stretched. 3) Move only until you feel a gentle stretch, not a pinch. 4) Hold for several slow breaths, then return to center. 5) Repeat on the other side if the stretch is one-sided.",1) Keep the jaw and shoulders relaxed so the neck does not tense up. 2) Keep the stretch gentle and slow. 3) Do not bounce or force the end range. 4) Breathe steadily and aim for a mild pull rather than pain. 5) Warm up first or do these after activity if holding a longer static stretch.,
Stretch/Mobility,ST508,Sternum-Lift Neck Extension,Neck & Upper Traps,"Front neck, throat area",Beginner,None,Seated or standing,Mobility,Variant,"Lift the sternum first, then let the chin angle upward slightly.",https://www.mayoclinic.org/healthy-lifestyle/fitness/in-depth/stretching/art-20047931; https://www.mayoclinic.org/healthy-lifestyle/fitness/in-depth/stretching/art-20546848; https://www.nhs.uk/live-well/exercise/flexibility-exercises/; https://www.acefitness.org/resources/everyone/exercise-library/,"1) Sit or stand tall with shoulders relaxed, jaw soft, and eyes forward. 2) Lift the sternum first, then let the chin angle upward slightly. 3) Move only until you feel a gentle stretch, not a pinch. 4) Hold for several slow breaths, then return to center. 5) Repeat on the other side if the stretch is one-sided.",1) Keep the jaw and shoulders relaxed so the neck does not tense up. 2) Keep the stretch gentle and slow. 3) Do not bounce or force the end range. 4) Breathe steadily and aim for a mild pull rather than pain. 5) Warm up first or do these after activity if holding a longer static stretch.,
Stretch/Mobility,ST509,Supported Neck Rotation on Pillow,Neck & Upper Traps,Neck rotators,Beginner,Pillow,Supine,Mobility,Common,Rest the head on a pillow and slowly turn the head side to side.,https://www.mayoclinic.org/healthy-lifestyle/fitness/in-depth/stretching/art-20047931; https://www.mayoclinic.org/healthy-lifestyle/fitness/in-depth/stretching/art-20546848; https://www.nhs.uk/live-well/exercise/flexibility-exercises/; https://www.acefitness.org/resources/everyone/exercise-library/,"1) Lie on your back with the head supported and shoulders relaxed. 2) Rest the head on a pillow and slowly turn the head side to side. 3) Move only until you feel a gentle stretch, not a pinch. 4) Hold for several slow breaths, then return to center. 5) Repeat on the other side if the stretch is one-sided.",1) Keep the jaw and shoulders relaxed so the neck does not tense up. 2) Keep the stretch gentle and slow. 3) Do not bounce or force the end range. 4) Breathe steadily and aim for a mild pull rather than pain. 5) Warm up first or do these after activity if holding a longer static stretch.,"Neutral supported | Adult demonstrating Supported Neck Rotation on Pillow at the neutral supported step: Back of head is centered on one low pillow with nose pointing straight up, chin level, jaw soft, and both shoulders equally relaxed. Camera: oblique overhead from above the feet; anatomical right viewer-left. Must not show head rotation, side bend, raised shoulders, side-lying body, or malformed neck. | https://imagedelivery.net/TDuhqfLDl0Fb8RGwGw6mYw/d7f8e44d-6ae9-4139-13fe-efbbf49cb400/public ;; Turn right | Adult demonstrating Supported Neck Rotation on Pillow at the turn right step: Head rotates gently toward anatomical right, which is viewer-left; nose and chin point viewer-left while skull remains supported and both shoulders stay heavy. Camera: unchanged overhead from feet. Must not show viewer-right rotation, side bend, lifted shoulder, forced range, or distorted neck. | https://imagedelivery.net/TDuhqfLDl0Fb8RGwGw6mYw/2c2fe981-b1a9-4876-4abe-d78479907a00/public ;; Turn left | Adult demonstrating Supported Neck Rotation on Pillow at the turn left step: Head rotates gently toward anatomical left, which is viewer-right; nose and chin point viewer-right while skull remains supported and both shoulders stay heavy. Camera: unchanged overhead from feet. Must not show viewer-left rotation, side bend, lifted shoulder, forced range, or distorted neck. | https://imagedelivery.net/TDuhqfLDl0Fb8RGwGw6mYw/bd8715fc-34bf-4de3-9a27-fcf77199af00/public"
Stretch/Mobility,ST510,Lying Head Turn with Breath,Neck & Upper Traps,"Neck rotators, upper traps",Beginner,None,Supine,Mobility,Common,Lie on your back and match slow head turns with slow breathing.,https://www.mayoclinic.org/healthy-lifestyle/fitness/in-depth/stretching/art-20047931; https://www.mayoclinic.org/healthy-lifestyle/fitness/in-depth/stretching/art-20546848; https://www.nhs.uk/live-well/exercise/flexibility-exercises/; https://www.acefitness.org/resources/everyone/exercise-library/,"1) Lie on your back with the head supported and shoulders relaxed. 2) Lie on your back and match slow head turns with slow breathing. 3) Move only until you feel a gentle stretch, not a pinch. 4) Hold for several slow breaths, then return to center. 5) Repeat on the other side if the stretch is one-sided.",1) Keep the jaw and shoulders relaxed so the neck does not tense up. 2) Keep the stretch gentle and slow. 3) Do not bounce or force the end range. 4) Breathe steadily and aim for a mild pull rather than pain. 5) Warm up first or do these after activity if holding a longer static stretch.,Centered | Adult demonstrating Lying Head Turn with Breath at the centered step: neutral head position with jaw relaxed. | https://imagedelivery.net/TDuhqfLDl0Fb8RGwGw6mYw/a963c144-3b09-4bb7-abd7-5b5899bb7f00/public ;; Head turn | Adult demonstrating Lying Head Turn with Breath at the head turn step: small comfortable cervical rotation paired with subtle slow-breath arrows at lower ribs. | https://imagedelivery.net/TDuhqfLDl0Fb8RGwGw6mYw/607aae63-ed65-4dae-d919-561d9a6ed800/public
Stretch/Mobility,ST511,Seated Neck Rotation with Eye Gaze,Neck & Upper Traps,"Neck rotators, eye-neck coordination",Beginner,None,Seated,Mobility,Variant,"Move the eyes first, then gently turn the head in the same direction.",https://www.mayoclinic.org/healthy-lifestyle/fitness/in-depth/stretching/art-20047931; https://www.mayoclinic.org/healthy-lifestyle/fitness/in-depth/stretching/art-20546848; https://www.nhs.uk/live-well/exercise/flexibility-exercises/; https://www.acefitness.org/resources/everyone/exercise-library/,"1) Sit or stand tall with shoulders relaxed, jaw soft, and eyes forward. 2) Move the eyes first, then gently turn the head in the same direction. 3) Move only until you feel a gentle stretch, not a pinch. 4) Hold for several slow breaths, then return to center. 5) Repeat on the other side if the stretch is one-sided.",1) Keep the jaw and shoulders relaxed so the neck does not tense up. 2) Keep the stretch gentle and slow. 3) Do not bounce or force the end range. 4) Breathe steadily and aim for a mild pull rather than pain. 5) Warm up first or do these after activity if holding a longer static stretch.,
Stretch/Mobility,ST512,Upper Trap Stretch with Wrist Hold,Neck & Upper Traps,"Upper traps, side neck",Beginner,None,Seated or standing,Static stretch,Common,Hold one wrist behind your back and tilt the head away from that side.,https://www.mayoclinic.org/healthy-lifestyle/fitness/in-depth/stretching/art-20047931; https://www.mayoclinic.org/healthy-lifestyle/fitness/in-depth/stretching/art-20546848; https://www.nhs.uk/live-well/exercise/flexibility-exercises/; https://www.acefitness.org/resources/everyone/exercise-library/,"1) Sit or stand tall with shoulders relaxed, jaw soft, and eyes forward. 2) Hold one wrist behind your back and tilt the head away from that side. 3) Move only until you feel a gentle stretch, not a pinch. 4) Hold for several slow breaths, then return to center. 5) Repeat on the other side if the stretch is one-sided.",1) Keep the jaw and shoulders relaxed so the neck does not tense up. 2) Keep the stretch gentle and slow. 3) Do not bounce or force the end range. 4) Breathe steadily and aim for a mild pull rather than pain. 5) Warm up first or do these after activity if holding a longer static stretch.,Wrist-hold setup | Adult demonstrating Upper Trap Stretch with Wrist Hold at the wrist-hold setup step: gentle behind-back wrist hold before tilting. | https://imagedelivery.net/TDuhqfLDl0Fb8RGwGw6mYw/1def76b3-a263-4930-5877-f4454e303000/public ;; Head tilt | Adult demonstrating Upper Trap Stretch with Wrist Hold at the head tilt step: mild right upper-trap stretch without rotation. | https://imagedelivery.net/TDuhqfLDl0Fb8RGwGw6mYw/0b8483d8-7109-4390-785b-1bdf8aabd100/public
Stretch/Mobility,ST513,Levator Stretch with Hand Behind Back,Neck & Upper Traps,"Levator scapulae, upper traps",Beginner,None,Seated or standing,Static stretch,Common,Place one hand behind the back and look down toward the opposite armpit.,https://www.mayoclinic.org/healthy-lifestyle/fitness/in-depth/stretching/art-20047931; https://www.mayoclinic.org/healthy-lifestyle/fitness/in-depth/stretching/art-20546848; https://www.nhs.uk/live-well/exercise/flexibility-exercises/; https://www.acefitness.org/resources/everyone/exercise-library/,"1) Sit or stand tall with shoulders relaxed, jaw soft, and eyes forward. 2) Place one hand behind the back and look down toward the opposite armpit. 3) Move only until you feel a gentle stretch, not a pinch. 4) Hold for several slow breaths, then return to center. 5) Repeat on the other side if the stretch is one-sided.",1) Keep the jaw and shoulders relaxed so the neck does not tense up. 2) Keep the stretch gentle and slow. 3) Do not bounce or force the end range. 4) Breathe steadily and aim for a mild pull rather than pain. 5) Warm up first or do these after activity if holding a longer static stretch.,"Hand-behind setup | Adult demonstrating Levator Stretch with Hand Behind Back at the hand-behind setup step: right hand remains visibly peeking beside torso and right shoulder stays depressed. | https://imagedelivery.net/TDuhqfLDl0Fb8RGwGw6mYw/23da16ad-c13c-4ec8-6015-25245c880700/public ;; Levator hold | Adult demonstrating Levator Stretch with Hand Behind Back at the levator hold step: Moving regions: head rotates about 45 degrees toward anatomical left/image-right and nods diagonally toward that armpit; left hand guides gently from above. Stable regions: right arm stays behind back, right shoulder depressed and torso upright. Camera unchanged. Must not show: straight-down chin tuck, trunk lean, forceful pull, missing behind-back hand or shoulder shrug. | https://imagedelivery.net/TDuhqfLDl0Fb8RGwGw6mYw/0f1b699a-ad3a-48c3-ad1b-2c3fa613a200/public"
Stretch/Mobility,ST514,Gentle Neck Traction with Towel,Neck & Upper Traps,"Upper neck, suboccipitals",Beginner,Towel,Supine or seated,Mobility,Variant,Use a towel to support the skull and create a very light upward lengthening.,https://www.mayoclinic.org/healthy-lifestyle/fitness/in-depth/stretching/art-20047931; https://www.mayoclinic.org/healthy-lifestyle/fitness/in-depth/stretching/art-20546848; https://www.nhs.uk/live-well/exercise/flexibility-exercises/; https://www.acefitness.org/resources/everyone/exercise-library/,"1) Lie on your back with the head supported and shoulders relaxed. 2) Use a towel to support the skull and create a very light upward lengthening. 3) Move only until you feel a gentle stretch, not a pinch. 4) Hold for several slow breaths, then return to center. 5) Repeat on the other side if the stretch is one-sided.",1) Keep the jaw and shoulders relaxed so the neck does not tense up. 2) Keep the stretch gentle and slow. 3) Do not bounce or force the end range. 4) Breathe steadily and aim for a mild pull rather than pain. 5) Keep the towel loose enough to guide the stretch or tension without forcing the joint. 6) Warm up first or do these after activity if holding a longer static stretch.,
Stretch/Mobility,ST515,Neck Retraction Hold,Neck & Upper Traps,"Deep neck flexors, posture",Beginner,None,Seated or standing,Mobility,Common,Glide the head straight back and hold a long-neck position briefly.,https://www.mayoclinic.org/healthy-lifestyle/fitness/in-depth/stretching/art-20047931; https://www.mayoclinic.org/healthy-lifestyle/fitness/in-depth/stretching/art-20546848; https://www.nhs.uk/live-well/exercise/flexibility-exercises/; https://www.acefitness.org/resources/everyone/exercise-library/,"1) Sit or stand tall with shoulders relaxed, jaw soft, and eyes forward. 2) Glide the head straight back and hold a long-neck position briefly. 3) Move only until you feel a gentle stretch, not a pinch. 4) Hold for several slow breaths, then return to center. 5) Repeat on the other side if the stretch is one-sided.",1) Keep the jaw and shoulders relaxed so the neck does not tense up. 2) Keep the stretch gentle and slow. 3) Do not bounce or force the end range. 4) Breathe steadily and aim for a mild pull rather than pain. 5) Warm up first or do these after activity if holding a longer static stretch.,"Neutral | Adult demonstrating Neck Retraction Hold at the neutral step: Neutral head; no glide yet; cervical spine long; shoulders down. Must not show chin lifted or tucked, forward-head exaggeration, hand pressure, wall, missing neck. | https://imagedelivery.net/TDuhqfLDl0Fb8RGwGw6mYw/18a6098c-3390-4445-2a5d-93277ab63300/public ;; Retraction hold | Adult demonstrating Neck Retraction Hold at the retraction hold step: gentle retraction, not flexion. Must not show chin down to chest, head tilt, neck extension, shrugging, hand pressure. | https://imagedelivery.net/TDuhqfLDl0Fb8RGwGw6mYw/b4f86613-b204-4e84-6044-37eb67f4eb00/public"
Stretch/Mobility,ST516,Long-Neck Side Reach,Neck & Upper Traps,"Side neck, upper traps",Beginner,None,Standing,Dynamic stretch,Variant,Reach one arm down as the crown of the head lengthens up and slightly away.,https://www.mayoclinic.org/healthy-lifestyle/fitness/in-depth/stretching/art-20047931; https://www.mayoclinic.org/healthy-lifestyle/fitness/in-depth/stretching/art-20546848; https://www.nhs.uk/live-well/exercise/flexibility-exercises/; https://www.acefitness.org/resources/everyone/exercise-library/,"1) Sit or stand tall with shoulders relaxed, jaw soft, and eyes forward. 2) Reach one arm down as the crown of the head lengthens up and slightly away. 3) Move only until you feel a gentle stretch, not a pinch. 4) Hold for several slow breaths, then return to center. 5) Repeat on the other side if the stretch is one-sided.",1) Keep the jaw and shoulders relaxed so the neck does not tense up. 2) Keep the stretch gentle and slow. 3) Do not bounce or force the end range. 4) Breathe steadily and aim for a mild pull rather than pain. 5) Warm up first or do these after activity if holding a longer static stretch.,
Stretch/Mobility,ST517,Neck Flexion with Shoulder Roll,Neck & Upper Traps,"Posterior neck, upper traps",Beginner,None,Seated or standing,Mobility,Variant,"Lower the chin slightly, then roll the shoulders slowly while the neck stays relaxed.",https://www.mayoclinic.org/healthy-lifestyle/fitness/in-depth/stretching/art-20047931; https://www.mayoclinic.org/healthy-lifestyle/fitness/in-depth/stretching/art-20546848; https://www.nhs.uk/live-well/exercise/flexibility-exercises/; https://www.acefitness.org/resources/everyone/exercise-library/,"1) Sit or stand tall with shoulders relaxed, jaw soft, and eyes forward. 2) Lower the chin slightly, then roll the shoulders slowly while the neck stays relaxed. 3) Move only until you feel a gentle stretch, not a pinch. 4) Hold for several slow breaths, then return to center. 5) Repeat on the other side if the stretch is one-sided.",1) Keep the jaw and shoulders relaxed so the neck does not tense up. 2) Keep the stretch gentle and slow. 3) Do not bounce or force the end range. 4) Breathe steadily and aim for a mild pull rather than pain. 5) Warm up first or do these after activity if holding a longer static stretch.,
Stretch/Mobility,ST518,Neck Extension with Jaw Relax,Neck & Upper Traps,"Front neck, jaw",Beginner,None,Seated or standing,Mobility,Variant,Look slightly upward while keeping the jaw unclenched and shoulders heavy.,https://www.mayoclinic.org/healthy-lifestyle/fitness/in-depth/stretching/art-20047931; https://www.mayoclinic.org/healthy-lifestyle/fitness/in-depth/stretching/art-20546848; https://www.nhs.uk/live-well/exercise/flexibility-exercises/; https://www.acefitness.org/resources/everyone/exercise-library/,"1) Sit or stand tall with shoulders relaxed, jaw soft, and eyes forward. 2) Look slightly upward while keeping the jaw unclenched and shoulders heavy. 3) Move only until you feel a gentle stretch, not a pinch. 4) Hold for several slow breaths, then return to center. 5) Repeat on the other side if the stretch is one-sided.",1) Keep the jaw and shoulders relaxed so the neck does not tense up. 2) Keep the stretch gentle and slow. 3) Do not bounce or force the end range. 4) Breathe steadily and aim for a mild pull rather than pain. 5) Warm up first or do these after activity if holding a longer static stretch.,
Stretch/Mobility,ST519,Supine Neck Side Bend over Towel,Neck & Upper Traps,Side neck,Beginner,Towel,Supine,Static stretch,Variant,Lie with the head supported and let one ear drift gently toward the shoulder.,https://www.mayoclinic.org/healthy-lifestyle/fitness/in-depth/stretching/art-20047931; https://www.mayoclinic.org/healthy-lifestyle/fitness/in-depth/stretching/art-20546848; https://www.nhs.uk/live-well/exercise/flexibility-exercises/; https://www.acefitness.org/resources/everyone/exercise-library/,"1) Lie on your back with the head supported and shoulders relaxed. 2) Lie with the head supported and let one ear drift gently toward the shoulder. 3) Move only until you feel a gentle stretch, not a pinch. 4) Hold for several slow breaths, then return to center. 5) Repeat on the other side if the stretch is one-sided.",1) Keep the jaw and shoulders relaxed so the neck does not tense up. 2) Keep the stretch gentle and slow. 3) Do not bounce or force the end range. 4) Breathe steadily and aim for a mild pull rather than pain. 5) Keep the towel loose enough to guide the stretch or tension without forcing the joint. 6) Warm up first or do these after activity if holding a longer static stretch.,
Stretch/Mobility,ST520,Quadruped Neck Rotation,Neck & Upper Traps,"Neck, upper back",Beginner,None,Quadruped,Mobility,Variant,"On all fours, turn the head slowly left and right while the spine stays long.",https://www.mayoclinic.org/healthy-lifestyle/fitness/in-depth/stretching/art-20047931; https://www.mayoclinic.org/healthy-lifestyle/fitness/in-depth/stretching/art-20546848; https://www.nhs.uk/live-well/exercise/flexibility-exercises/; https://www.acefitness.org/resources/everyone/exercise-library/,"1) Sit or stand tall with shoulders relaxed, jaw soft, and eyes forward. 2) On all fours, turn the head slowly left and right while the spine stays long. 3) Move only until you feel a gentle stretch, not a pinch. 4) Hold for several slow breaths, then return to center. 5) Repeat on the other side if the stretch is one-sided.",1) Keep the jaw and shoulders relaxed so the neck does not tense up. 2) Keep the stretch gentle and slow. 3) Do not bounce or force the end range. 4) Breathe steadily and aim for a mild pull rather than pain. 5) Warm up first or do these after activity if holding a longer static stretch.,
Stretch/Mobility,ST521,Standing Chin Tuck Against Wall,Neck & Upper Traps,Neck posture,Beginner,Wall,Standing,Mobility,Common,Stand with the back of the head near the wall and glide the chin straight back.,https://www.mayoclinic.org/healthy-lifestyle/fitness/in-depth/stretching/art-20047931; https://www.mayoclinic.org/healthy-lifestyle/fitness/in-depth/stretching/art-20546848; https://www.nhs.uk/live-well/exercise/flexibility-exercises/; https://www.acefitness.org/resources/everyone/exercise-library/,"1) Stand with your back or side near a wall and keep the neck long. 2) Stand with the back of the head near the wall and glide the chin straight back. 3) Move only until you feel a gentle stretch, not a pinch. 4) Hold for several slow breaths, then return to center. 5) Repeat on the other side if the stretch is one-sided.","1) Keep the jaw and shoulders relaxed so the neck does not tense up. 2) Keep the stretch gentle and slow. 3) Do not bounce or force the end range. 4) Breathe steadily and aim for a mild pull rather than pain. 5) Stand close enough to control the movement without jamming your wrists, shoulders, or back. 6) Warm up first or do these after activity if holding a longer static stretch.",Neutral wall setup | Adult demonstrating Standing Chin Tuck Against Wall at the neutral wall setup step: neutral head without chin lift. | https://imagedelivery.net/TDuhqfLDl0Fb8RGwGw6mYw/bfe1f70e-92dd-4c8b-c56e-7282629f8500/public ;; Straight-back chin tuck | Adult demonstrating Standing Chin Tuck Against Wall at the straight-back chin tuck step: chin retracts without nodding. | https://imagedelivery.net/TDuhqfLDl0Fb8RGwGw6mYw/dd09d222-81e5-49ae-9f4f-3129c4133400/public
Stretch/Mobility,ST522,Neck Clock with Breath,Neck & Upper Traps,Neck mobility,Beginner,None,Seated,Mobility,Variant,Imagine the nose tracing small clock points while breathing slowly.,https://www.mayoclinic.org/healthy-lifestyle/fitness/in-depth/stretching/art-20047931; https://www.mayoclinic.org/healthy-lifestyle/fitness/in-depth/stretching/art-20546848; https://www.nhs.uk/live-well/exercise/flexibility-exercises/; https://www.acefitness.org/resources/everyone/exercise-library/,"1) Sit or stand tall with shoulders relaxed, jaw soft, and eyes forward. 2) Imagine the nose tracing small clock points while breathing slowly. 3) Move only until you feel a gentle stretch, not a pinch. 4) Hold for several slow breaths, then return to center. 5) Repeat on the other side if the stretch is one-sided.",1) Keep the jaw and shoulders relaxed so the neck does not tense up. 2) Keep the stretch gentle and slow. 3) Do not bounce or force the end range. 4) Breathe steadily and aim for a mild pull rather than pain. 5) Warm up first or do these after activity if holding a longer static stretch.,
Stretch/Mobility,ST523,Neck Diagonal Reach-Away,Neck & Upper Traps,Side/posterior neck,Beginner,None,Standing,Static stretch,Variant,Reach one arm diagonally down and away while the head tilts the opposite direction.,https://www.mayoclinic.org/healthy-lifestyle/fitness/in-depth/stretching/art-20047931; https://www.mayoclinic.org/healthy-lifestyle/fitness/in-depth/stretching/art-20546848; https://www.nhs.uk/live-well/exercise/flexibility-exercises/; https://www.acefitness.org/resources/everyone/exercise-library/,"1) Sit or stand tall with shoulders relaxed, jaw soft, and eyes forward. 2) Reach one arm diagonally down and away while the head tilts the opposite direction. 3) Move only until you feel a gentle stretch, not a pinch. 4) Hold for several slow breaths, then return to center. 5) Repeat on the other side if the stretch is one-sided.",1) Keep the jaw and shoulders relaxed so the neck does not tense up. 2) Keep the stretch gentle and slow. 3) Do not bounce or force the end range. 4) Breathe steadily and aim for a mild pull rather than pain. 5) Warm up first or do these after activity if holding a longer static stretch.,
Stretch/Mobility,ST524,Occipital Release on Towel Roll,Neck & Upper Traps,"Upper neck, suboccipitals",Beginner,Towel,Supine,Recovery,Common,Rest the base of the skull on a towel roll and breathe with the jaw relaxed.,https://www.mayoclinic.org/healthy-lifestyle/fitness/in-depth/stretching/art-20047931; https://www.mayoclinic.org/healthy-lifestyle/fitness/in-depth/stretching/art-20546848; https://www.nhs.uk/live-well/exercise/flexibility-exercises/; https://www.acefitness.org/resources/everyone/exercise-library/,"1) Lie on your back with the head supported and shoulders relaxed. 2) Rest the base of the skull on a towel roll and breathe with the jaw relaxed. 3) Move only until you feel a gentle stretch, not a pinch. 4) Hold for several slow breaths, then return to center. 5) Repeat on the other side if the stretch is one-sided.",1) Keep the jaw and shoulders relaxed so the neck does not tense up. 2) Keep the stretch gentle and slow. 3) Do not bounce or force the end range. 4) Breathe steadily and aim for a mild pull rather than pain. 5) Keep the towel loose enough to guide the stretch or tension without forcing the joint. 6) Warm up first or do these after activity if holding a longer static stretch.,Towel placement | Adult demonstrating Occipital Release on Towel Roll at the towel placement step: towel is beneath the skull base rather than the middle neck. | https://imagedelivery.net/TDuhqfLDl0Fb8RGwGw6mYw/b0e30fa2-4372-45fd-c0e1-ce9f2b771d00/public ;; Chin nod | Adult demonstrating Occipital Release on Towel Roll at the chin nod step: subtle back-of-neck lengthening with relaxed jaw and breath. | https://imagedelivery.net/TDuhqfLDl0Fb8RGwGw6mYw/4b172e59-b0d3-4c29-19ae-d0e8102fba00/public
Stretch/Mobility,ST525,Scalene Stretch with Rib Anchor,Neck & Upper Traps,"Scalenes, side neck",Beginner,Chair,Seated,Static stretch,Variant,"Hold the chair to keep one shoulder down, then tilt and rotate the head away.",https://www.mayoclinic.org/healthy-lifestyle/fitness/in-depth/stretching/art-20047931; https://www.mayoclinic.org/healthy-lifestyle/fitness/in-depth/stretching/art-20546848; https://www.nhs.uk/live-well/exercise/flexibility-exercises/; https://www.acefitness.org/resources/everyone/exercise-library/,"1) Sit or stand tall with shoulders relaxed, jaw soft, and eyes forward. 2) Hold the chair to keep one shoulder down, then tilt and rotate the head away. 3) Move only until you feel a gentle stretch, not a pinch. 4) Hold for several slow breaths, then return to center. 5) Repeat on the other side if the stretch is one-sided.","1) Keep the jaw and shoulders relaxed so the neck does not tense up. 2) Keep the stretch gentle and slow. 3) Do not bounce or force the end range. 4) Breathe steadily and aim for a mild pull rather than pain. 5) Use only a stable surface that will not slide, tip, or open unexpectedly. 6) Warm up first or do these after activity if holding a longer static stretch.",
Stretch/Mobility,ST526,Wall Pec Stretch Low Arm,"Shoulders, Chest & Upper Back","Chest, front shoulder",Beginner,Wall,Standing,Static stretch,Common,Place the hand low on a wall and turn the body away gently.,https://www.mayoclinic.org/healthy-lifestyle/fitness/in-depth/stretching/art-20047931; https://www.mayoclinic.org/healthy-lifestyle/fitness/in-depth/stretching/art-20546848; https://www.nhs.uk/live-well/exercise/flexibility-exercises/; https://www.acefitness.org/resources/everyone/exercise-library/,"1) Stand near a wall and place the working hand, forearm, foot, or back against it as needed. 2) Place the hand low on a wall and turn the body away gently. 3) Shift your body slowly until you feel a gentle stretch across the shoulder, chest, or upper back. 4) Breathe into the stretch without shrugging. 5) Ease out of the position slowly and switch sides when needed.","1) Keep ribs down and avoid cranking the shoulder joint. 2) Keep the stretch gentle and slow. 3) Do not bounce or force the end range. 4) Breathe steadily and aim for a mild pull rather than pain. 5) Stand close enough to control the movement without jamming your wrists, shoulders, or back. 6) Warm up first or do these after activity if holding a longer static stretch.",
Stretch/Mobility,ST527,Wall Pec Stretch Mid Arm,"Shoulders, Chest & Upper Back","Chest, front shoulder",Beginner,Wall,Standing,Static stretch,Common,Place the arm at shoulder height on a wall and rotate away slowly.,https://www.mayoclinic.org/healthy-lifestyle/fitness/in-depth/stretching/art-20047931; https://www.mayoclinic.org/healthy-lifestyle/fitness/in-depth/stretching/art-20546848; https://www.nhs.uk/live-well/exercise/flexibility-exercises/; https://www.acefitness.org/resources/everyone/exercise-library/,"1) Stand near a wall and place the working hand, forearm, foot, or back against it as needed. 2) Place the arm at shoulder height on a wall and rotate away slowly. 3) Shift your body slowly until you feel a gentle stretch across the shoulder, chest, or upper back. 4) Breathe into the stretch without shrugging. 5) Ease out of the position slowly and switch sides when needed.","1) Keep ribs down and avoid cranking the shoulder joint. 2) Keep the stretch gentle and slow. 3) Do not bounce or force the end range. 4) Breathe steadily and aim for a mild pull rather than pain. 5) Stand close enough to control the movement without jamming your wrists, shoulders, or back. 6) Warm up first or do these after activity if holding a longer static stretch.",
Stretch/Mobility,ST528,Wall Pec Stretch High Arm,"Shoulders, Chest & Upper Back","Chest, front shoulder, lats",Beginner,Wall,Standing,Static stretch,Common,Place the arm slightly above shoulder height and turn away to open the chest.,https://www.mayoclinic.org/healthy-lifestyle/fitness/in-depth/stretching/art-20047931; https://www.mayoclinic.org/healthy-lifestyle/fitness/in-depth/stretching/art-20546848; https://www.nhs.uk/live-well/exercise/flexibility-exercises/; https://www.acefitness.org/resources/everyone/exercise-library/,"1) Stand near a wall and place the working hand, forearm, foot, or back against it as needed. 2) Place the arm slightly above shoulder height and turn away to open the chest. 3) Shift your body slowly until you feel a gentle stretch across the shoulder, chest, or upper back. 4) Breathe into the stretch without shrugging. 5) Ease out of the position slowly and switch sides when needed.","1) Keep ribs down and avoid cranking the shoulder joint. 2) Keep the stretch gentle and slow. 3) Do not bounce or force the end range. 4) Breathe steadily and aim for a mild pull rather than pain. 5) Stand close enough to control the movement without jamming your wrists, shoulders, or back. 6) Warm up first or do these after activity if holding a longer static stretch.",
Stretch/Mobility,ST529,Corner Pec Stretch,"Shoulders, Chest & Upper Back","Chest, front shoulders",Beginner,Wall corner,Standing,Static stretch,Common,Place forearms on two walls of a corner and step the chest forward.,https://www.mayoclinic.org/healthy-lifestyle/fitness/in-depth/stretching/art-20047931; https://www.mayoclinic.org/healthy-lifestyle/fitness/in-depth/stretching/art-20546848; https://www.nhs.uk/live-well/exercise/flexibility-exercises/; https://www.acefitness.org/resources/everyone/exercise-library/,"1) Stand near a wall and place the working hand, forearm, foot, or back against it as needed. 2) Place forearms on two walls of a corner and step the chest forward. 3) Shift your body slowly until you feel a gentle stretch across the shoulder, chest, or upper back. 4) Breathe into the stretch without shrugging. 5) Ease out of the position slowly and switch sides when needed.","1) Keep ribs down and avoid cranking the shoulder joint. 2) Keep the stretch gentle and slow. 3) Do not bounce or force the end range. 4) Breathe steadily and aim for a mild pull rather than pain. 5) Stand close enough to control the movement without jamming your wrists, shoulders, or back. 6) Warm up first or do these after activity if holding a longer static stretch.",
Stretch/Mobility,ST530,Doorway Chest Stretch with Step Through,"Shoulders, Chest & Upper Back","Chest, front shoulders",Beginner,Doorway,Standing,Static stretch,Common,Place forearms on the doorway and step one foot through to open the chest.,https://www.mayoclinic.org/healthy-lifestyle/fitness/in-depth/stretching/art-20047931; https://www.mayoclinic.org/healthy-lifestyle/fitness/in-depth/stretching/art-20546848; https://www.nhs.uk/live-well/exercise/flexibility-exercises/; https://www.acefitness.org/resources/everyone/exercise-library/,"1) Stand in a doorway and place the working hand or forearm on the frame at a comfortable height. 2) Place forearms on the doorway and step one foot through to open the chest. 3) Shift your body slowly until you feel a gentle stretch across the shoulder, chest, or upper back. 4) Breathe into the stretch without shrugging. 5) Ease out of the position slowly and switch sides when needed.",1) Keep ribs down and avoid cranking the shoulder joint. 2) Keep the stretch gentle and slow. 3) Do not bounce or force the end range. 4) Breathe steadily and aim for a mild pull rather than pain. 5) Warm up first or do these after activity if holding a longer static stretch.,
Stretch/Mobility,ST531,One-Arm Doorway Chest Stretch,"Shoulders, Chest & Upper Back","Chest, front shoulder",Beginner,Doorway,Standing,Static stretch,Common,Place one forearm on a doorway and rotate the body away.,https://www.mayoclinic.org/healthy-lifestyle/fitness/in-depth/stretching/art-20047931; https://www.mayoclinic.org/healthy-lifestyle/fitness/in-depth/stretching/art-20546848; https://www.nhs.uk/live-well/exercise/flexibility-exercises/; https://www.acefitness.org/resources/everyone/exercise-library/,"1) Stand in a doorway and place the working hand or forearm on the frame at a comfortable height. 2) Place one forearm on a doorway and rotate the body away. 3) Shift your body slowly until you feel a gentle stretch across the shoulder, chest, or upper back. 4) Breathe into the stretch without shrugging. 5) Ease out of the position slowly and switch sides when needed.",1) Keep ribs down and avoid cranking the shoulder joint. 2) Keep the stretch gentle and slow. 3) Do not bounce or force the end range. 4) Breathe steadily and aim for a mild pull rather than pain. 5) Warm up first or do these after activity if holding a longer static stretch.,
Stretch/Mobility,ST532,Forearm Doorway Pec Stretch,"Shoulders, Chest & Upper Back","Chest, pec minor",Beginner,Doorway,Standing,Static stretch,Variant,Keep the forearm vertical on the doorway and gently lean through.,https://www.mayoclinic.org/healthy-lifestyle/fitness/in-depth/stretching/art-20047931; https://www.mayoclinic.org/healthy-lifestyle/fitness/in-depth/stretching/art-20546848; https://www.nhs.uk/live-well/exercise/flexibility-exercises/; https://www.acefitness.org/resources/everyone/exercise-library/,"1) Stand in a doorway and place the working hand or forearm on the frame at a comfortable height. 2) Keep the forearm vertical on the doorway and gently lean through. 3) Shift your body slowly until you feel a gentle stretch across the shoulder, chest, or upper back. 4) Breathe into the stretch without shrugging. 5) Ease out of the position slowly and switch sides when needed.",1) Keep ribs down and avoid cranking the shoulder joint. 2) Keep the stretch gentle and slow. 3) Do not bounce or force the end range. 4) Breathe steadily and aim for a mild pull rather than pain. 5) Warm up first or do these after activity if holding a longer static stretch.,
Stretch/Mobility,ST533,Chest Opener with Towel Behind Back,"Shoulders, Chest & Upper Back","Chest, shoulders",Beginner,Towel,Standing,Static stretch,Common,Hold a towel behind the back and gently lift the hands away from the hips.,https://www.mayoclinic.org/healthy-lifestyle/fitness/in-depth/stretching/art-20047931; https://www.mayoclinic.org/healthy-lifestyle/fitness/in-depth/stretching/art-20546848; https://www.nhs.uk/live-well/exercise/flexibility-exercises/; https://www.acefitness.org/resources/everyone/exercise-library/,"1) Hold the towel, strap, or band with a relaxed grip and set it around the limb being stretched. 2) Hold a towel behind the back and gently lift the hands away from the hips. 3) Shift your body slowly until you feel a gentle stretch across the shoulder, chest, or upper back. 4) Breathe into the stretch without shrugging. 5) Ease out of the position slowly and switch sides when needed.",1) Keep ribs down and avoid cranking the shoulder joint. 2) Keep the stretch gentle and slow. 3) Do not bounce or force the end range. 4) Breathe steadily and aim for a mild pull rather than pain. 5) Keep the towel loose enough to guide the stretch or tension without forcing the joint. 6) Warm up first or do these after activity if holding a longer static stretch.,"Towel setup | Adult demonstrating Chest Opener with Towel Behind Back at the towel setup step: gentle wide grip, ribs stacked, no stretch forced yet. | https://imagedelivery.net/TDuhqfLDl0Fb8RGwGw6mYw/c3684af6-5e0a-4646-00c1-52aa9ffa3200/public ;; Gentle lift | Adult demonstrating Chest Opener with Towel Behind Back at the gentle lift step: small pain-free shoulder extension, no forced end range. | https://imagedelivery.net/TDuhqfLDl0Fb8RGwGw6mYw/bd249add-8a5f-41f4-7b8e-75ee6eea6c00/public"
Stretch/Mobility,ST534,Towel Shoulder Extension Lift,"Shoulders, Chest & Upper Back","Front shoulders, chest",Beginner,Towel,Standing,Mobility,Variant,Hold a towel behind the body and slowly lift the arms backward.,https://www.mayoclinic.org/healthy-lifestyle/fitness/in-depth/stretching/art-20047931; https://www.mayoclinic.org/healthy-lifestyle/fitness/in-depth/stretching/art-20546848; https://www.nhs.uk/live-well/exercise/flexibility-exercises/; https://www.acefitness.org/resources/everyone/exercise-library/,"1) Hold the towel, strap, or band with a relaxed grip and set it around the limb being stretched. 2) Hold a towel behind the body and slowly lift the arms backward. 3) Shift your body slowly until you feel a gentle stretch across the shoulder, chest, or upper back. 4) Breathe into the stretch without shrugging. 5) Ease out of the position slowly and switch sides when needed.",1) Keep ribs down and avoid cranking the shoulder joint. 2) Keep the stretch gentle and slow. 3) Do not bounce or force the end range. 4) Breathe steadily and aim for a mild pull rather than pain. 5) Keep the towel loose enough to guide the stretch or tension without forcing the joint. 6) Warm up first or do these after activity if holding a longer static stretch.,
Stretch/Mobility,ST535,Shoulder Flexion Table Slide,"Shoulders, Chest & Upper Back","Lats, shoulders",Beginner,Table or counter,Standing hinge,Static stretch,Common,Place hands on a table and sit the hips back until the shoulders stretch.,https://www.mayoclinic.org/healthy-lifestyle/fitness/in-depth/stretching/art-20047931; https://www.mayoclinic.org/healthy-lifestyle/fitness/in-depth/stretching/art-20546848; https://www.nhs.uk/live-well/exercise/flexibility-exercises/; https://www.acefitness.org/resources/everyone/exercise-library/,"1) Use a stable table or desk and place the hand, forearm, or leg on it with light pressure. 2) Place hands on a table and sit the hips back until the shoulders stretch. 3) Shift your body slowly until you feel a gentle stretch across the shoulder, chest, or upper back. 4) Breathe into the stretch without shrugging. 5) Ease out of the position slowly and switch sides when needed.",1) Keep ribs down and avoid cranking the shoulder joint. 2) Keep the stretch gentle and slow. 3) Do not bounce or force the end range. 4) Breathe steadily and aim for a mild pull rather than pain. 5) Warm up first or do these after activity if holding a longer static stretch.,"Table setup | Adult demonstrating Shoulder Flexion Table Slide at the table setup step: ribs stacked before hinge. Must not show hinge, bent elbows, unstable table, extra limbs. | https://imagedelivery.net/TDuhqfLDl0Fb8RGwGw6mYw/b260fd90-6c7a-4cb3-f4e1-6d392d101c00/public ;; Hip-back shoulder stretch | Adult demonstrating Shoulder Flexion Table Slide at the hip-back shoulder stretch step: chest lowers between arms with neutral neck and controlled ribs. Must not show palms lifting, bent elbows, rounded collapse, tipping table, extra limbs. | https://imagedelivery.net/TDuhqfLDl0Fb8RGwGw6mYw/1de2e2cd-8b05-46fb-78f9-4d81b3380000/public"
Stretch/Mobility,ST536,Seated Table Lat Stretch,"Shoulders, Chest & Upper Back","Lats, upper back",Beginner,Table,Seated,Static stretch,Common,"Sit facing a table, place hands forward, and sink the chest down gently.",https://www.mayoclinic.org/healthy-lifestyle/fitness/in-depth/stretching/art-20047931; https://www.mayoclinic.org/healthy-lifestyle/fitness/in-depth/stretching/art-20546848; https://www.nhs.uk/live-well/exercise/flexibility-exercises/; https://www.acefitness.org/resources/everyone/exercise-library/,"1) Use a stable table or desk and place the hand, forearm, or leg on it with light pressure. 2) Sit facing a table, place hands forward, and sink the chest down gently. 3) Shift your body slowly until you feel a gentle stretch across the shoulder, chest, or upper back. 4) Breathe into the stretch without shrugging. 5) Ease out of the position slowly and switch sides when needed.",1) Keep ribs down and avoid cranking the shoulder joint. 2) Keep the stretch gentle and slow. 3) Do not bounce or force the end range. 4) Breathe steadily and aim for a mild pull rather than pain. 5) Warm up first or do these after activity if holding a longer static stretch.,"Seated setup | Adult demonstrating Seated Table Lat Stretch at the seated setup step: chest tall, neutral hinge, long spine. | https://imagedelivery.net/TDuhqfLDl0Fb8RGwGw6mYw/33023621-c008-4ca8-9fd1-666d43544b00/public ;; Chest sink | Adult demonstrating Seated Table Lat Stretch at the chest sink step: chest lower than setup, spine long, head between arms. | https://imagedelivery.net/TDuhqfLDl0Fb8RGwGw6mYw/54381db6-028b-4d2c-1cbc-ad123a9e5700/public"
Stretch/Mobility,ST537,Prayer Lat Stretch on Chair,"Shoulders, Chest & Upper Back","Lats, shoulders, upper back",Beginner,Chair,Kneeling,Static stretch,Common,Place elbows or hands on a chair and lower the chest toward the floor.,https://www.mayoclinic.org/healthy-lifestyle/fitness/in-depth/stretching/art-20047931; https://www.mayoclinic.org/healthy-lifestyle/fitness/in-depth/stretching/art-20546848; https://www.nhs.uk/live-well/exercise/flexibility-exercises/; https://www.acefitness.org/resources/everyone/exercise-library/,"1) Face a sturdy chair and place hands, elbows, or feet on it for light support. 2) Place elbows or hands on a chair and lower the chest toward the floor. 3) Shift your body slowly until you feel a gentle stretch across the shoulder, chest, or upper back. 4) Breathe into the stretch without shrugging. 5) Ease out of the position slowly and switch sides when needed.","1) Keep ribs down and avoid cranking the shoulder joint. 2) Keep the stretch gentle and slow. 3) Do not bounce or force the end range. 4) Breathe steadily and aim for a mild pull rather than pain. 5) Use only a stable surface that will not slide, tip, or open unexpectedly. 6) Warm up first or do these after activity if holding a longer static stretch.","Chair setup | Adult demonstrating Prayer Lat Stretch on Chair at the chair setup step: long neutral setup. Must not show chest dropped, hips on heels, elbows on chair, hands clasped, chair wheels. | https://imagedelivery.net/TDuhqfLDl0Fb8RGwGw6mYw/b334e79b-7e29-4601-91bc-f3e078e54200/public ;; Lat stretch | Adult demonstrating Prayer Lat Stretch on Chair at the lat stretch step: gentle lat and shoulder stretch. Must not show hips on heels, bent elbows, forehead on chair, extreme lumbar arch, chair wheels. | https://imagedelivery.net/TDuhqfLDl0Fb8RGwGw6mYw/5f52c20b-649e-4f5b-8239-aca696460f00/public"
Stretch/Mobility,ST538,Kneeling Lat Stretch with Palms Up,"Shoulders, Chest & Upper Back","Lats, triceps",Beginner,Chair,Kneeling,Static stretch,Variant,Rest palms up on a chair and sit the hips back into a lat stretch.,https://www.mayoclinic.org/healthy-lifestyle/fitness/in-depth/stretching/art-20047931; https://www.mayoclinic.org/healthy-lifestyle/fitness/in-depth/stretching/art-20546848; https://www.nhs.uk/live-well/exercise/flexibility-exercises/; https://www.acefitness.org/resources/everyone/exercise-library/,"1) Face a sturdy chair and place hands, elbows, or feet on it for light support. 2) Rest palms up on a chair and sit the hips back into a lat stretch. 3) Shift your body slowly until you feel a gentle stretch across the shoulder, chest, or upper back. 4) Breathe into the stretch without shrugging. 5) Ease out of the position slowly and switch sides when needed.","1) Keep ribs down and avoid cranking the shoulder joint. 2) Keep the stretch gentle and slow. 3) Do not bounce or force the end range. 4) Breathe steadily and aim for a mild pull rather than pain. 5) Use only a stable surface that will not slide, tip, or open unexpectedly. 6) Warm up first or do these after activity if holding a longer static stretch.",
Stretch/Mobility,ST539,Kneeling Lat Stretch with Thumbs Up,"Shoulders, Chest & Upper Back","Lats, shoulders",Beginner,Chair,Kneeling,Static stretch,Variant,Place thumbs up on a chair and sink the chest down.,https://www.mayoclinic.org/healthy-lifestyle/fitness/in-depth/stretching/art-20047931; https://www.mayoclinic.org/healthy-lifestyle/fitness/in-depth/stretching/art-20546848; https://www.nhs.uk/live-well/exercise/flexibility-exercises/; https://www.acefitness.org/resources/everyone/exercise-library/,"1) Face a sturdy chair and place hands, elbows, or feet on it for light support. 2) Place thumbs up on a chair and sink the chest down. 3) Shift your body slowly until you feel a gentle stretch across the shoulder, chest, or upper back. 4) Breathe into the stretch without shrugging. 5) Ease out of the position slowly and switch sides when needed.","1) Keep ribs down and avoid cranking the shoulder joint. 2) Keep the stretch gentle and slow. 3) Do not bounce or force the end range. 4) Breathe steadily and aim for a mild pull rather than pain. 5) Use only a stable surface that will not slide, tip, or open unexpectedly. 6) Warm up first or do these after activity if holding a longer static stretch.",
Stretch/Mobility,ST540,Wall Lat Stretch with Hip Hinge,"Shoulders, Chest & Upper Back","Lats, shoulders, back",Beginner,Wall,Standing,Static stretch,Common,Place hands on a wall and hinge the hips back to lengthen the lats.,https://www.mayoclinic.org/healthy-lifestyle/fitness/in-depth/stretching/art-20047931; https://www.mayoclinic.org/healthy-lifestyle/fitness/in-depth/stretching/art-20546848; https://www.nhs.uk/live-well/exercise/flexibility-exercises/; https://www.acefitness.org/resources/everyone/exercise-library/,"1) Stand near a wall and place the working hand, forearm, foot, or back against it as needed. 2) Place hands on a wall and hinge the hips back to lengthen the lats. 3) Shift your body slowly until you feel a gentle stretch across the shoulder, chest, or upper back. 4) Breathe into the stretch without shrugging. 5) Ease out of the position slowly and switch sides when needed.","1) Keep ribs down and avoid cranking the shoulder joint. 2) Keep the stretch gentle and slow. 3) Do not bounce or force the end range. 4) Breathe steadily and aim for a mild pull rather than pain. 5) Stand close enough to control the movement without jamming your wrists, shoulders, or back. 6) Warm up first or do these after activity if holding a longer static stretch.",Wall-contact setup | Adult demonstrating Wall Lat Stretch with Hip Hinge at the wall-contact setup step: shoulders relaxed and ribs stacked. | https://imagedelivery.net/TDuhqfLDl0Fb8RGwGw6mYw/14729025-1723-4a14-6c1b-86c79a562400/public ;; Hip-hinge stretch | Adult demonstrating Wall Lat Stretch with Hip Hinge at the hip-hinge stretch step: length through side ribs and lats without low-back arch. | https://imagedelivery.net/TDuhqfLDl0Fb8RGwGw6mYw/04f1885e-e435-4e74-a1ea-d5f330962900/public
Stretch/Mobility,ST541,Wall Lat Stretch with Side Step,"Shoulders, Chest & Upper Back","Lats, side body",Beginner,Wall,Standing,Static stretch,Variant,Hold the wall and step the hips to one side to stretch one lat more.,https://www.mayoclinic.org/healthy-lifestyle/fitness/in-depth/stretching/art-20047931; https://www.mayoclinic.org/healthy-lifestyle/fitness/in-depth/stretching/art-20546848; https://www.nhs.uk/live-well/exercise/flexibility-exercises/; https://www.acefitness.org/resources/everyone/exercise-library/,"1) Stand near a wall and place the working hand, forearm, foot, or back against it as needed. 2) Hold the wall and step the hips to one side to stretch one lat more. 3) Shift your body slowly until you feel a gentle stretch across the shoulder, chest, or upper back. 4) Breathe into the stretch without shrugging. 5) Ease out of the position slowly and switch sides when needed.","1) Keep ribs down and avoid cranking the shoulder joint. 2) Keep the stretch gentle and slow. 3) Do not bounce or force the end range. 4) Breathe steadily and aim for a mild pull rather than pain. 5) Stand close enough to control the movement without jamming your wrists, shoulders, or back. 6) Warm up first or do these after activity if holding a longer static stretch.",
Stretch/Mobility,ST542,Cross-Body Shoulder Stretch with Rotation,"Shoulders, Chest & Upper Back","Rear shoulder, upper back",Beginner,None,Standing,Static stretch,Common,Pull one arm across the body while gently rotating the chest away.,https://www.mayoclinic.org/healthy-lifestyle/fitness/in-depth/stretching/art-20047931; https://www.mayoclinic.org/healthy-lifestyle/fitness/in-depth/stretching/art-20546848; https://www.nhs.uk/live-well/exercise/flexibility-exercises/; https://www.acefitness.org/resources/everyone/exercise-library/,"1) Stand tall with feet grounded and use a wall or chair if balance is needed. 2) Pull one arm across the body while gently rotating the chest away. 3) Shift your body slowly until you feel a gentle stretch across the shoulder, chest, or upper back. 4) Breathe into the stretch without shrugging. 5) Ease out of the position slowly and switch sides when needed.",1) Keep ribs down and avoid cranking the shoulder joint. 2) Keep the stretch gentle and slow. 3) Do not bounce or force the end range. 4) Breathe steadily and aim for a mild pull rather than pain. 5) Warm up first or do these after activity if holding a longer static stretch.,Cross-body hold | Adult demonstrating Cross-Body Shoulder Stretch with Rotation at the cross-body hold step: stretch at the back of the right shoulder without shrugging. | https://imagedelivery.net/TDuhqfLDl0Fb8RGwGw6mYw/4be454df-07c5-4c75-6fdf-26990a994a00/public ;; Rotated hold | Adult demonstrating Cross-Body Shoulder Stretch with Rotation at the rotated hold step: clear upper-body rotation with the right shoulder down. | https://imagedelivery.net/TDuhqfLDl0Fb8RGwGw6mYw/2f73991b-c379-49f4-0981-3fd30a0ac900/public
Stretch/Mobility,ST543,Posterior Shoulder Stretch on Wall,"Shoulders, Chest & Upper Back",Rear shoulder,Beginner,Wall,Standing,Static stretch,Variant,Place the back of one shoulder or arm near the wall and turn away gently.,https://www.mayoclinic.org/healthy-lifestyle/fitness/in-depth/stretching/art-20047931; https://www.mayoclinic.org/healthy-lifestyle/fitness/in-depth/stretching/art-20546848; https://www.nhs.uk/live-well/exercise/flexibility-exercises/; https://www.acefitness.org/resources/everyone/exercise-library/,"1) Stand near a wall and place the working hand, forearm, foot, or back against it as needed. 2) Place the back of one shoulder or arm near the wall and turn away gently. 3) Shift your body slowly until you feel a gentle stretch across the shoulder, chest, or upper back. 4) Breathe into the stretch without shrugging. 5) Ease out of the position slowly and switch sides when needed.","1) Keep ribs down and avoid cranking the shoulder joint. 2) Keep the stretch gentle and slow. 3) Do not bounce or force the end range. 4) Breathe steadily and aim for a mild pull rather than pain. 5) Stand close enough to control the movement without jamming your wrists, shoulders, or back. 6) Warm up first or do these after activity if holding a longer static stretch.",
Stretch/Mobility,ST544,Sleeper Stretch with Pillow Support,"Shoulders, Chest & Upper Back",Rear shoulder capsule,Intermediate,Pillow,Side-lying,Static stretch,Common,Support the head and gently rotate the top forearm toward the floor.,https://www.mayoclinic.org/healthy-lifestyle/fitness/in-depth/stretching/art-20047931; https://www.mayoclinic.org/healthy-lifestyle/fitness/in-depth/stretching/art-20546848; https://www.nhs.uk/live-well/exercise/flexibility-exercises/; https://www.acefitness.org/resources/everyone/exercise-library/,"1) Lie on your side with hips and shoulders stacked or supported by a pillow. 2) Support the head and gently rotate the top forearm toward the floor. 3) Shift your body slowly until you feel a gentle stretch across the shoulder, chest, or upper back. 4) Breathe into the stretch without shrugging. 5) Ease out of the position slowly and switch sides when needed.",1) Keep ribs down and avoid cranking the shoulder joint. 2) Keep the stretch gentle and slow. 3) Do not bounce or force the end range. 4) Breathe steadily and aim for a mild pull rather than pain. 5) Warm up first or do these after activity if holding a longer static stretch.,"Supported setup | Adult demonstrating Sleeper Stretch with Pillow Support at the supported setup step: Bottom shoulder stays on mat; bottom upper arm at shoulder height; bottom elbow 90; bottom forearm vertical; top hand light; head supported. Must not show arm overhead, elbow straight, shoulder shrugged, head unsupported, torso rolled backward, pressure applied yet. | https://imagedelivery.net/TDuhqfLDl0Fb8RGwGw6mYw/f46d2ebd-b095-4e77-3fba-ddc014b03000/public ;; Gentle rotation | Adult demonstrating Sleeper Stretch with Pillow Support at the gentle rotation step: Bottom forearm rotates toward mat around fixed 90-degree elbow; top hand provides light pressure; bottom shoulder remains down; torso stays stacked. Must not show elbow sliding, arm straightening, wrist forced to floor, shoulder shrugging, torso rolling, head off pillow, hand pressing elbow. | https://imagedelivery.net/TDuhqfLDl0Fb8RGwGw6mYw/e38d94d7-de6b-4f88-5c7d-a6f42eceef00/public"
Stretch/Mobility,ST545,Side-Lying Cross-Body Shoulder Stretch,"Shoulders, Chest & Upper Back","Rear shoulder, upper back",Beginner,None,Side-lying,Static stretch,Variant,Lie on one side and draw the top arm across the chest.,https://www.mayoclinic.org/healthy-lifestyle/fitness/in-depth/stretching/art-20047931; https://www.mayoclinic.org/healthy-lifestyle/fitness/in-depth/stretching/art-20546848; https://www.nhs.uk/live-well/exercise/flexibility-exercises/; https://www.acefitness.org/resources/everyone/exercise-library/,"1) Lie on your side with hips and shoulders stacked or supported by a pillow. 2) Lie on one side and draw the top arm across the chest. 3) Shift your body slowly until you feel a gentle stretch across the shoulder, chest, or upper back. 4) Breathe into the stretch without shrugging. 5) Ease out of the position slowly and switch sides when needed.",1) Keep ribs down and avoid cranking the shoulder joint. 2) Keep the stretch gentle and slow. 3) Do not bounce or force the end range. 4) Breathe steadily and aim for a mild pull rather than pain. 5) Warm up first or do these after activity if holding a longer static stretch.,
Stretch/Mobility,ST546,Triceps Stretch with Towel Assist,"Shoulders, Chest & Upper Back","Triceps, shoulders",Beginner,Towel,Standing or seated,Static stretch,Common,Use a towel to help guide the top elbow into an overhead triceps stretch.,https://www.mayoclinic.org/healthy-lifestyle/fitness/in-depth/stretching/art-20047931; https://www.mayoclinic.org/healthy-lifestyle/fitness/in-depth/stretching/art-20546848; https://www.nhs.uk/live-well/exercise/flexibility-exercises/; https://www.acefitness.org/resources/everyone/exercise-library/,"1) Hold the towel, strap, or band with a relaxed grip and set it around the limb being stretched. 2) Use a towel to help guide the top elbow into an overhead triceps stretch. 3) Shift your body slowly until you feel a gentle stretch across the shoulder, chest, or upper back. 4) Breathe into the stretch without shrugging. 5) Ease out of the position slowly and switch sides when needed.",1) Keep ribs down and avoid cranking the shoulder joint. 2) Keep the stretch gentle and slow. 3) Do not bounce or force the end range. 4) Breathe steadily and aim for a mild pull rather than pain. 5) Keep the towel loose enough to guide the stretch or tension without forcing the joint. 6) Warm up first or do these after activity if holding a longer static stretch.,towel-setup | Adult demonstrating Triceps Stretch with Towel Assist at the towel-setup step: towel slack and shoulders relaxed. | https://imagedelivery.net/TDuhqfLDl0Fb8RGwGw6mYw/74c37518-eda7-4728-8c10-99ff60f3ae00/public ;; gentle-assist | Adult demonstrating Triceps Stretch with Towel Assist at the gentle-assist step: mild assisted triceps stretch without shoulder shrug or rib flare. | https://imagedelivery.net/TDuhqfLDl0Fb8RGwGw6mYw/0af8e285-d5bb-4045-0456-4ea83b7bf000/public
Stretch/Mobility,ST547,Overhead Triceps Stretch with Rib Tuck,"Shoulders, Chest & Upper Back","Triceps, lats",Beginner,None,Standing or seated,Static stretch,Common,Reach one elbow overhead while keeping the ribs gently tucked down.,https://www.mayoclinic.org/healthy-lifestyle/fitness/in-depth/stretching/art-20047931; https://www.mayoclinic.org/healthy-lifestyle/fitness/in-depth/stretching/art-20546848; https://www.nhs.uk/live-well/exercise/flexibility-exercises/; https://www.acefitness.org/resources/everyone/exercise-library/,"1) Sit tall on the floor or a chair with the pelvis supported. 2) Reach one elbow overhead while keeping the ribs gently tucked down. 3) Shift your body slowly until you feel a gentle stretch across the shoulder, chest, or upper back. 4) Breathe into the stretch without shrugging. 5) Ease out of the position slowly and switch sides when needed.",1) Keep ribs down and avoid cranking the shoulder joint. 2) Keep the stretch gentle and slow. 3) Do not bounce or force the end range. 4) Breathe steadily and aim for a mild pull rather than pain. 5) Warm up first or do these after activity if holding a longer static stretch.,"overhead-setup | Adult demonstrating Overhead Triceps Stretch with Rib Tuck at the overhead-setup step: ribs stacked and shoulders relaxed. | https://imagedelivery.net/TDuhqfLDl0Fb8RGwGw6mYw/98e51199-1395-4f5b-f5a8-7612c7645c00/public ;; rib-tucked-hold | Adult demonstrating Overhead Triceps Stretch with Rib Tuck at the rib-tucked-hold step: mild guide only, no shrug or back arch. | https://imagedelivery.net/TDuhqfLDl0Fb8RGwGw6mYw/c35f2be8-db5e-4db7-913f-ead982f01e00/public"
Stretch/Mobility,ST548,Biceps Stretch with Fingers Down,"Shoulders, Chest & Upper Back","Biceps, forearms, chest",Beginner,Wall,Standing,Static stretch,Common,Place the palm on a wall with fingers pointing down and turn away slowly.,https://www.mayoclinic.org/healthy-lifestyle/fitness/in-depth/stretching/art-20047931; https://www.mayoclinic.org/healthy-lifestyle/fitness/in-depth/stretching/art-20546848; https://www.nhs.uk/live-well/exercise/flexibility-exercises/; https://www.acefitness.org/resources/everyone/exercise-library/,"1) Stand near a wall and place the working hand, forearm, foot, or back against it as needed. 2) Place the palm on a wall with fingers pointing down and turn away slowly. 3) Shift your body slowly until you feel a gentle stretch across the shoulder, chest, or upper back. 4) Breathe into the stretch without shrugging. 5) Ease out of the position slowly and switch sides when needed.","1) Keep ribs down and avoid cranking the shoulder joint. 2) Keep the stretch gentle and slow. 3) Do not bounce or force the end range. 4) Breathe steadily and aim for a mild pull rather than pain. 5) Stand close enough to control the movement without jamming your wrists, shoulders, or back. 6) Warm up first or do these after activity if holding a longer static stretch.",wall-palm-setup | Adult demonstrating Biceps Stretch with Fingers Down at the wall-palm-setup step: shoulder relaxed and ribs stacked. | https://imagedelivery.net/TDuhqfLDl0Fb8RGwGw6mYw/8f249e57-63c0-445a-33b7-67382c7ee200/public ;; turn-away | Adult demonstrating Biceps Stretch with Fingers Down at the turn-away step: ribs down and shoulder relaxed. | https://imagedelivery.net/TDuhqfLDl0Fb8RGwGw6mYw/5f0689d0-5082-4e8b-beb5-494f8b72fa00/public
Stretch/Mobility,ST549,Biceps Stretch with Palm Up,"Shoulders, Chest & Upper Back","Biceps, chest",Beginner,Wall,Standing,Static stretch,Variant,Place the palm up against the wall and rotate away gently.,https://www.mayoclinic.org/healthy-lifestyle/fitness/in-depth/stretching/art-20047931; https://www.mayoclinic.org/healthy-lifestyle/fitness/in-depth/stretching/art-20546848; https://www.nhs.uk/live-well/exercise/flexibility-exercises/; https://www.acefitness.org/resources/everyone/exercise-library/,"1) Stand near a wall and place the working hand, forearm, foot, or back against it as needed. 2) Place the palm up against the wall and rotate away gently. 3) Shift your body slowly until you feel a gentle stretch across the shoulder, chest, or upper back. 4) Breathe into the stretch without shrugging. 5) Ease out of the position slowly and switch sides when needed.","1) Keep ribs down and avoid cranking the shoulder joint. 2) Keep the stretch gentle and slow. 3) Do not bounce or force the end range. 4) Breathe steadily and aim for a mild pull rather than pain. 5) Stand close enough to control the movement without jamming your wrists, shoulders, or back. 6) Warm up first or do these after activity if holding a longer static stretch.",
Stretch/Mobility,ST550,Scapular Protraction Stretch on Wall,"Shoulders, Chest & Upper Back","Upper back, shoulder blades",Beginner,Wall,Standing,Mobility,Common,Press hands into a wall and round the upper back to spread shoulder blades.,https://www.mayoclinic.org/healthy-lifestyle/fitness/in-depth/stretching/art-20047931; https://www.mayoclinic.org/healthy-lifestyle/fitness/in-depth/stretching/art-20546848; https://www.nhs.uk/live-well/exercise/flexibility-exercises/; https://www.acefitness.org/resources/everyone/exercise-library/,"1) Stand near a wall and place the working hand, forearm, foot, or back against it as needed. 2) Press hands into a wall and round the upper back to spread shoulder blades. 3) Shift your body slowly until you feel a gentle stretch across the shoulder, chest, or upper back. 4) Breathe into the stretch without shrugging. 5) Ease out of the position slowly and switch sides when needed.","1) Keep ribs down and avoid cranking the shoulder joint. 2) Keep the stretch gentle and slow. 3) Do not bounce or force the end range. 4) Breathe steadily and aim for a mild pull rather than pain. 5) Stand close enough to control the movement without jamming your wrists, shoulders, or back. 6) Warm up first or do these after activity if holding a longer static stretch.",wall-setup | Adult demonstrating Scapular Protraction Stretch on Wall at the wall-setup step: neutral spine and shoulder blades. | https://imagedelivery.net/TDuhqfLDl0Fb8RGwGw6mYw/99436cc1-6f2f-4346-eb52-2c6e9c8d4400/public ;; protraction | Adult demonstrating Scapular Protraction Stretch on Wall at the protraction step: chin tucked and shoulders not shrugged. | https://imagedelivery.net/TDuhqfLDl0Fb8RGwGw6mYw/42c813d1-776a-4f7b-2a7d-929ecbe14400/public
Stretch/Mobility,ST551,Scapular Retraction Mobility,"Shoulders, Chest & Upper Back","Chest, upper back",Beginner,None,Standing,Mobility,Common,Alternate gently spreading and squeezing the shoulder blades.,https://www.mayoclinic.org/healthy-lifestyle/fitness/in-depth/stretching/art-20047931; https://www.mayoclinic.org/healthy-lifestyle/fitness/in-depth/stretching/art-20546848; https://www.nhs.uk/live-well/exercise/flexibility-exercises/; https://www.acefitness.org/resources/everyone/exercise-library/,"1) Stand tall with feet grounded and use a wall or chair if balance is needed. 2) Alternate gently spreading and squeezing the shoulder blades. 3) Shift your body slowly until you feel a gentle stretch across the shoulder, chest, or upper back. 4) Breathe into the stretch without shrugging. 5) Ease out of the position slowly and switch sides when needed.",1) Keep ribs down and avoid cranking the shoulder joint. 2) Keep the stretch gentle and slow. 3) Do not bounce or force the end range. 4) Breathe steadily and aim for a mild pull rather than pain. 5) Warm up first or do these after activity if holding a longer static stretch.,spread | Adult demonstrating Scapular Retraction Mobility at the spread step: Arms straight forward; ribs stacked; shoulder blades glide apart without shrugging. | https://imagedelivery.net/TDuhqfLDl0Fb8RGwGw6mYw/9ae7133d-d8ac-402d-b7cf-385dca7c1d00/public ;; squeeze | Adult demonstrating Scapular Retraction Mobility at the squeeze step: Elbows bent beside ribs; shoulder blades glide toward spine; shoulders stay down; ribs stacked. | https://imagedelivery.net/TDuhqfLDl0Fb8RGwGw6mYw/090513c3-a60f-48c1-fbb5-2a23b4335d00/public
Stretch/Mobility,ST552,Shoulder Blade Clock,"Shoulders, Chest & Upper Back","Shoulder blades, upper back",Beginner,Wall,Standing,Mobility,Variant,Place one hand on a wall and move the shoulder blade toward clock directions.,https://www.mayoclinic.org/healthy-lifestyle/fitness/in-depth/stretching/art-20047931; https://www.mayoclinic.org/healthy-lifestyle/fitness/in-depth/stretching/art-20546848; https://www.nhs.uk/live-well/exercise/flexibility-exercises/; https://www.acefitness.org/resources/everyone/exercise-library/,"1) Stand near a wall and place the working hand, forearm, foot, or back against it as needed. 2) Place one hand on a wall and move the shoulder blade toward clock directions. 3) Shift your body slowly until you feel a gentle stretch across the shoulder, chest, or upper back. 4) Breathe into the stretch without shrugging. 5) Ease out of the position slowly and switch sides when needed.","1) Keep ribs down and avoid cranking the shoulder joint. 2) Keep the stretch gentle and slow. 3) Do not bounce or force the end range. 4) Breathe steadily and aim for a mild pull rather than pain. 5) Stand close enough to control the movement without jamming your wrists, shoulders, or back. 6) Warm up first or do these after activity if holding a longer static stretch.",
Stretch/Mobility,ST553,Wall Slide Reach and Lift,"Shoulders, Chest & Upper Back","Shoulders, upper back",Beginner,Wall,Standing,Mobility,Common,Slide forearms up the wall and gently reach higher at the top.,https://www.mayoclinic.org/healthy-lifestyle/fitness/in-depth/stretching/art-20047931; https://www.mayoclinic.org/healthy-lifestyle/fitness/in-depth/stretching/art-20546848; https://www.nhs.uk/live-well/exercise/flexibility-exercises/; https://www.acefitness.org/resources/everyone/exercise-library/,"1) Stand near a wall and place the working hand, forearm, foot, or back against it as needed. 2) Slide forearms up the wall and gently reach higher at the top. 3) Shift your body slowly until you feel a gentle stretch across the shoulder, chest, or upper back. 4) Breathe into the stretch without shrugging. 5) Ease out of the position slowly and switch sides when needed.","1) Keep ribs down and avoid cranking the shoulder joint. 2) Keep the stretch gentle and slow. 3) Do not bounce or force the end range. 4) Breathe steadily and aim for a mild pull rather than pain. 5) Stand close enough to control the movement without jamming your wrists, shoulders, or back. 6) Warm up first or do these after activity if holding a longer static stretch.",wall-slide-setup | Adult demonstrating Wall Slide Reach and Lift at the wall-slide-setup step: elbows near shoulder height with forearms flat. | https://imagedelivery.net/TDuhqfLDl0Fb8RGwGw6mYw/2b9cdf15-3a19-47b0-6b0e-c47bd36b6a00/public ;; reach-and-lift | Adult demonstrating Wall Slide Reach and Lift at the reach-and-lift step: controlled overhead reach without lumbar extension. | https://imagedelivery.net/TDuhqfLDl0Fb8RGwGw6mYw/876e8c53-b02b-4c95-1427-308744677b00/public
Stretch/Mobility,ST554,Floor Shoulder Flexion Slide,"Shoulders, Chest & Upper Back","Shoulders, lats",Beginner,Towel,Prone or kneeling,Mobility,Variant,Slide the hands forward on a towel while keeping the ribs controlled.,https://www.mayoclinic.org/healthy-lifestyle/fitness/in-depth/stretching/art-20047931; https://www.mayoclinic.org/healthy-lifestyle/fitness/in-depth/stretching/art-20546848; https://www.nhs.uk/live-well/exercise/flexibility-exercises/; https://www.acefitness.org/resources/everyone/exercise-library/,"1) Hold the towel, strap, or band with a relaxed grip and set it around the limb being stretched. 2) Slide the hands forward on a towel while keeping the ribs controlled. 3) Shift your body slowly until you feel a gentle stretch across the shoulder, chest, or upper back. 4) Breathe into the stretch without shrugging. 5) Ease out of the position slowly and switch sides when needed.",1) Keep ribs down and avoid cranking the shoulder joint. 2) Keep the stretch gentle and slow. 3) Do not bounce or force the end range. 4) Breathe steadily and aim for a mild pull rather than pain. 5) Keep the towel loose enough to guide the stretch or tension without forcing the joint. 6) Warm up first or do these after activity if holding a longer static stretch.,
Stretch/Mobility,ST555,Child's Pose Shoulder Walkout,"Shoulders, Chest & Upper Back","Shoulders, lats, upper back",Beginner,None,Kneeling,Static stretch,Common,"From child’s pose, walk the hands farther forward to deepen the shoulder stretch.",https://www.mayoclinic.org/healthy-lifestyle/fitness/in-depth/stretching/art-20047931; https://www.mayoclinic.org/healthy-lifestyle/fitness/in-depth/stretching/art-20546848; https://www.nhs.uk/live-well/exercise/flexibility-exercises/; https://www.acefitness.org/resources/everyone/exercise-library/,"1) Kneel on a mat or cushion and place the knees in a comfortable stance. 2) From child’s pose, walk the hands farther forward to deepen the shoulder stretch. 3) Shift your body slowly until you feel a gentle stretch across the shoulder, chest, or upper back. 4) Breathe into the stretch without shrugging. 5) Ease out of the position slowly and switch sides when needed.",1) Keep ribs down and avoid cranking the shoulder joint. 2) Keep the stretch gentle and slow. 3) Do not bounce or force the end range. 4) Breathe steadily and aim for a mild pull rather than pain. 5) Warm up first or do these after activity if holding a longer static stretch.,childs-pose-setup | Adult demonstrating Child's Pose Shoulder Walkout at the childs-pose-setup step: relaxed child's pose and soft breath. | https://imagedelivery.net/TDuhqfLDl0Fb8RGwGw6mYw/bbd37f35-4061-4be9-7596-2c92eb450300/public ;; hands-walked-forward | Adult demonstrating Child's Pose Shoulder Walkout at the hands-walked-forward step: chest lowers gently while shoulders lengthen. | https://imagedelivery.net/TDuhqfLDl0Fb8RGwGw6mYw/bbdcd796-a711-4599-9e7d-bec86f900a00/public
Stretch/Mobility,ST556,Puppy Pose with Elbows Bent,"Shoulders, Chest & Upper Back","Lats, triceps, upper back",Intermediate,None,Kneeling,Static stretch,Variant,"In puppy pose, bend elbows and bring hands toward the upper back.",https://www.mayoclinic.org/healthy-lifestyle/fitness/in-depth/stretching/art-20047931; https://www.mayoclinic.org/healthy-lifestyle/fitness/in-depth/stretching/art-20546848; https://www.nhs.uk/live-well/exercise/flexibility-exercises/; https://www.acefitness.org/resources/everyone/exercise-library/,"1) Kneel on a mat or cushion and place the knees in a comfortable stance. 2) In puppy pose, bend elbows and bring hands toward the upper back. 3) Shift your body slowly until you feel a gentle stretch across the shoulder, chest, or upper back. 4) Breathe into the stretch without shrugging. 5) Ease out of the position slowly and switch sides when needed.",1) Keep ribs down and avoid cranking the shoulder joint. 2) Keep the stretch gentle and slow. 3) Do not bounce or force the end range. 4) Breathe steadily and aim for a mild pull rather than pain. 5) Warm up first or do these after activity if holding a longer static stretch.,
Stretch/Mobility,ST557,Puppy Pose with Hands on Blocks,"Shoulders, Chest & Upper Back","Shoulders, lats, chest",Intermediate,Yoga blocks or pillows,Kneeling,Static stretch,Variant,Place hands on blocks or pillows in puppy pose to change the shoulder angle.,https://www.mayoclinic.org/healthy-lifestyle/fitness/in-depth/stretching/art-20047931; https://www.mayoclinic.org/healthy-lifestyle/fitness/in-depth/stretching/art-20546848; https://www.nhs.uk/live-well/exercise/flexibility-exercises/; https://www.acefitness.org/resources/everyone/exercise-library/,"1) Kneel on a mat or cushion and place the knees in a comfortable stance. 2) Place hands on blocks or pillows in puppy pose to change the shoulder angle. 3) Shift your body slowly until you feel a gentle stretch across the shoulder, chest, or upper back. 4) Breathe into the stretch without shrugging. 5) Ease out of the position slowly and switch sides when needed.",1) Keep ribs down and avoid cranking the shoulder joint. 2) Keep the stretch gentle and slow. 3) Do not bounce or force the end range. 4) Breathe steadily and aim for a mild pull rather than pain. 5) Warm up first or do these after activity if holding a longer static stretch.,
Stretch/Mobility,ST558,Thread-the-Needle with Arm Sweep,"Shoulders, Chest & Upper Back","Upper back, rear shoulder",Beginner,None,Quadruped,Dynamic stretch,Common,"Thread one arm under the body, then sweep it open toward the ceiling.",https://www.mayoclinic.org/healthy-lifestyle/fitness/in-depth/stretching/art-20047931; https://www.mayoclinic.org/healthy-lifestyle/fitness/in-depth/stretching/art-20546848; https://www.nhs.uk/live-well/exercise/flexibility-exercises/; https://www.acefitness.org/resources/everyone/exercise-library/,"1) Start on hands and knees with hands under shoulders and knees under hips. 2) Thread one arm under the body, then sweep it open toward the ceiling. 3) Shift your body slowly until you feel a gentle stretch across the shoulder, chest, or upper back. 4) Breathe into the stretch without shrugging. 5) Ease out of the position slowly and switch sides when needed.",1) Keep ribs down and avoid cranking the shoulder joint. 2) Keep the stretch gentle and slow. 3) Do not bounce or force the end range. 4) Breathe steadily and aim for a mild pull rather than pain. 5) Warm up first or do these after activity if holding a longer static stretch.,"quadruped | Adult demonstrating Thread-the-Needle with Arm Sweep at the quadruped step: Hands under shoulders, knees under hips, neutral spine, weight even through four supports. | https://imagedelivery.net/TDuhqfLDl0Fb8RGwGw6mYw/80e014aa-2bef-4b4f-8cec-17d3af5d1500/public ;; thread | Adult demonstrating Thread-the-Needle with Arm Sweep at the thread step: Left palm and both knees stay planted; right arm threads palm-up under chest; right shoulder and head lower; hips stay over knees. | https://imagedelivery.net/TDuhqfLDl0Fb8RGwGw6mYw/51b47ce8-0f8e-4544-78bd-9914ab5fd500/public ;; sweep-open | Adult demonstrating Thread-the-Needle with Arm Sweep at the sweep-open step: Left palm and both knees support; right arm sweeps straight toward ceiling; chest rotates open and gaze follows hand. | https://imagedelivery.net/TDuhqfLDl0Fb8RGwGw6mYw/3b13843a-9fac-45cf-19da-cd18b2e6c800/public"
Stretch/Mobility,ST559,Quadruped Reach-Under Hold,"Shoulders, Chest & Upper Back","Upper back, rear shoulder",Beginner,None,Quadruped,Static stretch,Common,Reach one arm under the body and rest the shoulder lightly toward the floor.,https://www.mayoclinic.org/healthy-lifestyle/fitness/in-depth/stretching/art-20047931; https://www.mayoclinic.org/healthy-lifestyle/fitness/in-depth/stretching/art-20546848; https://www.nhs.uk/live-well/exercise/flexibility-exercises/; https://www.acefitness.org/resources/everyone/exercise-library/,"1) Start on hands and knees with hands under shoulders and knees under hips. 2) Reach one arm under the body and rest the shoulder lightly toward the floor. 3) Shift your body slowly until you feel a gentle stretch across the shoulder, chest, or upper back. 4) Breathe into the stretch without shrugging. 5) Ease out of the position slowly and switch sides when needed.",1) Keep ribs down and avoid cranking the shoulder joint. 2) Keep the stretch gentle and slow. 3) Do not bounce or force the end range. 4) Breathe steadily and aim for a mild pull rather than pain. 5) Warm up first or do these after activity if holding a longer static stretch.,quadruped-setup | Adult demonstrating Quadruped Reach-Under Hold at the quadruped-setup step: symmetrical support before reaching. | https://imagedelivery.net/TDuhqfLDl0Fb8RGwGw6mYw/3ed75545-1717-47d9-babd-925c0a828f00/public ;; reach-under | Adult demonstrating Quadruped Reach-Under Hold at the reach-under step: shoulder rests lightly without collapsing pelvis. | https://imagedelivery.net/TDuhqfLDl0Fb8RGwGw6mYw/df64ce27-6423-40a2-462b-6558379d3100/public
Stretch/Mobility,ST560,Standing Hug-and-Reach Upper Back,"Shoulders, Chest & Upper Back","Upper back, shoulder blades",Beginner,None,Standing,Static stretch,Common,"Hug yourself, then reach the elbows forward to spread the shoulder blades.",https://www.mayoclinic.org/healthy-lifestyle/fitness/in-depth/stretching/art-20047931; https://www.mayoclinic.org/healthy-lifestyle/fitness/in-depth/stretching/art-20546848; https://www.nhs.uk/live-well/exercise/flexibility-exercises/; https://www.acefitness.org/resources/everyone/exercise-library/,"1) Stand tall with feet grounded and use a wall or chair if balance is needed. 2) Hug yourself, then reach the elbows forward to spread the shoulder blades. 3) Shift your body slowly until you feel a gentle stretch across the shoulder, chest, or upper back. 4) Breathe into the stretch without shrugging. 5) Ease out of the position slowly and switch sides when needed.",1) Keep ribs down and avoid cranking the shoulder joint. 2) Keep the stretch gentle and slow. 3) Do not bounce or force the end range. 4) Breathe steadily and aim for a mild pull rather than pain. 5) Warm up first or do these after activity if holding a longer static stretch.,open-setup | Adult demonstrating Standing Hug-and-Reach Upper Back at the open-setup step: comfortable neutral start. | https://imagedelivery.net/TDuhqfLDl0Fb8RGwGw6mYw/f84281b8-bc6b-4b95-077d-55b17b253b00/public ;; hug-and-reach | Adult demonstrating Standing Hug-and-Reach Upper Back at the hug-and-reach step: shoulder blades spread as upper back rounds gently. | https://imagedelivery.net/TDuhqfLDl0Fb8RGwGw6mYw/696608a4-87ff-4f9d-66cf-ddc72d088900/public
Stretch/Mobility,ST561,Seated Bear Hug with Breath,"Shoulders, Chest & Upper Back","Upper back, shoulder blades",Beginner,Chair,Seated,Static stretch,Common,"Sit tall, hug the opposite shoulders, and breathe into the upper back.",https://www.mayoclinic.org/healthy-lifestyle/fitness/in-depth/stretching/art-20047931; https://www.mayoclinic.org/healthy-lifestyle/fitness/in-depth/stretching/art-20546848; https://www.nhs.uk/live-well/exercise/flexibility-exercises/; https://www.acefitness.org/resources/everyone/exercise-library/,"1) Sit tall on a sturdy chair with feet flat and the working limb positioned comfortably. 2) Sit tall, hug the opposite shoulders, and breathe into the upper back. 3) Shift your body slowly until you feel a gentle stretch across the shoulder, chest, or upper back. 4) Breathe into the stretch without shrugging. 5) Ease out of the position slowly and switch sides when needed.","1) Keep ribs down and avoid cranking the shoulder joint. 2) Keep the stretch gentle and slow. 3) Do not bounce or force the end range. 4) Breathe steadily and aim for a mild pull rather than pain. 5) Use only a stable surface that will not slide, tip, or open unexpectedly. 6) Warm up first or do these after activity if holding a longer static stretch.",seated-setup | Adult demonstrating Seated Bear Hug with Breath at the seated-setup step: stacked easy posture before the hug. | https://imagedelivery.net/TDuhqfLDl0Fb8RGwGw6mYw/da14cf3a-9dd6-46d2-f21b-995e62398300/public ;; bear-hug | Adult demonstrating Seated Bear Hug with Breath at the bear-hug step: breathe into the widened upper back without slumping. | https://imagedelivery.net/TDuhqfLDl0Fb8RGwGw6mYw/d651cfff-b01d-4e61-e92e-96f0efe41800/public
Stretch/Mobility,ST562,Foam Roller Pec Stretch with Snow Angels,"Shoulders, Chest & Upper Back","Chest, shoulders",Intermediate,Foam roller,Supine,Mobility,Variant,Lie lengthwise on a foam roller and move arms like slow snow angels.,https://www.mayoclinic.org/healthy-lifestyle/fitness/in-depth/stretching/art-20047931; https://www.mayoclinic.org/healthy-lifestyle/fitness/in-depth/stretching/art-20546848; https://www.nhs.uk/live-well/exercise/flexibility-exercises/; https://www.acefitness.org/resources/everyone/exercise-library/,"1) Lie on your back with knees bent or legs positioned comfortably. 2) Lie lengthwise on a foam roller and move arms like slow snow angels. 3) Shift your body slowly until you feel a gentle stretch across the shoulder, chest, or upper back. 4) Breathe into the stretch without shrugging. 5) Ease out of the position slowly and switch sides when needed.","1) Keep ribs down and avoid cranking the shoulder joint. 2) Keep the stretch gentle and slow. 3) Do not bounce or force the end range. 4) Breathe steadily and aim for a mild pull rather than pain. 5) Use moderate pressure and avoid rolling directly on sharp, bony, or painful spots. 6) Warm up first or do these after activity if holding a longer static stretch.",
Stretch/Mobility,ST563,Towel Roll Cactus Stretch,"Shoulders, Chest & Upper Back","Chest, front shoulders",Beginner,Towel,Supine,Static stretch,Common,Lie on a towel roll with elbows bent like goalposts to open the chest.,https://www.mayoclinic.org/healthy-lifestyle/fitness/in-depth/stretching/art-20047931; https://www.mayoclinic.org/healthy-lifestyle/fitness/in-depth/stretching/art-20546848; https://www.nhs.uk/live-well/exercise/flexibility-exercises/; https://www.acefitness.org/resources/everyone/exercise-library/,"1) Hold the towel, strap, or band with a relaxed grip and set it around the limb being stretched. 2) Lie on a towel roll with elbows bent like goalposts to open the chest. 3) Shift your body slowly until you feel a gentle stretch across the shoulder, chest, or upper back. 4) Breathe into the stretch without shrugging. 5) Ease out of the position slowly and switch sides when needed.",1) Keep ribs down and avoid cranking the shoulder joint. 2) Keep the stretch gentle and slow. 3) Do not bounce or force the end range. 4) Breathe steadily and aim for a mild pull rather than pain. 5) Keep the towel loose enough to guide the stretch or tension without forcing the joint. 6) Warm up first or do these after activity if holding a longer static stretch.,supine-setup | Adult demonstrating Towel Roll Cactus Stretch at the supine-setup step: Lie supine with one long towel roll lengthwise under the spine; head rests on mat; knees bent; feet flat; arms straight near sides with palms up. | https://imagedelivery.net/TDuhqfLDl0Fb8RGwGw6mYw/1ba1c04f-4d41-4993-e5fd-cd8a98701000/public ;; cactus-open | Adult demonstrating Towel Roll Cactus Stretch at the cactus-open step: Towel and lower-body setup remain fixed; both upper arms open at shoulder height; both elbows bend about 90 degrees; forearms point toward head; palms face up. | https://imagedelivery.net/TDuhqfLDl0Fb8RGwGw6mYw/fa0f3ba8-60f2-491a-60ed-1a31ee926600/public
Stretch/Mobility,ST564,Supine Angel on Towel Roll,"Shoulders, Chest & Upper Back","Chest, shoulders, upper back",Beginner,Towel,Supine,Mobility,Common,Lie on a towel roll and slide the arms up and down like angels.,https://www.mayoclinic.org/healthy-lifestyle/fitness/in-depth/stretching/art-20047931; https://www.mayoclinic.org/healthy-lifestyle/fitness/in-depth/stretching/art-20546848; https://www.nhs.uk/live-well/exercise/flexibility-exercises/; https://www.acefitness.org/resources/everyone/exercise-library/,"1) Hold the towel, strap, or band with a relaxed grip and set it around the limb being stretched. 2) Lie on a towel roll and slide the arms up and down like angels. 3) Shift your body slowly until you feel a gentle stretch across the shoulder, chest, or upper back. 4) Breathe into the stretch without shrugging. 5) Ease out of the position slowly and switch sides when needed.",1) Keep ribs down and avoid cranking the shoulder joint. 2) Keep the stretch gentle and slow. 3) Do not bounce or force the end range. 4) Breathe steadily and aim for a mild pull rather than pain. 5) Keep the towel loose enough to guide the stretch or tension without forcing the joint. 6) Warm up first or do these after activity if holding a longer static stretch.,
Stretch/Mobility,ST565,Side-Lying Windmill Arm Sweep,"Shoulders, Chest & Upper Back","Chest, shoulders, ribs",Beginner,None,Side-lying,Dynamic stretch,Common,Sweep the top arm in a large circle while lying on your side.,https://www.mayoclinic.org/healthy-lifestyle/fitness/in-depth/stretching/art-20047931; https://www.mayoclinic.org/healthy-lifestyle/fitness/in-depth/stretching/art-20546848; https://www.nhs.uk/live-well/exercise/flexibility-exercises/; https://www.acefitness.org/resources/everyone/exercise-library/,"1) Lie on your side with hips and shoulders stacked or supported by a pillow. 2) Sweep the top arm in a large circle while lying on your side. 3) Shift your body slowly until you feel a gentle stretch across the shoulder, chest, or upper back. 4) Breathe into the stretch without shrugging. 5) Ease out of the position slowly and switch sides when needed.",1) Keep ribs down and avoid cranking the shoulder joint. 2) Keep the stretch gentle and slow. 3) Do not bounce or force the end range. 4) Breathe steadily and aim for a mild pull rather than pain. 5) Warm up first or do these after activity if holding a longer static stretch.,
Stretch/Mobility,ST566,Open Book with Top Knee on Pillow,"Shoulders, Chest & Upper Back","Chest, upper back, ribs",Beginner,Pillow,Side-lying,Static stretch,Common,Support the top knee on a pillow and rotate the top arm open.,https://www.mayoclinic.org/healthy-lifestyle/fitness/in-depth/stretching/art-20047931; https://www.mayoclinic.org/healthy-lifestyle/fitness/in-depth/stretching/art-20546848; https://www.nhs.uk/live-well/exercise/flexibility-exercises/; https://www.acefitness.org/resources/everyone/exercise-library/,"1) Lie on your side with hips and shoulders stacked or supported by a pillow. 2) Support the top knee on a pillow and rotate the top arm open. 3) Shift your body slowly until you feel a gentle stretch across the shoulder, chest, or upper back. 4) Breathe into the stretch without shrugging. 5) Ease out of the position slowly and switch sides when needed.",1) Keep ribs down and avoid cranking the shoulder joint. 2) Keep the stretch gentle and slow. 3) Do not bounce or force the end range. 4) Breathe steadily and aim for a mild pull rather than pain. 5) Warm up first or do these after activity if holding a longer static stretch.,
Stretch/Mobility,ST567,Wall Angels with Bent Knees,"Shoulders, Chest & Upper Back","Shoulders, chest, posture",Beginner,Wall,Standing,Mobility,Common,Stand with bent knees against the wall and slide arms in an angel pattern.,https://www.mayoclinic.org/healthy-lifestyle/fitness/in-depth/stretching/art-20047931; https://www.mayoclinic.org/healthy-lifestyle/fitness/in-depth/stretching/art-20546848; https://www.nhs.uk/live-well/exercise/flexibility-exercises/; https://www.acefitness.org/resources/everyone/exercise-library/,"1) Stand near a wall and place the working hand, forearm, foot, or back against it as needed. 2) Stand with bent knees against the wall and slide arms in an angel pattern. 3) Shift your body slowly until you feel a gentle stretch across the shoulder, chest, or upper back. 4) Breathe into the stretch without shrugging. 5) Ease out of the position slowly and switch sides when needed.","1) Keep ribs down and avoid cranking the shoulder joint. 2) Keep the stretch gentle and slow. 3) Do not bounce or force the end range. 4) Breathe steadily and aim for a mild pull rather than pain. 5) Stand close enough to control the movement without jamming your wrists, shoulders, or back. 6) Warm up first or do these after activity if holding a longer static stretch.",
Stretch/Mobility,ST568,Broomstick Shoulder Flexion Stretch,"Shoulders, Chest & Upper Back","Shoulders, lats",Beginner,Broomstick,Standing or supine,Mobility,Common,Hold a broomstick wide and raise it overhead slowly.,https://www.mayoclinic.org/healthy-lifestyle/fitness/in-depth/stretching/art-20047931; https://www.mayoclinic.org/healthy-lifestyle/fitness/in-depth/stretching/art-20546848; https://www.nhs.uk/live-well/exercise/flexibility-exercises/; https://www.acefitness.org/resources/everyone/exercise-library/,"1) Lie on your back with knees bent or legs positioned comfortably. 2) Hold a broomstick wide and raise it overhead slowly. 3) Shift your body slowly until you feel a gentle stretch across the shoulder, chest, or upper back. 4) Breathe into the stretch without shrugging. 5) Ease out of the position slowly and switch sides when needed.",1) Keep ribs down and avoid cranking the shoulder joint. 2) Keep the stretch gentle and slow. 3) Do not bounce or force the end range. 4) Breathe steadily and aim for a mild pull rather than pain. 5) Warm up first or do these after activity if holding a longer static stretch.,
Stretch/Mobility,ST569,Broomstick Behind-Back Lift,"Shoulders, Chest & Upper Back","Front shoulders, chest",Beginner,Broomstick,Standing,Mobility,Variant,Hold a broomstick behind the back and lift it gently away from the hips.,https://www.mayoclinic.org/healthy-lifestyle/fitness/in-depth/stretching/art-20047931; https://www.mayoclinic.org/healthy-lifestyle/fitness/in-depth/stretching/art-20546848; https://www.nhs.uk/live-well/exercise/flexibility-exercises/; https://www.acefitness.org/resources/everyone/exercise-library/,"1) Stand tall with feet grounded and use a wall or chair if balance is needed. 2) Hold a broomstick behind the back and lift it gently away from the hips. 3) Shift your body slowly until you feel a gentle stretch across the shoulder, chest, or upper back. 4) Breathe into the stretch without shrugging. 5) Ease out of the position slowly and switch sides when needed.",1) Keep ribs down and avoid cranking the shoulder joint. 2) Keep the stretch gentle and slow. 3) Do not bounce or force the end range. 4) Breathe steadily and aim for a mild pull rather than pain. 5) Warm up first or do these after activity if holding a longer static stretch.,
Stretch/Mobility,ST570,Band Lat Opener,"Shoulders, Chest & Upper Back","Lats, shoulders, side body",Intermediate,Resistance band,Standing,Static stretch,Variant,Hold a band overhead or anchored high and lean the hips back to open the lat.,https://www.mayoclinic.org/healthy-lifestyle/fitness/in-depth/stretching/art-20047931; https://www.mayoclinic.org/healthy-lifestyle/fitness/in-depth/stretching/art-20546848; https://www.nhs.uk/live-well/exercise/flexibility-exercises/; https://www.acefitness.org/resources/everyone/exercise-library/,"1) Hold the towel, strap, or band with a relaxed grip and set it around the limb being stretched. 2) Hold a band overhead or anchored high and lean the hips back to open the lat. 3) Shift your body slowly until you feel a gentle stretch across the shoulder, chest, or upper back. 4) Breathe into the stretch without shrugging. 5) Ease out of the position slowly and switch sides when needed.",1) Keep ribs down and avoid cranking the shoulder joint. 2) Keep the stretch gentle and slow. 3) Do not bounce or force the end range. 4) Breathe steadily and aim for a mild pull rather than pain. 5) Use a light band first and make sure it is anchored or held securely before adding tension. 6) Warm up first or do these after activity if holding a longer static stretch.,
Stretch/Mobility,ST571,Wrist Flexor Stretch with Fingers Down,"Arms, Wrists & Hands","Wrist flexors, forearm",Beginner,Wall,Standing,Static stretch,Common,Place the palm on a wall with fingers pointing down and gently straighten the elbow.,https://www.mayoclinic.org/healthy-lifestyle/fitness/in-depth/stretching/art-20047931; https://www.mayoclinic.org/healthy-lifestyle/fitness/in-depth/stretching/art-20546848; https://www.nhs.uk/live-well/exercise/flexibility-exercises/; https://www.acefitness.org/resources/everyone/exercise-library/,"1) Extend the arm or place the hand on the wall, table, or floor as needed for the variation. 2) Place the palm on a wall with fingers pointing down and gently straighten the elbow. 3) Apply light pressure until you feel a mild stretch through the wrist, hand, or forearm. 4) Hold while breathing calmly, then release slowly. 5) Repeat with the opposite hand or direction when needed.","1) Use light pressure because wrists and fingers can be sensitive. 2) Keep the stretch gentle and slow. 3) Do not bounce or force the end range. 4) Breathe steadily and aim for a mild pull rather than pain. 5) Stand close enough to control the movement without jamming your wrists, shoulders, or back. 6) Warm up first or do these after activity if holding a longer static stretch.",
Stretch/Mobility,ST572,Wrist Flexor Stretch with Fingers Out,"Arms, Wrists & Hands","Wrist flexors, forearm",Beginner,Wall,Standing,Static stretch,Variant,Place the palm on a wall with fingers angled outward and rotate gently away.,https://www.mayoclinic.org/healthy-lifestyle/fitness/in-depth/stretching/art-20047931; https://www.mayoclinic.org/healthy-lifestyle/fitness/in-depth/stretching/art-20546848; https://www.nhs.uk/live-well/exercise/flexibility-exercises/; https://www.acefitness.org/resources/everyone/exercise-library/,"1) Extend the arm or place the hand on the wall, table, or floor as needed for the variation. 2) Place the palm on a wall with fingers angled outward and rotate gently away. 3) Apply light pressure until you feel a mild stretch through the wrist, hand, or forearm. 4) Hold while breathing calmly, then release slowly. 5) Repeat with the opposite hand or direction when needed.","1) Use light pressure because wrists and fingers can be sensitive. 2) Keep the stretch gentle and slow. 3) Do not bounce or force the end range. 4) Breathe steadily and aim for a mild pull rather than pain. 5) Stand close enough to control the movement without jamming your wrists, shoulders, or back. 6) Warm up first or do these after activity if holding a longer static stretch.",
Stretch/Mobility,ST573,Wrist Extensor Stretch with Fist,"Arms, Wrists & Hands","Wrist extensors, forearm",Beginner,None,Seated or standing,Static stretch,Common,Make a loose fist and gently bend the wrist downward with the other hand.,https://www.mayoclinic.org/healthy-lifestyle/fitness/in-depth/stretching/art-20047931; https://www.mayoclinic.org/healthy-lifestyle/fitness/in-depth/stretching/art-20546848; https://www.nhs.uk/live-well/exercise/flexibility-exercises/; https://www.acefitness.org/resources/everyone/exercise-library/,"1) Extend the arm or place the hand on the wall, table, or floor as needed for the variation. 2) Make a loose fist and gently bend the wrist downward with the other hand. 3) Apply light pressure until you feel a mild stretch through the wrist, hand, or forearm. 4) Hold while breathing calmly, then release slowly. 5) Repeat with the opposite hand or direction when needed.",1) Use light pressure because wrists and fingers can be sensitive. 2) Keep the stretch gentle and slow. 3) Do not bounce or force the end range. 4) Breathe steadily and aim for a mild pull rather than pain. 5) Warm up first or do these after activity if holding a longer static stretch.,
Stretch/Mobility,ST574,Wrist Extensor Stretch with Open Hand,"Arms, Wrists & Hands","Wrist extensors, forearm",Beginner,None,Seated or standing,Static stretch,Common,Keep the fingers open and gently flex the wrist with the opposite hand.,https://www.mayoclinic.org/healthy-lifestyle/fitness/in-depth/stretching/art-20047931; https://www.mayoclinic.org/healthy-lifestyle/fitness/in-depth/stretching/art-20546848; https://www.nhs.uk/live-well/exercise/flexibility-exercises/; https://www.acefitness.org/resources/everyone/exercise-library/,"1) Extend the arm or place the hand on the wall, table, or floor as needed for the variation. 2) Keep the fingers open and gently flex the wrist with the opposite hand. 3) Apply light pressure until you feel a mild stretch through the wrist, hand, or forearm. 4) Hold while breathing calmly, then release slowly. 5) Repeat with the opposite hand or direction when needed.",1) Use light pressure because wrists and fingers can be sensitive. 2) Keep the stretch gentle and slow. 3) Do not bounce or force the end range. 4) Breathe steadily and aim for a mild pull rather than pain. 5) Warm up first or do these after activity if holding a longer static stretch.,
Stretch/Mobility,ST575,Tabletop Wrist Circles,"Arms, Wrists & Hands","Wrists, forearms",Beginner,None,Quadruped,Mobility,Common,Place palms on the floor and make small circles over the wrists.,https://www.mayoclinic.org/healthy-lifestyle/fitness/in-depth/stretching/art-20047931; https://www.mayoclinic.org/healthy-lifestyle/fitness/in-depth/stretching/art-20546848; https://www.nhs.uk/live-well/exercise/flexibility-exercises/; https://www.acefitness.org/resources/everyone/exercise-library/,"1) Extend the arm or place the hand on the wall, table, or floor as needed for the variation. 2) Place palms on the floor and make small circles over the wrists. 3) Apply light pressure until you feel a mild stretch through the wrist, hand, or forearm. 4) Hold while breathing calmly, then release slowly. 5) Repeat with the opposite hand or direction when needed.",1) Use light pressure because wrists and fingers can be sensitive. 2) Keep the stretch gentle and slow. 3) Do not bounce or force the end range. 4) Breathe steadily and aim for a mild pull rather than pain. 5) Warm up first or do these after activity if holding a longer static stretch.,
Stretch/Mobility,ST576,Tabletop Wrist Figure Eight,"Arms, Wrists & Hands","Wrists, forearms",Beginner,None,Quadruped,Mobility,Variant,Shift the shoulders in a small figure-eight path over the hands.,https://www.mayoclinic.org/healthy-lifestyle/fitness/in-depth/stretching/art-20047931; https://www.mayoclinic.org/healthy-lifestyle/fitness/in-depth/stretching/art-20546848; https://www.nhs.uk/live-well/exercise/flexibility-exercises/; https://www.acefitness.org/resources/everyone/exercise-library/,"1) Extend the arm or place the hand on the wall, table, or floor as needed for the variation. 2) Shift the shoulders in a small figure-eight path over the hands. 3) Apply light pressure until you feel a mild stretch through the wrist, hand, or forearm. 4) Hold while breathing calmly, then release slowly. 5) Repeat with the opposite hand or direction when needed.",1) Use light pressure because wrists and fingers can be sensitive. 2) Keep the stretch gentle and slow. 3) Do not bounce or force the end range. 4) Breathe steadily and aim for a mild pull rather than pain. 5) Warm up first or do these after activity if holding a longer static stretch.,
Stretch/Mobility,ST577,Palm Heel Lift Mobility,"Arms, Wrists & Hands","Wrists, palms",Beginner,Table or floor,Quadruped or standing,Mobility,Common,"Keep fingers down and lift the heel of the palm slightly, then lower.",https://www.mayoclinic.org/healthy-lifestyle/fitness/in-depth/stretching/art-20047931; https://www.mayoclinic.org/healthy-lifestyle/fitness/in-depth/stretching/art-20546848; https://www.nhs.uk/live-well/exercise/flexibility-exercises/; https://www.acefitness.org/resources/everyone/exercise-library/,"1) Extend the arm or place the hand on the wall, table, or floor as needed for the variation. 2) Keep fingers down and lift the heel of the palm slightly, then lower. 3) Apply light pressure until you feel a mild stretch through the wrist, hand, or forearm. 4) Hold while breathing calmly, then release slowly. 5) Repeat with the opposite hand or direction when needed.",1) Use light pressure because wrists and fingers can be sensitive. 2) Keep the stretch gentle and slow. 3) Do not bounce or force the end range. 4) Breathe steadily and aim for a mild pull rather than pain. 5) Warm up first or do these after activity if holding a longer static stretch.,
Stretch/Mobility,ST578,Knuckle Wrist Rock Sideways,"Arms, Wrists & Hands","Wrists, forearms",Beginner,None,Quadruped,Mobility,Variant,Rest on knuckles lightly and rock side to side.,https://www.mayoclinic.org/healthy-lifestyle/fitness/in-depth/stretching/art-20047931; https://www.mayoclinic.org/healthy-lifestyle/fitness/in-depth/stretching/art-20546848; https://www.nhs.uk/live-well/exercise/flexibility-exercises/; https://www.acefitness.org/resources/everyone/exercise-library/,"1) Extend the arm or place the hand on the wall, table, or floor as needed for the variation. 2) Rest on knuckles lightly and rock side to side. 3) Apply light pressure until you feel a mild stretch through the wrist, hand, or forearm. 4) Hold while breathing calmly, then release slowly. 5) Repeat with the opposite hand or direction when needed.",1) Use light pressure because wrists and fingers can be sensitive. 2) Keep the stretch gentle and slow. 3) Do not bounce or force the end range. 4) Breathe steadily and aim for a mild pull rather than pain. 5) Warm up first or do these after activity if holding a longer static stretch.,
Stretch/Mobility,ST579,Back-of-Hand Wrist Rock,"Arms, Wrists & Hands","Wrist extensors, forearms",Intermediate,None,Quadruped,Mobility,Variant,Place the backs of the hands on the floor and gently rock backward.,https://www.mayoclinic.org/healthy-lifestyle/fitness/in-depth/stretching/art-20047931; https://www.mayoclinic.org/healthy-lifestyle/fitness/in-depth/stretching/art-20546848; https://www.nhs.uk/live-well/exercise/flexibility-exercises/; https://www.acefitness.org/resources/everyone/exercise-library/,"1) Extend the arm or place the hand on the wall, table, or floor as needed for the variation. 2) Place the backs of the hands on the floor and gently rock backward. 3) Apply light pressure until you feel a mild stretch through the wrist, hand, or forearm. 4) Hold while breathing calmly, then release slowly. 5) Repeat with the opposite hand or direction when needed.",1) Use light pressure because wrists and fingers can be sensitive. 2) Keep the stretch gentle and slow. 3) Do not bounce or force the end range. 4) Breathe steadily and aim for a mild pull rather than pain. 5) Warm up first or do these after activity if holding a longer static stretch.,
Stretch/Mobility,ST580,Finger Tendon Glide Hook,"Arms, Wrists & Hands",Finger flexors,Beginner,None,Seated or standing,Mobility,Common,Move the fingers into a hook shape while keeping the knuckles mostly straight.,https://www.mayoclinic.org/healthy-lifestyle/fitness/in-depth/stretching/art-20047931; https://www.mayoclinic.org/healthy-lifestyle/fitness/in-depth/stretching/art-20546848; https://www.nhs.uk/live-well/exercise/flexibility-exercises/; https://www.acefitness.org/resources/everyone/exercise-library/,"1) Extend the arm or place the hand on the wall, table, or floor as needed for the variation. 2) Move the fingers into a hook shape while keeping the knuckles mostly straight. 3) Apply light pressure until you feel a mild stretch through the wrist, hand, or forearm. 4) Hold while breathing calmly, then release slowly. 5) Repeat with the opposite hand or direction when needed.",1) Use light pressure because wrists and fingers can be sensitive. 2) Keep the stretch gentle and slow. 3) Do not bounce or force the end range. 4) Breathe steadily and aim for a mild pull rather than pain. 5) Warm up first or do these after activity if holding a longer static stretch.,"Open hand | Adult demonstrating Finger Tendon Glide Hook at the open hand step: Moving limbs: none. Stable anatomy: exactly one anatomical right hand faces camera, thumb viewer-right, four fingers long and relaxed, wrist neutral, forearm supported. Camera: close three-quarter palm view. Viewer-side check: five distinct digits only and correct right-palm thumb placement. Must not show bent/fused/extra fingers, fist, dorsal hand, twisted wrist or second hand. | https://imagedelivery.net/TDuhqfLDl0Fb8RGwGw6mYw/1390ae06-babb-4a1d-cb17-7f0bd302cb00/public ;; Hook shape | Adult demonstrating Finger Tendon Glide Hook at the hook shape step: Moving limbs: PIP/DIP joints of index, middle, ring and little fingers curl down while the large MCP/base knuckles remain mostly straight; thumb stays relaxed. Stable anatomy: same single right palm and neutral wrist. Camera: same close palm view. Viewer-side check: five digits remain distinct, MCP leader lands at finger-base knuckle, curl leader/arrow land at fingertips. Must not show full fist, fingertips touching palm, extra/fused digits or second hand. | https://imagedelivery.net/TDuhqfLDl0Fb8RGwGw6mYw/93a0fb50-b88e-42e8-6a6f-7723a84fbf00/public"
Stretch/Mobility,ST581,Finger Tendon Glide Tabletop,"Arms, Wrists & Hands",Finger tendons,Beginner,None,Seated or standing,Mobility,Common,Bend the large knuckles to make a tabletop hand shape.,https://www.mayoclinic.org/healthy-lifestyle/fitness/in-depth/stretching/art-20047931; https://www.mayoclinic.org/healthy-lifestyle/fitness/in-depth/stretching/art-20546848; https://www.nhs.uk/live-well/exercise/flexibility-exercises/; https://www.acefitness.org/resources/everyone/exercise-library/,"1) Extend the arm or place the hand on the wall, table, or floor as needed for the variation. 2) Bend the large knuckles to make a tabletop hand shape. 3) Apply light pressure until you feel a mild stretch through the wrist, hand, or forearm. 4) Hold while breathing calmly, then release slowly. 5) Repeat with the opposite hand or direction when needed.",1) Use light pressure because wrists and fingers can be sensitive. 2) Keep the stretch gentle and slow. 3) Do not bounce or force the end range. 4) Breathe steadily and aim for a mild pull rather than pain. 5) Warm up first or do these after activity if holding a longer static stretch.,Open hand | Adult demonstrating Finger Tendon Glide Tabletop at the open hand step: neutral open-hand identity reference. | https://imagedelivery.net/TDuhqfLDl0Fb8RGwGw6mYw/a278746d-6645-44cd-aa5f-bedd10ca7900/public ;; Tabletop shape | Adult demonstrating Finger Tendon Glide Tabletop at the tabletop shape step: true tabletop tendon-glide shape. | https://imagedelivery.net/TDuhqfLDl0Fb8RGwGw6mYw/c4b5b385-eb1b-4153-a742-f8cc05f78200/public
Stretch/Mobility,ST582,Finger Tendon Glide Straight Fist,"Arms, Wrists & Hands",Finger tendons,Beginner,None,Seated or standing,Mobility,Common,Curl the fingertips into a straight fist and then open the hand.,https://www.mayoclinic.org/healthy-lifestyle/fitness/in-depth/stretching/art-20047931; https://www.mayoclinic.org/healthy-lifestyle/fitness/in-depth/stretching/art-20546848; https://www.nhs.uk/live-well/exercise/flexibility-exercises/; https://www.acefitness.org/resources/everyone/exercise-library/,"1) Extend the arm or place the hand on the wall, table, or floor as needed for the variation. 2) Curl the fingertips into a straight fist and then open the hand. 3) Apply light pressure until you feel a mild stretch through the wrist, hand, or forearm. 4) Hold while breathing calmly, then release slowly. 5) Repeat with the opposite hand or direction when needed.",1) Use light pressure because wrists and fingers can be sensitive. 2) Keep the stretch gentle and slow. 3) Do not bounce or force the end range. 4) Breathe steadily and aim for a mild pull rather than pain. 5) Warm up first or do these after activity if holding a longer static stretch.,"Open hand | Adult demonstrating Finger Tendon Glide Straight Fist at the open hand step: relaxed open hand, not rigidly splayed. | https://imagedelivery.net/TDuhqfLDl0Fb8RGwGw6mYw/57d2be3e-2e4b-4cfb-9588-302090e0fa00/public ;; Straight fist | Adult demonstrating Finger Tendon Glide Straight Fist at the straight fist step: flat/straight fist with fingertips directed into the palm, not a hook fist and not a full closed fist. | https://imagedelivery.net/TDuhqfLDl0Fb8RGwGw6mYw/e75b9cad-78a7-4050-c2e2-b6ccd0443200/public"
Stretch/Mobility,ST583,Thumb Web-Space Stretch,"Arms, Wrists & Hands","Thumb, palm",Beginner,None,Seated or standing,Static stretch,Common,Gently open the space between the thumb and index finger.,https://www.mayoclinic.org/healthy-lifestyle/fitness/in-depth/stretching/art-20047931; https://www.mayoclinic.org/healthy-lifestyle/fitness/in-depth/stretching/art-20546848; https://www.nhs.uk/live-well/exercise/flexibility-exercises/; https://www.acefitness.org/resources/everyone/exercise-library/,"1) Extend the arm or place the hand on the wall, table, or floor as needed for the variation. 2) Gently open the space between the thumb and index finger. 3) Apply light pressure until you feel a mild stretch through the wrist, hand, or forearm. 4) Hold while breathing calmly, then release slowly. 5) Repeat with the opposite hand or direction when needed.",1) Use light pressure because wrists and fingers can be sensitive. 2) Keep the stretch gentle and slow. 3) Do not bounce or force the end range. 4) Breathe steadily and aim for a mild pull rather than pain. 5) Warm up first or do these after activity if holding a longer static stretch.,Web-space setup | Adult demonstrating Thumb Web-Space Stretch at the web-space setup step: relaxed open L shape between the left thumb and index. | https://imagedelivery.net/TDuhqfLDl0Fb8RGwGw6mYw/612bab7f-cb12-4e22-1776-60b118628600/public ;; Gentle web-space opening | Adult demonstrating Thumb Web-Space Stretch at the gentle web-space opening step: mild opening through the web space without joint hyperextension. | https://imagedelivery.net/TDuhqfLDl0Fb8RGwGw6mYw/93cabaa7-a393-4396-d89b-498579d1c300/public
Stretch/Mobility,ST584,Thumb Opposition Stretch,"Arms, Wrists & Hands","Thumb, palm",Beginner,None,Seated or standing,Mobility,Common,"Touch the thumb toward each fingertip, then gently open the hand.",https://www.mayoclinic.org/healthy-lifestyle/fitness/in-depth/stretching/art-20047931; https://www.mayoclinic.org/healthy-lifestyle/fitness/in-depth/stretching/art-20546848; https://www.nhs.uk/live-well/exercise/flexibility-exercises/; https://www.acefitness.org/resources/everyone/exercise-library/,"1) Extend the arm or place the hand on the wall, table, or floor as needed for the variation. 2) Touch the thumb toward each fingertip, then gently open the hand. 3) Apply light pressure until you feel a mild stretch through the wrist, hand, or forearm. 4) Hold while breathing calmly, then release slowly. 5) Repeat with the opposite hand or direction when needed.",1) Use light pressure because wrists and fingers can be sensitive. 2) Keep the stretch gentle and slow. 3) Do not bounce or force the end range. 4) Breathe steadily and aim for a mild pull rather than pain. 5) Warm up first or do these after activity if holding a longer static stretch.,Open palm | Adult demonstrating Thumb Opposition Stretch at the open palm step: exactly five separated natural digits. | https://imagedelivery.net/TDuhqfLDl0Fb8RGwGw6mYw/14bd0ed6-3efa-41ba-bcbd-a5e36be61100/public ;; Thumb opposition | Adult demonstrating Thumb Opposition Stretch at the thumb opposition step: distinct thumb and little-finger pads make light visible contact; wrist neutral. | https://imagedelivery.net/TDuhqfLDl0Fb8RGwGw6mYw/04d86116-0bbf-42da-710d-962a5e58d200/public
Stretch/Mobility,ST585,Finger Abduction Stretch,"Arms, Wrists & Hands",Finger web spaces,Beginner,None,Seated or standing,Mobility,Variant,Spread the fingers apart and gently assist between fingers if needed.,https://www.mayoclinic.org/healthy-lifestyle/fitness/in-depth/stretching/art-20047931; https://www.mayoclinic.org/healthy-lifestyle/fitness/in-depth/stretching/art-20546848; https://www.nhs.uk/live-well/exercise/flexibility-exercises/; https://www.acefitness.org/resources/everyone/exercise-library/,"1) Extend the arm or place the hand on the wall, table, or floor as needed for the variation. 2) Spread the fingers apart and gently assist between fingers if needed. 3) Apply light pressure until you feel a mild stretch through the wrist, hand, or forearm. 4) Hold while breathing calmly, then release slowly. 5) Repeat with the opposite hand or direction when needed.",1) Use light pressure because wrists and fingers can be sensitive. 2) Keep the stretch gentle and slow. 3) Do not bounce or force the end range. 4) Breathe steadily and aim for a mild pull rather than pain. 5) Warm up first or do these after activity if holding a longer static stretch.,
Stretch/Mobility,ST586,Finger Extension Against Table,"Arms, Wrists & Hands","Fingers, palms",Beginner,Table,Seated or standing,Static stretch,Common,Place the palm on a table and gently straighten one finger at a time.,https://www.mayoclinic.org/healthy-lifestyle/fitness/in-depth/stretching/art-20047931; https://www.mayoclinic.org/healthy-lifestyle/fitness/in-depth/stretching/art-20546848; https://www.nhs.uk/live-well/exercise/flexibility-exercises/; https://www.acefitness.org/resources/everyone/exercise-library/,"1) Extend the arm or place the hand on the wall, table, or floor as needed for the variation. 2) Place the palm on a table and gently straighten one finger at a time. 3) Apply light pressure until you feel a mild stretch through the wrist, hand, or forearm. 4) Hold while breathing calmly, then release slowly. 5) Repeat with the opposite hand or direction when needed.",1) Use light pressure because wrists and fingers can be sensitive. 2) Keep the stretch gentle and slow. 3) Do not bounce or force the end range. 4) Breathe steadily and aim for a mild pull rather than pain. 5) Warm up first or do these after activity if holding a longer static stretch.,"Palm-down setup | Adult demonstrating Finger Extension Against Table at the palm-down setup step: Palm rests on table; wrist neutral; five fingers relaxed and separated; no stretch pressure yet. Must not show palm-up, clenched fist, bent wrist, missing or extra fingers, assisting hand, wall, floor, or painful force. | https://imagedelivery.net/TDuhqfLDl0Fb8RGwGw6mYw/cf00ca58-5a62-44d7-d614-da290f6f1b00/public ;; Gentle finger extension | Adult demonstrating Finger Extension Against Table at the gentle finger extension step: RIGHT palm stays down; wrist stays neutral; RIGHT index finger lengthens gently against table; other target fingers remain relaxed; light assistance only. Must not show finger bent backward off table, palm lifting, wrist flexion, multiple target fingers forced, painful pressure, extra or missing fingers, full second hand obscuring anatomy. | https://imagedelivery.net/TDuhqfLDl0Fb8RGwGw6mYw/9d578532-9ba7-47f4-dbbc-0494429fbd00/public"
Stretch/Mobility,ST587,Forearm Pronator Stretch,"Arms, Wrists & Hands","Forearm, elbow",Beginner,None,Seated or standing,Static stretch,Variant,Hold one forearm and gently rotate the palm upward.,https://www.mayoclinic.org/healthy-lifestyle/fitness/in-depth/stretching/art-20047931; https://www.mayoclinic.org/healthy-lifestyle/fitness/in-depth/stretching/art-20546848; https://www.nhs.uk/live-well/exercise/flexibility-exercises/; https://www.acefitness.org/resources/everyone/exercise-library/,"1) Extend the arm or place the hand on the wall, table, or floor as needed for the variation. 2) Hold one forearm and gently rotate the palm upward. 3) Apply light pressure until you feel a mild stretch through the wrist, hand, or forearm. 4) Hold while breathing calmly, then release slowly. 5) Repeat with the opposite hand or direction when needed.",1) Use light pressure because wrists and fingers can be sensitive. 2) Keep the stretch gentle and slow. 3) Do not bounce or force the end range. 4) Breathe steadily and aim for a mild pull rather than pain. 5) Warm up first or do these after activity if holding a longer static stretch.,
Stretch/Mobility,ST588,Forearm Supinator Stretch,"Arms, Wrists & Hands","Forearm, elbow",Beginner,None,Seated or standing,Static stretch,Variant,Hold one forearm and gently rotate the palm downward.,https://www.mayoclinic.org/healthy-lifestyle/fitness/in-depth/stretching/art-20047931; https://www.mayoclinic.org/healthy-lifestyle/fitness/in-depth/stretching/art-20546848; https://www.nhs.uk/live-well/exercise/flexibility-exercises/; https://www.acefitness.org/resources/everyone/exercise-library/,"1) Extend the arm or place the hand on the wall, table, or floor as needed for the variation. 2) Hold one forearm and gently rotate the palm downward. 3) Apply light pressure until you feel a mild stretch through the wrist, hand, or forearm. 4) Hold while breathing calmly, then release slowly. 5) Repeat with the opposite hand or direction when needed.",1) Use light pressure because wrists and fingers can be sensitive. 2) Keep the stretch gentle and slow. 3) Do not bounce or force the end range. 4) Breathe steadily and aim for a mild pull rather than pain. 5) Warm up first or do these after activity if holding a longer static stretch.,
Stretch/Mobility,ST589,Elbow Flexor Stretch,"Arms, Wrists & Hands","Biceps, front elbow",Beginner,Wall,Standing,Static stretch,Common,Place the palm on a wall and slowly straighten the elbow.,https://www.mayoclinic.org/healthy-lifestyle/fitness/in-depth/stretching/art-20047931; https://www.mayoclinic.org/healthy-lifestyle/fitness/in-depth/stretching/art-20546848; https://www.nhs.uk/live-well/exercise/flexibility-exercises/; https://www.acefitness.org/resources/everyone/exercise-library/,"1) Extend the arm or place the hand on the wall, table, or floor as needed for the variation. 2) Place the palm on a wall and slowly straighten the elbow. 3) Apply light pressure until you feel a mild stretch through the wrist, hand, or forearm. 4) Hold while breathing calmly, then release slowly. 5) Repeat with the opposite hand or direction when needed.","1) Use light pressure because wrists and fingers can be sensitive. 2) Keep the stretch gentle and slow. 3) Do not bounce or force the end range. 4) Breathe steadily and aim for a mild pull rather than pain. 5) Stand close enough to control the movement without jamming your wrists, shoulders, or back. 6) Warm up first or do these after activity if holding a longer static stretch.",Bent-elbow wall setup | Adult demonstrating Elbow Flexor Stretch at the bent-elbow wall setup step: light wall contact. | https://imagedelivery.net/TDuhqfLDl0Fb8RGwGw6mYw/8aa519cf-4066-4ac0-1bc1-be54fcff6e00/public ;; Straight-arm endpoint | Adult demonstrating Elbow Flexor Stretch at the straight-arm endpoint step: mild stretch across front elbow and biceps without joint lock. | https://imagedelivery.net/TDuhqfLDl0Fb8RGwGw6mYw/7a98cf5f-48e7-41a8-218a-ad2e9fc7b300/public
Stretch/Mobility,ST590,Elbow Extensor Stretch,"Arms, Wrists & Hands","Triceps, back elbow",Beginner,None,Standing or seated,Static stretch,Common,Bend the elbow and gently guide the hand behind the shoulder.,https://www.mayoclinic.org/healthy-lifestyle/fitness/in-depth/stretching/art-20047931; https://www.mayoclinic.org/healthy-lifestyle/fitness/in-depth/stretching/art-20546848; https://www.nhs.uk/live-well/exercise/flexibility-exercises/; https://www.acefitness.org/resources/everyone/exercise-library/,"1) Extend the arm or place the hand on the wall, table, or floor as needed for the variation. 2) Bend the elbow and gently guide the hand behind the shoulder. 3) Apply light pressure until you feel a mild stretch through the wrist, hand, or forearm. 4) Hold while breathing calmly, then release slowly. 5) Repeat with the opposite hand or direction when needed.",1) Use light pressure because wrists and fingers can be sensitive. 2) Keep the stretch gentle and slow. 3) Do not bounce or force the end range. 4) Breathe steadily and aim for a mild pull rather than pain. 5) Warm up first or do these after activity if holding a longer static stretch.,"overhead-reach | Adult demonstrating Elbow Extensor Stretch at the overhead-reach step: elbow straight beside the ear, shoulders down, ribs stacked. | https://imagedelivery.net/TDuhqfLDl0Fb8RGwGw6mYw/86ff323a-f7d2-4d31-5ba8-e920046d0100/public ;; bent-elbow-stretch | Adult demonstrating Elbow Extensor Stretch at the bent-elbow-stretch step: raised elbow points up while torso stays tall. | https://imagedelivery.net/TDuhqfLDl0Fb8RGwGw6mYw/1bbf4152-2de8-4597-e54e-bfa855cb6c00/public"
Stretch/Mobility,ST591,Triceps Cross-Body Stretch,"Arms, Wrists & Hands","Triceps, rear shoulder",Beginner,None,Standing or seated,Static stretch,Variant,Bring one bent elbow across the body and guide it with the other hand.,https://www.mayoclinic.org/healthy-lifestyle/fitness/in-depth/stretching/art-20047931; https://www.mayoclinic.org/healthy-lifestyle/fitness/in-depth/stretching/art-20546848; https://www.nhs.uk/live-well/exercise/flexibility-exercises/; https://www.acefitness.org/resources/everyone/exercise-library/,"1) Extend the arm or place the hand on the wall, table, or floor as needed for the variation. 2) Bring one bent elbow across the body and guide it with the other hand. 3) Apply light pressure until you feel a mild stretch through the wrist, hand, or forearm. 4) Hold while breathing calmly, then release slowly. 5) Repeat with the opposite hand or direction when needed.",1) Use light pressure because wrists and fingers can be sensitive. 2) Keep the stretch gentle and slow. 3) Do not bounce or force the end range. 4) Breathe steadily and aim for a mild pull rather than pain. 5) Warm up first or do these after activity if holding a longer static stretch.,
Stretch/Mobility,ST592,Ulnar Nerve Glide Prep,"Arms, Wrists & Hands","Forearm, hand nerve glide",Beginner,None,Seated or standing,Mobility,Variant,Make a gentle okay-sign shape and move the elbow slightly in and out.,https://www.mayoclinic.org/healthy-lifestyle/fitness/in-depth/stretching/art-20047931; https://www.mayoclinic.org/healthy-lifestyle/fitness/in-depth/stretching/art-20546848; https://www.nhs.uk/live-well/exercise/flexibility-exercises/; https://www.acefitness.org/resources/everyone/exercise-library/,"1) Stand or sit tall and keep the movement very gentle. 2) Make a gentle okay-sign shape and move the elbow slightly in and out. 3) Move in and out of the position rather than holding a hard stretch. 4) Stop well before tingling, numbness, or symptoms increase. 5) Repeat slowly on the other side if appropriate.","1) This should feel like a gentle glide, not an intense stretch. 2) Do not hold the end position. 3) Stop if tingling, numbness, or radiating symptoms increase. 4) Warm up first or do these after activity if holding a longer static stretch.",
Stretch/Mobility,ST593,Median Nerve Glide Prep,"Arms, Wrists & Hands","Forearm, palm nerve glide",Beginner,None,Seated or standing,Mobility,Variant,Open the palm to the side and gently move the wrist and head in opposite directions.,https://www.mayoclinic.org/healthy-lifestyle/fitness/in-depth/stretching/art-20047931; https://www.mayoclinic.org/healthy-lifestyle/fitness/in-depth/stretching/art-20546848; https://www.nhs.uk/live-well/exercise/flexibility-exercises/; https://www.acefitness.org/resources/everyone/exercise-library/,"1) Stand or sit tall and keep the movement very gentle. 2) Open the palm to the side and gently move the wrist and head in opposite directions. 3) Move in and out of the position rather than holding a hard stretch. 4) Stop well before tingling, numbness, or symptoms increase. 5) Repeat slowly on the other side if appropriate.","1) This should feel like a gentle glide, not an intense stretch. 2) Do not hold the end position. 3) Stop if tingling, numbness, or radiating symptoms increase. 4) Warm up first or do these after activity if holding a longer static stretch.",
Stretch/Mobility,ST594,Radial Nerve Glide Prep,"Arms, Wrists & Hands","Forearm, thumb-side nerve glide",Beginner,None,Seated or standing,Mobility,Variant,Turn the thumb inward gently and move the arm slightly away from the body.,https://www.mayoclinic.org/healthy-lifestyle/fitness/in-depth/stretching/art-20047931; https://www.mayoclinic.org/healthy-lifestyle/fitness/in-depth/stretching/art-20546848; https://www.nhs.uk/live-well/exercise/flexibility-exercises/; https://www.acefitness.org/resources/everyone/exercise-library/,"1) Stand or sit tall and keep the movement very gentle. 2) Turn the thumb inward gently and move the arm slightly away from the body. 3) Move in and out of the position rather than holding a hard stretch. 4) Stop well before tingling, numbness, or symptoms increase. 5) Repeat slowly on the other side if appropriate.","1) This should feel like a gentle glide, not an intense stretch. 2) Do not hold the end position. 3) Stop if tingling, numbness, or radiating symptoms increase. 4) Warm up first or do these after activity if holding a longer static stretch.",
Stretch/Mobility,ST595,Wrist Radial Deviation Stretch,"Arms, Wrists & Hands","Wrist, forearm",Beginner,None,Seated or standing,Static stretch,Variant,"Guide the hand toward the thumb side lightly, then release.",https://www.mayoclinic.org/healthy-lifestyle/fitness/in-depth/stretching/art-20047931; https://www.mayoclinic.org/healthy-lifestyle/fitness/in-depth/stretching/art-20546848; https://www.nhs.uk/live-well/exercise/flexibility-exercises/; https://www.acefitness.org/resources/everyone/exercise-library/,"1) Extend the arm or place the hand on the wall, table, or floor as needed for the variation. 2) Guide the hand toward the thumb side lightly, then release. 3) Apply light pressure until you feel a mild stretch through the wrist, hand, or forearm. 4) Hold while breathing calmly, then release slowly. 5) Repeat with the opposite hand or direction when needed.",1) Use light pressure because wrists and fingers can be sensitive. 2) Keep the stretch gentle and slow. 3) Do not bounce or force the end range. 4) Breathe steadily and aim for a mild pull rather than pain. 5) Warm up first or do these after activity if holding a longer static stretch.,
Stretch/Mobility,ST596,Wrist Ulnar Deviation Stretch,"Arms, Wrists & Hands","Wrist, forearm",Beginner,None,Seated or standing,Static stretch,Variant,"Guide the hand toward the pinky side lightly, then release.",https://www.mayoclinic.org/healthy-lifestyle/fitness/in-depth/stretching/art-20047931; https://www.mayoclinic.org/healthy-lifestyle/fitness/in-depth/stretching/art-20546848; https://www.nhs.uk/live-well/exercise/flexibility-exercises/; https://www.acefitness.org/resources/everyone/exercise-library/,"1) Extend the arm or place the hand on the wall, table, or floor as needed for the variation. 2) Guide the hand toward the pinky side lightly, then release. 3) Apply light pressure until you feel a mild stretch through the wrist, hand, or forearm. 4) Hold while breathing calmly, then release slowly. 5) Repeat with the opposite hand or direction when needed.",1) Use light pressure because wrists and fingers can be sensitive. 2) Keep the stretch gentle and slow. 3) Do not bounce or force the end range. 4) Breathe steadily and aim for a mild pull rather than pain. 5) Warm up first or do these after activity if holding a longer static stretch.,
Stretch/Mobility,ST597,Palm Press with Elbow Lift,"Arms, Wrists & Hands","Wrists, palms, forearms",Beginner,None,Standing or seated,Mobility,Common,Press palms together and slowly lift or lower the elbows.,https://www.mayoclinic.org/healthy-lifestyle/fitness/in-depth/stretching/art-20047931; https://www.mayoclinic.org/healthy-lifestyle/fitness/in-depth/stretching/art-20546848; https://www.nhs.uk/live-well/exercise/flexibility-exercises/; https://www.acefitness.org/resources/everyone/exercise-library/,"1) Extend the arm or place the hand on the wall, table, or floor as needed for the variation. 2) Press palms together and slowly lift or lower the elbows. 3) Apply light pressure until you feel a mild stretch through the wrist, hand, or forearm. 4) Hold while breathing calmly, then release slowly. 5) Repeat with the opposite hand or direction when needed.",1) Use light pressure because wrists and fingers can be sensitive. 2) Keep the stretch gentle and slow. 3) Do not bounce or force the end range. 4) Breathe steadily and aim for a mild pull rather than pain. 5) Warm up first or do these after activity if holding a longer static stretch.,"palm-press | Adult demonstrating Palm Press with Elbow Lift at the palm-press step: torso tall. | https://imagedelivery.net/TDuhqfLDl0Fb8RGwGw6mYw/11932a61-1227-4840-bfa1-06740b757200/public ;; elbows-lifted | Adult demonstrating Palm Press with Elbow Lift at the elbows-lifted step: Moving limbs: both elbows lift outward and upward symmetrically. Stable limbs: palms stay firmly pressed, shoulders down, torso tall. Camera: same three-quarter front. Viewer-side check: elbows reach approximately wrist height. Must not show: separated palms, interlaced fingers, shrugging, extra limbs. | https://imagedelivery.net/TDuhqfLDl0Fb8RGwGw6mYw/e54c2b3b-b46b-415c-a067-e7a02c615a00/public"
Stretch/Mobility,ST598,Wall Wrist Extension with Fingers Out,"Arms, Wrists & Hands","Wrists, forearms",Beginner,Wall,Standing,Static stretch,Variant,Place palms on a wall with fingers angled outward and lean in gently.,https://www.mayoclinic.org/healthy-lifestyle/fitness/in-depth/stretching/art-20047931; https://www.mayoclinic.org/healthy-lifestyle/fitness/in-depth/stretching/art-20546848; https://www.nhs.uk/live-well/exercise/flexibility-exercises/; https://www.acefitness.org/resources/everyone/exercise-library/,"1) Extend the arm or place the hand on the wall, table, or floor as needed for the variation. 2) Place palms on a wall with fingers angled outward and lean in gently. 3) Apply light pressure until you feel a mild stretch through the wrist, hand, or forearm. 4) Hold while breathing calmly, then release slowly. 5) Repeat with the opposite hand or direction when needed.","1) Use light pressure because wrists and fingers can be sensitive. 2) Keep the stretch gentle and slow. 3) Do not bounce or force the end range. 4) Breathe steadily and aim for a mild pull rather than pain. 5) Stand close enough to control the movement without jamming your wrists, shoulders, or back. 6) Warm up first or do these after activity if holding a longer static stretch.",
Stretch/Mobility,ST599,Wall Wrist Flexion with Fingers Down,"Arms, Wrists & Hands","Wrists, forearms",Beginner,Wall,Standing,Static stretch,Variant,Place the back of one hand on the wall with fingers down and gently lean away.,https://www.mayoclinic.org/healthy-lifestyle/fitness/in-depth/stretching/art-20047931; https://www.mayoclinic.org/healthy-lifestyle/fitness/in-depth/stretching/art-20546848; https://www.nhs.uk/live-well/exercise/flexibility-exercises/; https://www.acefitness.org/resources/everyone/exercise-library/,"1) Extend the arm or place the hand on the wall, table, or floor as needed for the variation. 2) Place the back of one hand on the wall with fingers down and gently lean away. 3) Apply light pressure until you feel a mild stretch through the wrist, hand, or forearm. 4) Hold while breathing calmly, then release slowly. 5) Repeat with the opposite hand or direction when needed.","1) Use light pressure because wrists and fingers can be sensitive. 2) Keep the stretch gentle and slow. 3) Do not bounce or force the end range. 4) Breathe steadily and aim for a mild pull rather than pain. 5) Stand close enough to control the movement without jamming your wrists, shoulders, or back. 6) Warm up first or do these after activity if holding a longer static stretch.",
Stretch/Mobility,ST600,Towel Twist Forearm Mobility,"Arms, Wrists & Hands","Wrists, forearms",Beginner,Towel,Seated or standing,Mobility,Common,Hold a towel and slowly twist it both directions like wringing water out.,https://www.mayoclinic.org/healthy-lifestyle/fitness/in-depth/stretching/art-20047931; https://www.mayoclinic.org/healthy-lifestyle/fitness/in-depth/stretching/art-20546848; https://www.nhs.uk/live-well/exercise/flexibility-exercises/; https://www.acefitness.org/resources/everyone/exercise-library/,"1) Extend the arm or place the hand on the wall, table, or floor as needed for the variation. 2) Hold a towel and slowly twist it both directions like wringing water out. 3) Apply light pressure until you feel a mild stretch through the wrist, hand, or forearm. 4) Hold while breathing calmly, then release slowly. 5) Repeat with the opposite hand or direction when needed.",1) Use light pressure because wrists and fingers can be sensitive. 2) Keep the stretch gentle and slow. 3) Do not bounce or force the end range. 4) Breathe steadily and aim for a mild pull rather than pain. 5) Keep the towel loose enough to guide the stretch or tension without forcing the joint. 6) Warm up first or do these after activity if holding a longer static stretch.,towel-setup | Adult demonstrating Towel Twist Forearm Mobility at the towel-setup step: neutral wrists and light grip. | https://imagedelivery.net/TDuhqfLDl0Fb8RGwGw6mYw/8d380b41-c35a-4353-ddb0-a07b80338200/public ;; towel-twist | Adult demonstrating Towel Twist Forearm Mobility at the towel-twist step: towel forms a visible gentle spiral. | https://imagedelivery.net/TDuhqfLDl0Fb8RGwGw6mYw/c99e58b8-6c0a-42ee-a77d-1116601e5c00/public
Stretch/Mobility,ST601,Segmental Cat-Cow,"Spine, Back & Ribs","Spine, ribs",Beginner,None,Quadruped,Mobility,Common,Move slowly through cat-cow one section of the spine at a time.,https://www.mayoclinic.org/healthy-lifestyle/fitness/in-depth/stretching/art-20047931; https://www.mayoclinic.org/healthy-lifestyle/fitness/in-depth/stretching/art-20546848; https://www.nhs.uk/live-well/exercise/flexibility-exercises/; https://www.acefitness.org/resources/everyone/exercise-library/,1) Start on hands and knees with hands under shoulders and knees under hips. 2) Move slowly through cat-cow one section of the spine at a time. 3) Move the spine or ribs slowly through the named direction. 4) Pause where you can breathe without strain. 5) Return to center and repeat on the other side if needed.,1) Let the movement come from the ribs and spine instead of forcing the low back. 2) Keep the stretch gentle and slow. 3) Do not bounce or force the end range. 4) Breathe steadily and aim for a mild pull rather than pain. 5) Warm up first or do these after activity if holding a longer static stretch.,
Stretch/Mobility,ST602,Cat-Cow with Lateral Shift,"Spine, Back & Ribs","Spine, ribs, hips",Beginner,None,Quadruped,Mobility,Variant,Move through cat-cow while shifting the hips slightly side to side.,https://www.mayoclinic.org/healthy-lifestyle/fitness/in-depth/stretching/art-20047931; https://www.mayoclinic.org/healthy-lifestyle/fitness/in-depth/stretching/art-20546848; https://www.nhs.uk/live-well/exercise/flexibility-exercises/; https://www.acefitness.org/resources/everyone/exercise-library/,1) Start on hands and knees with hands under shoulders and knees under hips. 2) Move through cat-cow while shifting the hips slightly side to side. 3) Move the spine or ribs slowly through the named direction. 4) Pause where you can breathe without strain. 5) Return to center and repeat on the other side if needed.,1) Let the movement come from the ribs and spine instead of forcing the low back. 2) Keep the stretch gentle and slow. 3) Do not bounce or force the end range. 4) Breathe steadily and aim for a mild pull rather than pain. 5) Warm up first or do these after activity if holding a longer static stretch.,
Stretch/Mobility,ST603,Child's Pose with Thread Reach,"Spine, Back & Ribs","Upper back, lats, ribs",Beginner,None,Kneeling,Static stretch,Variant,"From child’s pose, thread one arm under the other and reach sideways.",https://www.mayoclinic.org/healthy-lifestyle/fitness/in-depth/stretching/art-20047931; https://www.mayoclinic.org/healthy-lifestyle/fitness/in-depth/stretching/art-20546848; https://www.nhs.uk/live-well/exercise/flexibility-exercises/; https://www.acefitness.org/resources/everyone/exercise-library/,"1) Start on hands and knees with hands under shoulders and knees under hips. 2) From child’s pose, thread one arm under the other and reach sideways. 3) Move the spine or ribs slowly through the named direction. 4) Pause where you can breathe without strain. 5) Return to center and repeat on the other side if needed.",1) Let the movement come from the ribs and spine instead of forcing the low back. 2) Keep the stretch gentle and slow. 3) Do not bounce or force the end range. 4) Breathe steadily and aim for a mild pull rather than pain. 5) Warm up first or do these after activity if holding a longer static stretch.,
Stretch/Mobility,ST604,Thread-the-Needle to Sky Reach,"Spine, Back & Ribs","Thoracic spine, shoulders",Beginner,None,Quadruped,Dynamic stretch,Common,"Thread one arm under the body, then open it toward the ceiling.",https://www.mayoclinic.org/healthy-lifestyle/fitness/in-depth/stretching/art-20047931; https://www.mayoclinic.org/healthy-lifestyle/fitness/in-depth/stretching/art-20546848; https://www.nhs.uk/live-well/exercise/flexibility-exercises/; https://www.acefitness.org/resources/everyone/exercise-library/,"1) Start on hands and knees with hands under shoulders and knees under hips. 2) Thread one arm under the body, then open it toward the ceiling. 3) Move the spine or ribs slowly through the named direction. 4) Pause where you can breathe without strain. 5) Return to center and repeat on the other side if needed.",1) Let the movement come from the ribs and spine instead of forcing the low back. 2) Keep the stretch gentle and slow. 3) Do not bounce or force the end range. 4) Breathe steadily and aim for a mild pull rather than pain. 5) Warm up first or do these after activity if holding a longer static stretch.,
Stretch/Mobility,ST605,Quadruped Rib Circle,"Spine, Back & Ribs","Ribs, thoracic spine",Beginner,None,Quadruped,Mobility,Variant,"On all fours, draw slow circles with the rib cage.",https://www.mayoclinic.org/healthy-lifestyle/fitness/in-depth/stretching/art-20047931; https://www.mayoclinic.org/healthy-lifestyle/fitness/in-depth/stretching/art-20546848; https://www.nhs.uk/live-well/exercise/flexibility-exercises/; https://www.acefitness.org/resources/everyone/exercise-library/,"1) Start on hands and knees with hands under shoulders and knees under hips. 2) On all fours, draw slow circles with the rib cage. 3) Move the spine or ribs slowly through the named direction. 4) Pause where you can breathe without strain. 5) Return to center and repeat on the other side if needed.",1) Let the movement come from the ribs and spine instead of forcing the low back. 2) Keep the stretch gentle and slow. 3) Do not bounce or force the end range. 4) Breathe steadily and aim for a mild pull rather than pain. 5) Warm up first or do these after activity if holding a longer static stretch.,
Stretch/Mobility,ST606,Quadruped T-Spine Circle,"Spine, Back & Ribs","Thoracic spine, ribs",Beginner,None,Quadruped,Mobility,Variant,Keep hips still and circle the upper back gently.,https://www.mayoclinic.org/healthy-lifestyle/fitness/in-depth/stretching/art-20047931; https://www.mayoclinic.org/healthy-lifestyle/fitness/in-depth/stretching/art-20546848; https://www.nhs.uk/live-well/exercise/flexibility-exercises/; https://www.acefitness.org/resources/everyone/exercise-library/,1) Start on hands and knees with hands under shoulders and knees under hips. 2) Keep hips still and circle the upper back gently. 3) Move the spine or ribs slowly through the named direction. 4) Pause where you can breathe without strain. 5) Return to center and repeat on the other side if needed.,1) Let the movement come from the ribs and spine instead of forcing the low back. 2) Keep the stretch gentle and slow. 3) Do not bounce or force the end range. 4) Breathe steadily and aim for a mild pull rather than pain. 5) Warm up first or do these after activity if holding a longer static stretch.,
Stretch/Mobility,ST607,Seated Thoracic Extension with Hands Behind Head,"Spine, Back & Ribs","Upper back, ribs",Beginner,Chair,Seated,Mobility,Common,Interlace hands behind the head and gently extend the upper back.,https://www.mayoclinic.org/healthy-lifestyle/fitness/in-depth/stretching/art-20047931; https://www.mayoclinic.org/healthy-lifestyle/fitness/in-depth/stretching/art-20546848; https://www.nhs.uk/live-well/exercise/flexibility-exercises/; https://www.acefitness.org/resources/everyone/exercise-library/,1) Sit tall on the floor or a chair with the pelvis supported. 2) Interlace hands behind the head and gently extend the upper back. 3) Move the spine or ribs slowly through the named direction. 4) Pause where you can breathe without strain. 5) Return to center and repeat on the other side if needed.,"1) Let the movement come from the ribs and spine instead of forcing the low back. 2) Keep the stretch gentle and slow. 3) Do not bounce or force the end range. 4) Breathe steadily and aim for a mild pull rather than pain. 5) Use only a stable surface that will not slide, tip, or open unexpectedly. 6) Warm up first or do these after activity if holding a longer static stretch.",
Stretch/Mobility,ST608,Seated Thoracic Extension over Chair Back,"Spine, Back & Ribs","Upper back, chest",Beginner,Chair,Seated,Mobility,Common,Lean the upper back over a chair back while supporting the head.,https://www.mayoclinic.org/healthy-lifestyle/fitness/in-depth/stretching/art-20047931; https://www.mayoclinic.org/healthy-lifestyle/fitness/in-depth/stretching/art-20546848; https://www.nhs.uk/live-well/exercise/flexibility-exercises/; https://www.acefitness.org/resources/everyone/exercise-library/,1) Sit tall on the floor or a chair with the pelvis supported. 2) Lean the upper back over a chair back while supporting the head. 3) Move the spine or ribs slowly through the named direction. 4) Pause where you can breathe without strain. 5) Return to center and repeat on the other side if needed.,"1) Let the movement come from the ribs and spine instead of forcing the low back. 2) Keep the stretch gentle and slow. 3) Do not bounce or force the end range. 4) Breathe steadily and aim for a mild pull rather than pain. 5) Use only a stable surface that will not slide, tip, or open unexpectedly. 6) Warm up first or do these after activity if holding a longer static stretch.","Seated setup | Adult demonstrating Seated Thoracic Extension over Chair Back at the seated setup step: torso upright, ribs over neutral pelvis. Must not show extension, unsupported head, tipping chair, extra limbs. | https://imagedelivery.net/TDuhqfLDl0Fb8RGwGw6mYw/fc733b1f-d67a-4130-6dac-b6bcaf627d00/public ;; Upper-back extension | Adult demonstrating Seated Thoracic Extension over Chair Back at the upper-back extension step: motion centers above the chair while lumbar-pelvis area stays controlled. Must not show unsupported neck, standing, chair tip, extreme lumbar arch, extra limbs. | https://imagedelivery.net/TDuhqfLDl0Fb8RGwGw6mYw/1379b1cf-1902-4226-82e9-dd4157865100/public"
Stretch/Mobility,ST609,Wall Thoracic Extension Stretch,"Spine, Back & Ribs","Upper back, shoulders",Beginner,Wall,Standing,Static stretch,Common,Place forearms on a wall and sink the chest down to extend the upper back.,https://www.mayoclinic.org/healthy-lifestyle/fitness/in-depth/stretching/art-20047931; https://www.mayoclinic.org/healthy-lifestyle/fitness/in-depth/stretching/art-20546848; https://www.nhs.uk/live-well/exercise/flexibility-exercises/; https://www.acefitness.org/resources/everyone/exercise-library/,1) Stand near a wall and use it for light support or alignment. 2) Place forearms on a wall and sink the chest down to extend the upper back. 3) Move the spine or ribs slowly through the named direction. 4) Pause where you can breathe without strain. 5) Return to center and repeat on the other side if needed.,"1) Let the movement come from the ribs and spine instead of forcing the low back. 2) Keep the stretch gentle and slow. 3) Do not bounce or force the end range. 4) Breathe steadily and aim for a mild pull rather than pain. 5) Stand close enough to control the movement without jamming your wrists, shoulders, or back. 6) Warm up first or do these after activity if holding a longer static stretch.","Wall setup | Adult demonstrating Wall Thoracic Extension Stretch at the wall setup step: elbows bent about 90 degrees at shoulder height, small hip hinge, knees soft, chest not yet dropped. | https://imagedelivery.net/TDuhqfLDl0Fb8RGwGw6mYw/7846fcb5-44ff-47ac-ad53-a3ea17979700/public ;; Chest sink | Adult demonstrating Wall Thoracic Extension Stretch at the chest sink step: chest visibly lower, upper back lengthened, ribs and low back controlled. | https://imagedelivery.net/TDuhqfLDl0Fb8RGwGw6mYw/c2c8ead3-6418-41b6-8408-0c32100ff500/public"
Stretch/Mobility,ST610,Kneeling Thoracic Extension on Chair,"Spine, Back & Ribs","Upper back, lats",Beginner,Chair,Kneeling,Static stretch,Common,Kneel with elbows on a chair and drop the chest toward the floor.,https://www.mayoclinic.org/healthy-lifestyle/fitness/in-depth/stretching/art-20047931; https://www.mayoclinic.org/healthy-lifestyle/fitness/in-depth/stretching/art-20546848; https://www.nhs.uk/live-well/exercise/flexibility-exercises/; https://www.acefitness.org/resources/everyone/exercise-library/,1) Kneel on a mat or cushion with hips stacked and knees comfortable. 2) Kneel with elbows on a chair and drop the chest toward the floor. 3) Move the spine or ribs slowly through the named direction. 4) Pause where you can breathe without strain. 5) Return to center and repeat on the other side if needed.,"1) Let the movement come from the ribs and spine instead of forcing the low back. 2) Keep the stretch gentle and slow. 3) Do not bounce or force the end range. 4) Breathe steadily and aim for a mild pull rather than pain. 5) Use only a stable surface that will not slide, tip, or open unexpectedly. 6) Warm up first or do these after activity if holding a longer static stretch.",Chair setup | Adult demonstrating Kneeling Thoracic Extension on Chair at the chair setup step: long neutral spine and supported elbows before chest lowers. | https://imagedelivery.net/TDuhqfLDl0Fb8RGwGw6mYw/9f72895e-1a81-4c77-8e68-d62e3feca800/public ;; Chest drop | Adult demonstrating Kneeling Thoracic Extension on Chair at the chest drop step: thoracic and shoulder extension with neutral low back. | https://imagedelivery.net/TDuhqfLDl0Fb8RGwGw6mYw/822e28a5-fe75-4406-e8c6-6151e3860b00/public
Stretch/Mobility,ST611,Supine Rib Opener with Arms Overhead,"Spine, Back & Ribs","Ribs, lats, chest",Beginner,None,Supine,Static stretch,Common,Lie on the back and reach both arms overhead while breathing into the ribs.,https://www.mayoclinic.org/healthy-lifestyle/fitness/in-depth/stretching/art-20047931; https://www.mayoclinic.org/healthy-lifestyle/fitness/in-depth/stretching/art-20546848; https://www.nhs.uk/live-well/exercise/flexibility-exercises/; https://www.acefitness.org/resources/everyone/exercise-library/,1) Lie on your back with knees bent or legs positioned comfortably. 2) Lie on the back and reach both arms overhead while breathing into the ribs. 3) Move the spine or ribs slowly through the named direction. 4) Pause where you can breathe without strain. 5) Return to center and repeat on the other side if needed.,1) Let the movement come from the ribs and spine instead of forcing the low back. 2) Keep the stretch gentle and slow. 3) Do not bounce or force the end range. 4) Breathe steadily and aim for a mild pull rather than pain. 5) Warm up first or do these after activity if holding a longer static stretch.,Supine setup | Adult demonstrating Supine Rib Opener with Arms Overhead at the supine setup step: ribs relaxed down and breathing easy. | https://imagedelivery.net/TDuhqfLDl0Fb8RGwGw6mYw/3e0501cc-0649-47f3-d476-2802936aee00/public ;; Overhead rib reach | Adult demonstrating Supine Rib Opener with Arms Overhead at the overhead rib reach step: gentle rib expansion without flaring or lumbar arch. | https://imagedelivery.net/TDuhqfLDl0Fb8RGwGw6mYw/119fe47e-4848-49a5-2667-f3051604c200/public
Stretch/Mobility,ST612,Side-Lying Rib Breathing over Pillow,"Spine, Back & Ribs","Ribs, side body",Beginner,Pillow,Side-lying,Recovery,Common,Lie sideways over a pillow and breathe into the top-side ribs.,https://www.mayoclinic.org/healthy-lifestyle/fitness/in-depth/stretching/art-20047931; https://www.mayoclinic.org/healthy-lifestyle/fitness/in-depth/stretching/art-20546848; https://www.nhs.uk/live-well/exercise/flexibility-exercises/; https://www.acefitness.org/resources/everyone/exercise-library/,1) Lie on your side with a pillow supporting your ribs or head as needed. 2) Lie sideways over a pillow and breathe into the top-side ribs. 3) Move the spine or ribs slowly through the named direction. 4) Pause where you can breathe without strain. 5) Return to center and repeat on the other side if needed.,1) Let the movement come from the ribs and spine instead of forcing the low back. 2) Keep the stretch gentle and slow. 3) Do not bounce or force the end range. 4) Breathe steadily and aim for a mild pull rather than pain. 5) Warm up first or do these after activity if holding a longer static stretch.,Side-lying setup | Adult demonstrating Side-Lying Rib Breathing over Pillow at the side-lying setup step: pillow supports ribs rather than pelvis. | https://imagedelivery.net/TDuhqfLDl0Fb8RGwGw6mYw/c28a9824-28bd-4775-5381-1ee31826d200/public ;; Rib inhale | Adult demonstrating Side-Lying Rib Breathing over Pillow at the rib inhale step: two outward arrows show three-dimensional rib expansion without spinal arch. | https://imagedelivery.net/TDuhqfLDl0Fb8RGwGw6mYw/e5fea9e3-abd4-403a-c369-cd628c879300/public
Stretch/Mobility,ST613,Side-Lying Book Opener with Breath Hold,"Spine, Back & Ribs","Thoracic spine, chest",Beginner,None,Side-lying,Static stretch,Variant,Open the top arm and pause for a slow breath before closing.,https://www.mayoclinic.org/healthy-lifestyle/fitness/in-depth/stretching/art-20047931; https://www.mayoclinic.org/healthy-lifestyle/fitness/in-depth/stretching/art-20546848; https://www.nhs.uk/live-well/exercise/flexibility-exercises/; https://www.acefitness.org/resources/everyone/exercise-library/,1) Lie on your side with a pillow supporting your ribs or head as needed. 2) Open the top arm and pause for a slow breath before closing. 3) Move the spine or ribs slowly through the named direction. 4) Pause where you can breathe without strain. 5) Return to center and repeat on the other side if needed.,1) Let the movement come from the ribs and spine instead of forcing the low back. 2) Keep the stretch gentle and slow. 3) Do not bounce or force the end range. 4) Breathe steadily and aim for a mild pull rather than pain. 5) Warm up first or do these after activity if holding a longer static stretch.,
Stretch/Mobility,ST614,Supine Lumbar Rotation Feet Wide,"Spine, Back & Ribs","Low back, hips",Beginner,None,Supine,Mobility,Common,Lie with feet wider than hips and let knees rotate side to side.,https://www.mayoclinic.org/healthy-lifestyle/fitness/in-depth/stretching/art-20047931; https://www.mayoclinic.org/healthy-lifestyle/fitness/in-depth/stretching/art-20546848; https://www.nhs.uk/live-well/exercise/flexibility-exercises/; https://www.acefitness.org/resources/everyone/exercise-library/,1) Lie on your back with knees bent or legs positioned comfortably. 2) Lie with feet wider than hips and let knees rotate side to side. 3) Move the spine or ribs slowly through the named direction. 4) Pause where you can breathe without strain. 5) Return to center and repeat on the other side if needed.,1) Let the movement come from the ribs and spine instead of forcing the low back. 2) Keep the stretch gentle and slow. 3) Do not bounce or force the end range. 4) Breathe steadily and aim for a mild pull rather than pain. 5) Warm up first or do these after activity if holding a longer static stretch.,"Centered setup | Adult demonstrating Supine Lumbar Rotation Feet Wide at the centered setup step: Both feet flat and wide; both knees point upward; pelvis centered; arms in T; shoulders grounded. Must not show feet hip-width or together, knees dropped, legs straight, side-lying, feet off mat, arms overhead. | https://imagedelivery.net/TDuhqfLDl0Fb8RGwGw6mYw/25b98889-61d8-4c46-aeda-b1dff57d5c00/public ;; Knees rotate | Adult demonstrating Supine Lumbar Rotation Feet Wide at the knees rotate step: Both knees rotate together toward image-bottom; feet remain wide and planted; pelvis rotates gently; both shoulders stay grounded. Must not show one knee moving alone, feet lifting or narrowing, shoulders rolling off mat, side-lying, knees forced to floor, legs straight. | https://imagedelivery.net/TDuhqfLDl0Fb8RGwGw6mYw/a7f6793d-6cad-419d-1673-29a095319a00/public"
Stretch/Mobility,ST615,Supine Lumbar Rotation Feet Narrow,"Spine, Back & Ribs","Low back, hips",Beginner,None,Supine,Mobility,Common,Lie with feet close together and rock both knees side to side.,https://www.mayoclinic.org/healthy-lifestyle/fitness/in-depth/stretching/art-20047931; https://www.mayoclinic.org/healthy-lifestyle/fitness/in-depth/stretching/art-20546848; https://www.nhs.uk/live-well/exercise/flexibility-exercises/; https://www.acefitness.org/resources/everyone/exercise-library/,1) Lie on your back with knees bent or legs positioned comfortably. 2) Lie with feet close together and rock both knees side to side. 3) Move the spine or ribs slowly through the named direction. 4) Pause where you can breathe without strain. 5) Return to center and repeat on the other side if needed.,1) Let the movement come from the ribs and spine instead of forcing the low back. 2) Keep the stretch gentle and slow. 3) Do not bounce or force the end range. 4) Breathe steadily and aim for a mild pull rather than pain. 5) Warm up first or do these after activity if holding a longer static stretch.,Centered narrow setup | Adult demonstrating Supine Lumbar Rotation Feet Narrow at the centered narrow setup step: narrow lower-body base. | https://imagedelivery.net/TDuhqfLDl0Fb8RGwGw6mYw/21597ea0-f212-4503-3708-e6c486a35d00/public ;; Knees rock right | Adult demonstrating Supine Lumbar Rotation Feet Narrow at the knees rock right step: gentle rotation without shoulder lift. | https://imagedelivery.net/TDuhqfLDl0Fb8RGwGw6mYw/d277a771-4997-4434-9da1-57c1cd670200/public ;; Knees rock left | Adult demonstrating Supine Lumbar Rotation Feet Narrow at the knees rock left step: gentle rotation without shoulder lift. | https://imagedelivery.net/TDuhqfLDl0Fb8RGwGw6mYw/e1db0f8b-279c-4d76-7802-e65d35f48b00/public
Stretch/Mobility,ST616,Supine Windshield Wiper Hold,"Spine, Back & Ribs","Low back, hips",Beginner,None,Supine,Static stretch,Variant,Let both knees fall to one side and hold gently before switching.,https://www.mayoclinic.org/healthy-lifestyle/fitness/in-depth/stretching/art-20047931; https://www.mayoclinic.org/healthy-lifestyle/fitness/in-depth/stretching/art-20546848; https://www.nhs.uk/live-well/exercise/flexibility-exercises/; https://www.acefitness.org/resources/everyone/exercise-library/,1) Lie on your back with knees bent or legs positioned comfortably. 2) Let both knees fall to one side and hold gently before switching. 3) Move the spine or ribs slowly through the named direction. 4) Pause where you can breathe without strain. 5) Return to center and repeat on the other side if needed.,1) Let the movement come from the ribs and spine instead of forcing the low back. 2) Keep the stretch gentle and slow. 3) Do not bounce or force the end range. 4) Breathe steadily and aim for a mild pull rather than pain. 5) Warm up first or do these after activity if holding a longer static stretch.,
Stretch/Mobility,ST617,Seated 90/90 Spine Twist,"Spine, Back & Ribs","Thoracic spine, hips",Intermediate,None,Seated,Static stretch,Variant,Sit in a 90/90 hip position and rotate the torso over the front leg.,https://www.mayoclinic.org/healthy-lifestyle/fitness/in-depth/stretching/art-20047931; https://www.mayoclinic.org/healthy-lifestyle/fitness/in-depth/stretching/art-20546848; https://www.nhs.uk/live-well/exercise/flexibility-exercises/; https://www.acefitness.org/resources/everyone/exercise-library/,1) Sit tall on the floor or a chair with the pelvis supported. 2) Sit in a 90/90 hip position and rotate the torso over the front leg. 3) Move the spine or ribs slowly through the named direction. 4) Pause where you can breathe without strain. 5) Return to center and repeat on the other side if needed.,1) Let the movement come from the ribs and spine instead of forcing the low back. 2) Keep the stretch gentle and slow. 3) Do not bounce or force the end range. 4) Breathe steadily and aim for a mild pull rather than pain. 5) Warm up first or do these after activity if holding a longer static stretch.,
Stretch/Mobility,ST618,Seated Side Bend with Forward Angle,"Spine, Back & Ribs","Side body, low back",Beginner,None,Seated,Static stretch,Variant,Side bend while angling the chest slightly forward.,https://www.mayoclinic.org/healthy-lifestyle/fitness/in-depth/stretching/art-20047931; https://www.mayoclinic.org/healthy-lifestyle/fitness/in-depth/stretching/art-20546848; https://www.nhs.uk/live-well/exercise/flexibility-exercises/; https://www.acefitness.org/resources/everyone/exercise-library/,1) Sit tall on the floor or a chair with the pelvis supported. 2) Side bend while angling the chest slightly forward. 3) Move the spine or ribs slowly through the named direction. 4) Pause where you can breathe without strain. 5) Return to center and repeat on the other side if needed.,1) Let the movement come from the ribs and spine instead of forcing the low back. 2) Keep the stretch gentle and slow. 3) Do not bounce or force the end range. 4) Breathe steadily and aim for a mild pull rather than pain. 5) Warm up first or do these after activity if holding a longer static stretch.,
Stretch/Mobility,ST619,Seated Side Bend with Back Angle,"Spine, Back & Ribs","Side body, ribs",Beginner,None,Seated,Static stretch,Variant,Side bend while angling the chest slightly upward and back.,https://www.mayoclinic.org/healthy-lifestyle/fitness/in-depth/stretching/art-20047931; https://www.mayoclinic.org/healthy-lifestyle/fitness/in-depth/stretching/art-20546848; https://www.nhs.uk/live-well/exercise/flexibility-exercises/; https://www.acefitness.org/resources/everyone/exercise-library/,1) Sit tall on the floor or a chair with the pelvis supported. 2) Side bend while angling the chest slightly upward and back. 3) Move the spine or ribs slowly through the named direction. 4) Pause where you can breathe without strain. 5) Return to center and repeat on the other side if needed.,1) Let the movement come from the ribs and spine instead of forcing the low back. 2) Keep the stretch gentle and slow. 3) Do not bounce or force the end range. 4) Breathe steadily and aim for a mild pull rather than pain. 5) Warm up first or do these after activity if holding a longer static stretch.,
Stretch/Mobility,ST620,Standing Side Bend with Wall Support,"Spine, Back & Ribs","Side body, lats",Beginner,Wall,Standing,Static stretch,Common,Hold a wall with one hand and bend the ribs away from it.,https://www.mayoclinic.org/healthy-lifestyle/fitness/in-depth/stretching/art-20047931; https://www.mayoclinic.org/healthy-lifestyle/fitness/in-depth/stretching/art-20546848; https://www.nhs.uk/live-well/exercise/flexibility-exercises/; https://www.acefitness.org/resources/everyone/exercise-library/,1) Stand near a wall and use it for light support or alignment. 2) Hold a wall with one hand and bend the ribs away from it. 3) Move the spine or ribs slowly through the named direction. 4) Pause where you can breathe without strain. 5) Return to center and repeat on the other side if needed.,"1) Let the movement come from the ribs and spine instead of forcing the low back. 2) Keep the stretch gentle and slow. 3) Do not bounce or force the end range. 4) Breathe steadily and aim for a mild pull rather than pain. 5) Stand close enough to control the movement without jamming your wrists, shoulders, or back. 6) Warm up first or do these after activity if holding a longer static stretch.",supported-setup | Adult demonstrating Standing Side Bend with Wall Support at the supported-setup step: Right hand lightly on wall at shoulder height; left arm relaxed; feet grounded; ribs stacked. | https://imagedelivery.net/TDuhqfLDl0Fb8RGwGw6mYw/d1942010-3d9a-4ede-488d-018ad7ac4800/public ;; side-bend | Adult demonstrating Standing Side Bend with Wall Support at the side-bend step: Right hand stays lightly on wall; torso bends gently away through ribs; left arm reaches overhead; hips remain level. | https://imagedelivery.net/TDuhqfLDl0Fb8RGwGw6mYw/b4c8718d-ed9a-4618-3718-01a5af31c300/public
Stretch/Mobility,ST621,Standing Side Bend with Cross-Step,"Spine, Back & Ribs","Side body, lats, hips",Beginner,None,Standing,Static stretch,Common,Cross one foot behind the other and reach overhead into a side bend.,https://www.mayoclinic.org/healthy-lifestyle/fitness/in-depth/stretching/art-20047931; https://www.mayoclinic.org/healthy-lifestyle/fitness/in-depth/stretching/art-20546848; https://www.nhs.uk/live-well/exercise/flexibility-exercises/; https://www.acefitness.org/resources/everyone/exercise-library/,1) Stand tall with feet grounded and knees soft. 2) Cross one foot behind the other and reach overhead into a side bend. 3) Move the spine or ribs slowly through the named direction. 4) Pause where you can breathe without strain. 5) Return to center and repeat on the other side if needed.,1) Let the movement come from the ribs and spine instead of forcing the low back. 2) Keep the stretch gentle and slow. 3) Do not bounce or force the end range. 4) Breathe steadily and aim for a mild pull rather than pain. 5) Warm up first or do these after activity if holding a longer static stretch.,"cross-step-setup | Adult demonstrating Standing Side Bend with Cross-Step at the cross-step-setup step: Subject's right foot crosses behind the left with both feet grounded and knees soft; pelvis faces forward; arms relaxed; ribs stacked. | https://imagedelivery.net/TDuhqfLDl0Fb8RGwGw6mYw/42e644d9-6eae-4f8d-9a55-c7f700743900/public ;; overhead-side-bend | Adult demonstrating Standing Side Bend with Cross-Step at the overhead-side-bend step: Right foot stays crossed behind left; right arm, on image-left, reaches overhead toward image-right as ribs bend left; left arm hangs; pelvis remains level. | https://imagedelivery.net/TDuhqfLDl0Fb8RGwGw6mYw/a4f4b9cf-39a3-473c-4099-d8a52697de00/public"
Stretch/Mobility,ST622,Kneeling Side Bend with Hand Behind Head,"Spine, Back & Ribs","Side body, ribs, hips",Beginner,None,Kneeling,Static stretch,Variant,"Kneel tall, place one hand behind the head, and bend to the side.",https://www.mayoclinic.org/healthy-lifestyle/fitness/in-depth/stretching/art-20047931; https://www.mayoclinic.org/healthy-lifestyle/fitness/in-depth/stretching/art-20546848; https://www.nhs.uk/live-well/exercise/flexibility-exercises/; https://www.acefitness.org/resources/everyone/exercise-library/,"1) Kneel on a mat or cushion with hips stacked and knees comfortable. 2) Kneel tall, place one hand behind the head, and bend to the side. 3) Move the spine or ribs slowly through the named direction. 4) Pause where you can breathe without strain. 5) Return to center and repeat on the other side if needed.",1) Let the movement come from the ribs and spine instead of forcing the low back. 2) Keep the stretch gentle and slow. 3) Do not bounce or force the end range. 4) Breathe steadily and aim for a mild pull rather than pain. 5) Warm up first or do these after activity if holding a longer static stretch.,
Stretch/Mobility,ST623,Half-Kneeling Rib Reach,"Spine, Back & Ribs","Ribs, hip flexors, side body",Beginner,None,Half-kneeling,Static stretch,Common,Reach the arm on the kneeling side overhead and slightly across.,https://www.mayoclinic.org/healthy-lifestyle/fitness/in-depth/stretching/art-20047931; https://www.mayoclinic.org/healthy-lifestyle/fitness/in-depth/stretching/art-20546848; https://www.nhs.uk/live-well/exercise/flexibility-exercises/; https://www.acefitness.org/resources/everyone/exercise-library/,1) Kneel on a mat or cushion with hips stacked and knees comfortable. 2) Reach the arm on the kneeling side overhead and slightly across. 3) Move the spine or ribs slowly through the named direction. 4) Pause where you can breathe without strain. 5) Return to center and repeat on the other side if needed.,1) Let the movement come from the ribs and spine instead of forcing the low back. 2) Keep the stretch gentle and slow. 3) Do not bounce or force the end range. 4) Breathe steadily and aim for a mild pull rather than pain. 5) Warm up first or do these after activity if holding a longer static stretch.,"stacked-setup | Adult demonstrating Half-Kneeling Rib Reach at the stacked-setup step: Right knee kneels under hip, left foot plants forward, pelvis level, torso upright, arms relaxed, ribs stacked. | https://imagedelivery.net/TDuhqfLDl0Fb8RGwGw6mYw/88d76c0a-ff2e-4044-9e8f-e59ca5194500/public ;; rib-reach | Adult demonstrating Half-Kneeling Rib Reach at the rib-reach step: Right knee remains down; right arm on image-left reaches overhead across image-right; ribs bend left; pelvis stays level; left arm rests. | https://imagedelivery.net/TDuhqfLDl0Fb8RGwGw6mYw/f7d76abc-3f5d-45c4-d84a-c5ee5a80dc00/public"
Stretch/Mobility,ST624,Low Lunge Rib Rotation,"Spine, Back & Ribs","Ribs, upper back, hips",Intermediate,None,Low lunge,Mobility,Common,"From a low lunge, rotate the ribs toward the front leg.",https://www.mayoclinic.org/healthy-lifestyle/fitness/in-depth/stretching/art-20047931; https://www.mayoclinic.org/healthy-lifestyle/fitness/in-depth/stretching/art-20546848; https://www.nhs.uk/live-well/exercise/flexibility-exercises/; https://www.acefitness.org/resources/everyone/exercise-library/,"1) Step into a low lunge with the front foot planted and the back knee supported if needed. 2) From a low lunge, rotate the ribs toward the front leg. 3) Move the spine or ribs slowly through the named direction. 4) Pause where you can breathe without strain. 5) Return to center and repeat on the other side if needed.",1) Let the movement come from the ribs and spine instead of forcing the low back. 2) Keep the stretch gentle and slow. 3) Do not bounce or force the end range. 4) Breathe steadily and aim for a mild pull rather than pain. 5) Warm up first or do these after activity if holding a longer static stretch.,low-lunge-setup | Adult demonstrating Low Lunge Rib Rotation at the low-lunge-setup step: ribs stacked over pelvis. | https://imagedelivery.net/TDuhqfLDl0Fb8RGwGw6mYw/5d15cb01-e4c8-427f-8174-7d72107c4900/public ;; rotate-toward-front-leg | Adult demonstrating Low Lunge Rib Rotation at the rotate-toward-front-leg step: movement comes from ribs while pelvis stays controlled. | https://imagedelivery.net/TDuhqfLDl0Fb8RGwGw6mYw/95e3af47-6040-4ff4-0e86-14194c214e00/public
Stretch/Mobility,ST625,Wall-Assisted Quadratus Lumborum Stretch,"Spine, Back & Ribs","Side low back, lats",Beginner,Wall,Standing,Static stretch,Variant,Hold the wall and shift hips away to stretch the side of the low back.,https://www.mayoclinic.org/healthy-lifestyle/fitness/in-depth/stretching/art-20047931; https://www.mayoclinic.org/healthy-lifestyle/fitness/in-depth/stretching/art-20546848; https://www.nhs.uk/live-well/exercise/flexibility-exercises/; https://www.acefitness.org/resources/everyone/exercise-library/,1) Stand near a wall and use it for light support or alignment. 2) Hold the wall and shift hips away to stretch the side of the low back. 3) Move the spine or ribs slowly through the named direction. 4) Pause where you can breathe without strain. 5) Return to center and repeat on the other side if needed.,"1) Let the movement come from the ribs and spine instead of forcing the low back. 2) Keep the stretch gentle and slow. 3) Do not bounce or force the end range. 4) Breathe steadily and aim for a mild pull rather than pain. 5) Stand close enough to control the movement without jamming your wrists, shoulders, or back. 6) Warm up first or do these after activity if holding a longer static stretch.",
Stretch/Mobility,ST626,Supine Banana Stretch with Crossed Ankles,"Spine, Back & Ribs","Side body, lats, hips",Beginner,None,Supine,Static stretch,Variant,Lie in a banana shape with ankles crossed to emphasize one side.,https://www.mayoclinic.org/healthy-lifestyle/fitness/in-depth/stretching/art-20047931; https://www.mayoclinic.org/healthy-lifestyle/fitness/in-depth/stretching/art-20546848; https://www.nhs.uk/live-well/exercise/flexibility-exercises/; https://www.acefitness.org/resources/everyone/exercise-library/,1) Lie on your back with knees bent or legs positioned comfortably. 2) Lie in a banana shape with ankles crossed to emphasize one side. 3) Move the spine or ribs slowly through the named direction. 4) Pause where you can breathe without strain. 5) Return to center and repeat on the other side if needed.,1) Let the movement come from the ribs and spine instead of forcing the low back. 2) Keep the stretch gentle and slow. 3) Do not bounce or force the end range. 4) Breathe steadily and aim for a mild pull rather than pain. 5) Warm up first or do these after activity if holding a longer static stretch.,
Stretch/Mobility,ST627,Prone Press-Up with Breath,"Spine, Back & Ribs","Abs, low back mobility",Beginner,None,Prone,Mobility,Common,Press the chest up gently and breathe before lowering.,https://www.mayoclinic.org/healthy-lifestyle/fitness/in-depth/stretching/art-20047931; https://www.mayoclinic.org/healthy-lifestyle/fitness/in-depth/stretching/art-20546848; https://www.nhs.uk/live-well/exercise/flexibility-exercises/; https://www.acefitness.org/resources/everyone/exercise-library/,1) Lie face down with hands or forearms placed comfortably beside the chest. 2) Press the chest up gently and breathe before lowering. 3) Move the spine or ribs slowly through the named direction. 4) Pause where you can breathe without strain. 5) Return to center and repeat on the other side if needed.,1) Let the movement come from the ribs and spine instead of forcing the low back. 2) Keep the stretch gentle and slow. 3) Do not bounce or force the end range. 4) Breathe steadily and aim for a mild pull rather than pain. 5) Warm up first or do these after activity if holding a longer static stretch.,prone-setup | Adult demonstrating Prone Press-Up with Breath at the prone-setup step: low chest and relaxed lower body. | https://imagedelivery.net/TDuhqfLDl0Fb8RGwGw6mYw/1c784cf6-9517-4576-643d-abe6dfc9c600/public ;; press-up | Adult demonstrating Prone Press-Up with Breath at the press-up step: comfortable low cobra with shoulders down. | https://imagedelivery.net/TDuhqfLDl0Fb8RGwGw6mYw/021fdb6a-8d8f-4df4-a189-cc3a687f4500/public
Stretch/Mobility,ST628,Sphinx Shoulder Push,"Spine, Back & Ribs","Upper back, shoulders, low back",Beginner,None,Prone,Mobility,Variant,"In sphinx, press forearms down and gently lift the chest.",https://www.mayoclinic.org/healthy-lifestyle/fitness/in-depth/stretching/art-20047931; https://www.mayoclinic.org/healthy-lifestyle/fitness/in-depth/stretching/art-20546848; https://www.nhs.uk/live-well/exercise/flexibility-exercises/; https://www.acefitness.org/resources/everyone/exercise-library/,"1) Lie face down with hands or forearms placed comfortably beside the chest. 2) In sphinx, press forearms down and gently lift the chest. 3) Move the spine or ribs slowly through the named direction. 4) Pause where you can breathe without strain. 5) Return to center and repeat on the other side if needed.",1) Let the movement come from the ribs and spine instead of forcing the low back. 2) Keep the stretch gentle and slow. 3) Do not bounce or force the end range. 4) Breathe steadily and aim for a mild pull rather than pain. 5) Warm up first or do these after activity if holding a longer static stretch.,
Stretch/Mobility,ST629,Cobra Rock,"Spine, Back & Ribs","Abs, spine",Beginner,None,Prone,Dynamic stretch,Variant,Move in and out of a small cobra position with control.,https://www.mayoclinic.org/healthy-lifestyle/fitness/in-depth/stretching/art-20047931; https://www.mayoclinic.org/healthy-lifestyle/fitness/in-depth/stretching/art-20546848; https://www.nhs.uk/live-well/exercise/flexibility-exercises/; https://www.acefitness.org/resources/everyone/exercise-library/,1) Lie face down with hands or forearms placed comfortably beside the chest. 2) Move in and out of a small cobra position with control. 3) Move the spine or ribs slowly through the named direction. 4) Pause where you can breathe without strain. 5) Return to center and repeat on the other side if needed.,1) Let the movement come from the ribs and spine instead of forcing the low back. 2) Keep the stretch gentle and slow. 3) Do not bounce or force the end range. 4) Breathe steadily and aim for a mild pull rather than pain. 5) Warm up first or do these after activity if holding a longer static stretch.,
Stretch/Mobility,ST630,Down Dog to Child's Pose Wave,"Spine, Back & Ribs","Spine, shoulders, hips",Beginner,None,Quadruped to yoga pose,Dynamic stretch,Common,Flow from down dog into child’s pose with a slow spine wave.,https://www.mayoclinic.org/healthy-lifestyle/fitness/in-depth/stretching/art-20047931; https://www.mayoclinic.org/healthy-lifestyle/fitness/in-depth/stretching/art-20546848; https://www.nhs.uk/live-well/exercise/flexibility-exercises/; https://www.acefitness.org/resources/everyone/exercise-library/,1) Start in child’s pose with knees and hips comfortable and arms reaching forward. 2) Flow from down dog into child’s pose with a slow spine wave. 3) Move the spine or ribs slowly through the named direction. 4) Pause where you can breathe without strain. 5) Return to center and repeat on the other side if needed.,1) Let the movement come from the ribs and spine instead of forcing the low back. 2) Keep the stretch gentle and slow. 3) Do not bounce or force the end range. 4) Breathe steadily and aim for a mild pull rather than pain. 5) Warm up first or do these after activity if holding a longer static stretch.,child-pose | Adult demonstrating Down Dog to Child's Pose Wave at the child-pose step: Knees comfortably apart; hips reach toward heels; arms extend long with palms planted; forehead near mat. | https://imagedelivery.net/TDuhqfLDl0Fb8RGwGw6mYw/a225439e-98ce-4ea5-086b-3da671044a00/public ;; spine-wave | Adult demonstrating Down Dog to Child's Pose Wave at the spine-wave step: Quadruped transition with hands under shoulders and knees under hips; palms press as spine rounds upward and pelvis lifts. | https://imagedelivery.net/TDuhqfLDl0Fb8RGwGw6mYw/d6f9d85d-e276-4969-7dc8-1dd5f79bf100/public ;; down-dog | Adult demonstrating Down Dog to Child's Pose Wave at the down-dog step: Hands planted; hips lift high and back; arms and spine lengthen; knees stay softly bent; heels reach toward mat. | https://imagedelivery.net/TDuhqfLDl0Fb8RGwGw6mYw/df250395-c1ce-4d72-6f7d-e594482b0200/public
Stretch/Mobility,ST631,Standing Spine Roll-Down,"Spine, Back & Ribs","Back, hamstrings",Beginner,None,Standing,Mobility,Common,"Roll down from the head through the spine, then stack back up slowly.",https://www.mayoclinic.org/healthy-lifestyle/fitness/in-depth/stretching/art-20047931; https://www.mayoclinic.org/healthy-lifestyle/fitness/in-depth/stretching/art-20546848; https://www.nhs.uk/live-well/exercise/flexibility-exercises/; https://www.acefitness.org/resources/everyone/exercise-library/,"1) Stand tall with feet grounded and knees soft. 2) Roll down from the head through the spine, then stack back up slowly. 3) Move the spine or ribs slowly through the named direction. 4) Pause where you can breathe without strain. 5) Return to center and repeat on the other side if needed.",1) Let the movement come from the ribs and spine instead of forcing the low back. 2) Keep the stretch gentle and slow. 3) Do not bounce or force the end range. 4) Breathe steadily and aim for a mild pull rather than pain. 5) Warm up first or do these after activity if holding a longer static stretch.,tall-setup | Adult demonstrating Standing Spine Roll-Down at the tall-setup step: easy upright alignment before segmental flexion. | https://imagedelivery.net/TDuhqfLDl0Fb8RGwGw6mYw/67e9bf91-5ca5-4c2b-f7f0-d8cfbd7f5f00/public ;; roll-down | Adult demonstrating Standing Spine Roll-Down at the roll-down step: segmental curl rather than a straight-back toe reach. | https://imagedelivery.net/TDuhqfLDl0Fb8RGwGw6mYw/fc8ba5d8-0981-4d3a-386a-915fb4f8c200/public
Stretch/Mobility,ST632,Wall Spine Roll-Down,"Spine, Back & Ribs","Back, posture",Beginner,Wall,Standing,Mobility,Common,Roll the spine down and up while lightly supported by a wall.,https://www.mayoclinic.org/healthy-lifestyle/fitness/in-depth/stretching/art-20047931; https://www.mayoclinic.org/healthy-lifestyle/fitness/in-depth/stretching/art-20546848; https://www.nhs.uk/live-well/exercise/flexibility-exercises/; https://www.acefitness.org/resources/everyone/exercise-library/,1) Stand near a wall and use it for light support or alignment. 2) Roll the spine down and up while lightly supported by a wall. 3) Move the spine or ribs slowly through the named direction. 4) Pause where you can breathe without strain. 5) Return to center and repeat on the other side if needed.,"1) Let the movement come from the ribs and spine instead of forcing the low back. 2) Keep the stretch gentle and slow. 3) Do not bounce or force the end range. 4) Breathe steadily and aim for a mild pull rather than pain. 5) Stand close enough to control the movement without jamming your wrists, shoulders, or back. 6) Warm up first or do these after activity if holding a longer static stretch.",wall-setup | Adult demonstrating Wall Spine Roll-Down at the wall-setup step: tall neutral start. | https://imagedelivery.net/TDuhqfLDl0Fb8RGwGw6mYw/5ee4b584-a53c-4c0f-4339-871938b9d800/public ;; roll-down | Adult demonstrating Wall Spine Roll-Down at the roll-down step: controlled partial roll-down. | https://imagedelivery.net/TDuhqfLDl0Fb8RGwGw6mYw/78bd526b-7e05-4e5d-0003-6fe1daeef900/public
Stretch/Mobility,ST633,Seated C-Curve with Side Reach,"Spine, Back & Ribs","Low back, ribs",Beginner,None,Seated,Static stretch,Variant,Round the back into a C shape and reach slightly to one side.,https://www.mayoclinic.org/healthy-lifestyle/fitness/in-depth/stretching/art-20047931; https://www.mayoclinic.org/healthy-lifestyle/fitness/in-depth/stretching/art-20546848; https://www.nhs.uk/live-well/exercise/flexibility-exercises/; https://www.acefitness.org/resources/everyone/exercise-library/,1) Sit tall on the floor or a chair with the pelvis supported. 2) Round the back into a C shape and reach slightly to one side. 3) Move the spine or ribs slowly through the named direction. 4) Pause where you can breathe without strain. 5) Return to center and repeat on the other side if needed.,1) Let the movement come from the ribs and spine instead of forcing the low back. 2) Keep the stretch gentle and slow. 3) Do not bounce or force the end range. 4) Breathe steadily and aim for a mild pull rather than pain. 5) Warm up first or do these after activity if holding a longer static stretch.,
Stretch/Mobility,ST634,Tail Wag with Breath,"Spine, Back & Ribs","Low back, ribs, hips",Beginner,None,Quadruped,Mobility,Common,"On all fours, move hips and ribs side to side like a slow tail wag.",https://www.mayoclinic.org/healthy-lifestyle/fitness/in-depth/stretching/art-20047931; https://www.mayoclinic.org/healthy-lifestyle/fitness/in-depth/stretching/art-20546848; https://www.nhs.uk/live-well/exercise/flexibility-exercises/; https://www.acefitness.org/resources/everyone/exercise-library/,"1) Start on hands and knees with hands under shoulders and knees under hips. 2) On all fours, move hips and ribs side to side like a slow tail wag. 3) Move the spine or ribs slowly through the named direction. 4) Pause where you can breathe without strain. 5) Return to center and repeat on the other side if needed.",1) Let the movement come from the ribs and spine instead of forcing the low back. 2) Keep the stretch gentle and slow. 3) Do not bounce or force the end range. 4) Breathe steadily and aim for a mild pull rather than pain. 5) Warm up first or do these after activity if holding a longer static stretch.,"center | Adult demonstrating Tail Wag with Breath at the center step: Hands under shoulders, knees under hips, spine neutral, pelvis centered, gaze down. | https://imagedelivery.net/TDuhqfLDl0Fb8RGwGw6mYw/e49c756e-0e30-4fd3-3874-3080f4c48c00/public ;; wag-right | Adult demonstrating Tail Wag with Breath at the wag-right step: Four supports remain planted; pelvis and lower ribs form a small C-curve toward subject-right; gaze follows hip. | https://imagedelivery.net/TDuhqfLDl0Fb8RGwGw6mYw/c57df130-51dc-40ce-96ff-f72b0a907700/public ;; wag-left | Adult demonstrating Tail Wag with Breath at the wag-left step: Four supports remain planted; pelvis and lower ribs form the opposite small C-curve toward subject-left; gaze follows hip. | https://imagedelivery.net/TDuhqfLDl0Fb8RGwGw6mYw/c2a84759-2562-43f2-5cb7-3f99f7f1c100/public"
Stretch/Mobility,ST635,Threaded Childs Pose,"Spine, Back & Ribs","Upper back, lats, ribs",Beginner,None,Kneeling,Static stretch,Variant,"From child’s pose, reach one arm under the other and rest into the stretch.",https://www.mayoclinic.org/healthy-lifestyle/fitness/in-depth/stretching/art-20047931; https://www.mayoclinic.org/healthy-lifestyle/fitness/in-depth/stretching/art-20546848; https://www.nhs.uk/live-well/exercise/flexibility-exercises/; https://www.acefitness.org/resources/everyone/exercise-library/,"1) Start on hands and knees with hands under shoulders and knees under hips. 2) From child’s pose, reach one arm under the other and rest into the stretch. 3) Move the spine or ribs slowly through the named direction. 4) Pause where you can breathe without strain. 5) Return to center and repeat on the other side if needed.",1) Let the movement come from the ribs and spine instead of forcing the low back. 2) Keep the stretch gentle and slow. 3) Do not bounce or force the end range. 4) Breathe steadily and aim for a mild pull rather than pain. 5) Warm up first or do these after activity if holding a longer static stretch.,
Stretch/Mobility,ST636,90/90 Hip Switch with Hands Behind,Hips & Glutes,"Hips, glutes",Intermediate,None,Seated,Mobility,Common,Place hands behind you and rotate both knees from side to side.,https://www.mayoclinic.org/healthy-lifestyle/fitness/in-depth/stretching/art-20047931; https://www.mayoclinic.org/healthy-lifestyle/fitness/in-depth/stretching/art-20546848; https://www.nhs.uk/live-well/exercise/flexibility-exercises/; https://www.acefitness.org/resources/everyone/exercise-library/,"1) Sit tall on the floor or a chair with the pelvis supported. 2) Place hands behind you and rotate both knees from side to side. 3) Shift your hips slowly until you feel a gentle stretch in the front, side, or back of the hip. 4) Keep the breath slow and avoid forcing the end range. 5) Ease out carefully and repeat on the other side.",1) Keep the pelvis controlled and adjust the angle until the stretch is specific and comfortable. 2) Keep the stretch gentle and slow. 3) Do not bounce or force the end range. 4) Breathe steadily and aim for a mild pull rather than pain. 5) Warm up first or do these after activity if holding a longer static stretch.,
Stretch/Mobility,ST637,90/90 Hip Switch No Hands,Hips & Glutes,"Hips, glutes, trunk",Advanced,None,Seated,Mobility,Variant,Rotate through 90/90 switches without using the hands for support.,https://www.mayoclinic.org/healthy-lifestyle/fitness/in-depth/stretching/art-20047931; https://www.mayoclinic.org/healthy-lifestyle/fitness/in-depth/stretching/art-20546848; https://www.nhs.uk/live-well/exercise/flexibility-exercises/; https://www.acefitness.org/resources/everyone/exercise-library/,"1) Sit tall on the floor or a chair with the pelvis supported. 2) Rotate through 90/90 switches without using the hands for support. 3) Shift your hips slowly until you feel a gentle stretch in the front, side, or back of the hip. 4) Keep the breath slow and avoid forcing the end range. 5) Ease out carefully and repeat on the other side.",1) Keep the pelvis controlled and adjust the angle until the stretch is specific and comfortable. 2) Keep the stretch gentle and slow. 3) Do not bounce or force the end range. 4) Breathe steadily and aim for a mild pull rather than pain. 5) Warm up first or do these after activity if holding a longer static stretch.,
Stretch/Mobility,ST638,90/90 Front-Leg Lift-Off,Hips & Glutes,Hip external rotators,Intermediate,None,Seated,Mobility,Variant,"In 90/90, lift the front ankle or knee slightly without leaning away.",https://www.mayoclinic.org/healthy-lifestyle/fitness/in-depth/stretching/art-20047931; https://www.mayoclinic.org/healthy-lifestyle/fitness/in-depth/stretching/art-20546848; https://www.nhs.uk/live-well/exercise/flexibility-exercises/; https://www.acefitness.org/resources/everyone/exercise-library/,"1) Sit tall on the floor or a chair with the pelvis supported. 2) In 90/90, lift the front ankle or knee slightly without leaning away. 3) Shift your hips slowly until you feel a gentle stretch in the front, side, or back of the hip. 4) Keep the breath slow and avoid forcing the end range. 5) Ease out carefully and repeat on the other side.",1) Keep the pelvis controlled and adjust the angle until the stretch is specific and comfortable. 2) Keep the stretch gentle and slow. 3) Do not bounce or force the end range. 4) Breathe steadily and aim for a mild pull rather than pain. 5) Warm up first or do these after activity if holding a longer static stretch.,
Stretch/Mobility,ST639,90/90 Back-Leg Lift-Off,Hips & Glutes,Hip internal rotators,Intermediate,None,Seated,Mobility,Variant,"In 90/90, lift the back ankle or knee slightly to train internal rotation.",https://www.mayoclinic.org/healthy-lifestyle/fitness/in-depth/stretching/art-20047931; https://www.mayoclinic.org/healthy-lifestyle/fitness/in-depth/stretching/art-20546848; https://www.nhs.uk/live-well/exercise/flexibility-exercises/; https://www.acefitness.org/resources/everyone/exercise-library/,"1) Sit tall on the floor or a chair with the pelvis supported. 2) In 90/90, lift the back ankle or knee slightly to train internal rotation. 3) Shift your hips slowly until you feel a gentle stretch in the front, side, or back of the hip. 4) Keep the breath slow and avoid forcing the end range. 5) Ease out carefully and repeat on the other side.",1) Keep the pelvis controlled and adjust the angle until the stretch is specific and comfortable. 2) Keep the stretch gentle and slow. 3) Do not bounce or force the end range. 4) Breathe steadily and aim for a mild pull rather than pain. 5) Warm up first or do these after activity if holding a longer static stretch.,
Stretch/Mobility,ST640,90/90 Internal Rotation Hover,Hips & Glutes,Hip internal rotators,Intermediate,None,Seated,Mobility,Variant,Hover the back foot or knee briefly from a 90/90 position.,https://www.mayoclinic.org/healthy-lifestyle/fitness/in-depth/stretching/art-20047931; https://www.mayoclinic.org/healthy-lifestyle/fitness/in-depth/stretching/art-20546848; https://www.nhs.uk/live-well/exercise/flexibility-exercises/; https://www.acefitness.org/resources/everyone/exercise-library/,"1) Sit tall on the floor or a chair with the pelvis supported. 2) Hover the back foot or knee briefly from a 90/90 position. 3) Shift your hips slowly until you feel a gentle stretch in the front, side, or back of the hip. 4) Keep the breath slow and avoid forcing the end range. 5) Ease out carefully and repeat on the other side.",1) Keep the pelvis controlled and adjust the angle until the stretch is specific and comfortable. 2) Keep the stretch gentle and slow. 3) Do not bounce or force the end range. 4) Breathe steadily and aim for a mild pull rather than pain. 5) Warm up first or do these after activity if holding a longer static stretch.,
Stretch/Mobility,ST641,Seated Shin Box Forward Fold,Hips & Glutes,"Glutes, hips",Beginner,None,Seated,Static stretch,Common,Sit in shin box and fold the torso forward over the front shin.,https://www.mayoclinic.org/healthy-lifestyle/fitness/in-depth/stretching/art-20047931; https://www.mayoclinic.org/healthy-lifestyle/fitness/in-depth/stretching/art-20546848; https://www.nhs.uk/live-well/exercise/flexibility-exercises/; https://www.acefitness.org/resources/everyone/exercise-library/,"1) Sit tall on the floor or a chair with the pelvis supported. 2) Sit in shin box and fold the torso forward over the front shin. 3) Shift your hips slowly until you feel a gentle stretch in the front, side, or back of the hip. 4) Keep the breath slow and avoid forcing the end range. 5) Ease out carefully and repeat on the other side.",1) Keep the pelvis controlled and adjust the angle until the stretch is specific and comfortable. 2) Keep the stretch gentle and slow. 3) Do not bounce or force the end range. 4) Breathe steadily and aim for a mild pull rather than pain. 5) Warm up first or do these after activity if holding a longer static stretch.,
Stretch/Mobility,ST642,Shin Box Hip Flexor Lean,Hips & Glutes,"Hip flexors, quads",Beginner,None,Seated,Static stretch,Variant,"From shin box, lean the hips forward to stretch the back-leg hip flexor.",https://www.mayoclinic.org/healthy-lifestyle/fitness/in-depth/stretching/art-20047931; https://www.mayoclinic.org/healthy-lifestyle/fitness/in-depth/stretching/art-20546848; https://www.nhs.uk/live-well/exercise/flexibility-exercises/; https://www.acefitness.org/resources/everyone/exercise-library/,"1) Sit tall on the floor or a chair with the pelvis supported. 2) From shin box, lean the hips forward to stretch the back-leg hip flexor. 3) Shift your hips slowly until you feel a gentle stretch in the front, side, or back of the hip. 4) Keep the breath slow and avoid forcing the end range. 5) Ease out carefully and repeat on the other side.",1) Keep the pelvis controlled and adjust the angle until the stretch is specific and comfortable. 2) Keep the stretch gentle and slow. 3) Do not bounce or force the end range. 4) Breathe steadily and aim for a mild pull rather than pain. 5) Warm up first or do these after activity if holding a longer static stretch.,
Stretch/Mobility,ST643,Shin Box Tall Sit Stretch,Hips & Glutes,"Hips, glutes",Beginner,None,Seated,Static stretch,Variant,Sit tall in shin box and breathe while both hips settle.,https://www.mayoclinic.org/healthy-lifestyle/fitness/in-depth/stretching/art-20047931; https://www.mayoclinic.org/healthy-lifestyle/fitness/in-depth/stretching/art-20546848; https://www.nhs.uk/live-well/exercise/flexibility-exercises/; https://www.acefitness.org/resources/everyone/exercise-library/,"1) Sit tall on the floor or a chair with the pelvis supported. 2) Sit tall in shin box and breathe while both hips settle. 3) Shift your hips slowly until you feel a gentle stretch in the front, side, or back of the hip. 4) Keep the breath slow and avoid forcing the end range. 5) Ease out carefully and repeat on the other side.",1) Keep the pelvis controlled and adjust the angle until the stretch is specific and comfortable. 2) Keep the stretch gentle and slow. 3) Do not bounce or force the end range. 4) Breathe steadily and aim for a mild pull rather than pain. 5) Warm up first or do these after activity if holding a longer static stretch.,
Stretch/Mobility,ST644,Half-Kneeling Hip Flexor with Back Foot Elevated,Hips & Glutes,"Hip flexors, quads",Intermediate,Couch or wall,Half-kneeling,Static stretch,Variant,Elevate the back foot while holding a half-kneeling hip flexor stretch.,https://www.mayoclinic.org/healthy-lifestyle/fitness/in-depth/stretching/art-20047931; https://www.mayoclinic.org/healthy-lifestyle/fitness/in-depth/stretching/art-20546848; https://www.nhs.uk/live-well/exercise/flexibility-exercises/; https://www.acefitness.org/resources/everyone/exercise-library/,"1) Stand near a wall and place the working hand, forearm, foot, or back against it as needed. 2) Elevate the back foot while holding a half-kneeling hip flexor stretch. 3) Shift your hips slowly until you feel a gentle stretch in the front, side, or back of the hip. 4) Keep the breath slow and avoid forcing the end range. 5) Ease out carefully and repeat on the other side.","1) Keep the pelvis controlled and adjust the angle until the stretch is specific and comfortable. 2) Keep the stretch gentle and slow. 3) Do not bounce or force the end range. 4) Breathe steadily and aim for a mild pull rather than pain. 5) Use only a stable surface that will not slide, tip, or open unexpectedly. 6) Warm up first or do these after activity if holding a longer static stretch.",
Stretch/Mobility,ST645,Half-Kneeling Hip Flexor with Rotation,Hips & Glutes,"Hip flexors, trunk",Beginner,None,Half-kneeling,Mobility,Common,"From half-kneeling, tuck the pelvis and rotate gently toward the front leg.",https://www.mayoclinic.org/healthy-lifestyle/fitness/in-depth/stretching/art-20047931; https://www.mayoclinic.org/healthy-lifestyle/fitness/in-depth/stretching/art-20546848; https://www.nhs.uk/live-well/exercise/flexibility-exercises/; https://www.acefitness.org/resources/everyone/exercise-library/,"1) Kneel on a mat or cushion and place the knees in a comfortable stance. 2) From half-kneeling, tuck the pelvis and rotate gently toward the front leg. 3) Shift your hips slowly until you feel a gentle stretch in the front, side, or back of the hip. 4) Keep the breath slow and avoid forcing the end range. 5) Ease out carefully and repeat on the other side.",1) Keep the pelvis controlled and adjust the angle until the stretch is specific and comfortable. 2) Keep the stretch gentle and slow. 3) Do not bounce or force the end range. 4) Breathe steadily and aim for a mild pull rather than pain. 5) Warm up first or do these after activity if holding a longer static stretch.,"Half-kneeling tuck | Adult demonstrating Half-Kneeling Hip Flexor with Rotation at the half-kneeling tuck step: pelvis gently tucked, ribs over hips, slight forward shift without low-back arch. | https://imagedelivery.net/TDuhqfLDl0Fb8RGwGw6mYw/56e9d393-77d0-480b-2a54-6019a7ce8c00/public ;; Rotate toward front leg | Adult demonstrating Half-Kneeling Hip Flexor with Rotation at the rotate toward front leg step: gentle upper-body rotation with tall spine, no forced range. | https://imagedelivery.net/TDuhqfLDl0Fb8RGwGw6mYw/5ff5966b-5efa-4ead-37c4-92381a710e00/public"
Stretch/Mobility,ST646,Half-Kneeling Hip Flexor with Side Reach and Tuck,Hips & Glutes,"Hip flexors, side body",Beginner,None,Half-kneeling,Static stretch,Common,"Tuck the pelvis, squeeze the back glute, and reach overhead to the side.",https://www.mayoclinic.org/healthy-lifestyle/fitness/in-depth/stretching/art-20047931; https://www.mayoclinic.org/healthy-lifestyle/fitness/in-depth/stretching/art-20546848; https://www.nhs.uk/live-well/exercise/flexibility-exercises/; https://www.acefitness.org/resources/everyone/exercise-library/,"1) Kneel on a mat or cushion and place the knees in a comfortable stance. 2) Tuck the pelvis, squeeze the back glute, and reach overhead to the side. 3) Shift your hips slowly until you feel a gentle stretch in the front, side, or back of the hip. 4) Keep the breath slow and avoid forcing the end range. 5) Ease out carefully and repeat on the other side.",1) Keep the pelvis controlled and adjust the angle until the stretch is specific and comfortable. 2) Keep the stretch gentle and slow. 3) Do not bounce or force the end range. 4) Breathe steadily and aim for a mild pull rather than pain. 5) Warm up first or do these after activity if holding a longer static stretch.,"Half-kneeling setup | Adult demonstrating Half-Kneeling Hip Flexor with Side Reach and Tuck at the half-kneeling setup step: torso tall, pelvis level. Must not show side swap, reaching arm, deep lunge, extra limbs. | https://imagedelivery.net/TDuhqfLDl0Fb8RGwGw6mYw/4d75c527-9c3b-498e-1496-43da90634900/public ;; Side reach and tuck | Adult demonstrating Half-Kneeling Hip Flexor with Side Reach and Tuck at the side reach and tuck step: Moving trunk/limb: pelvis gently tucks, back-leg glute engages, and the arm on the back-knee side reaches overhead and arcs toward image-left. Stable limbs: front foot and knee remain image-left; back knee/shin remain supported image-right; other hand stays on hip. Camera: same front three-quarter view. Viewer-side check: leg stance exactly matches setup and one overhead arm lengthens the back-knee side. Must not mirror legs, switch stance, lift both arms, or show extra limbs. | https://imagedelivery.net/TDuhqfLDl0Fb8RGwGw6mYw/93cc4762-0762-4bf3-dbee-ecdfaf7a1600/public"
Stretch/Mobility,ST647,Couch Stretch with Posterior Tilt,Hips & Glutes,"Hip flexors, quads",Intermediate,Couch or wall,Half-kneeling,Static stretch,Common,Set up in couch stretch and gently tuck the pelvis under.,https://www.mayoclinic.org/healthy-lifestyle/fitness/in-depth/stretching/art-20047931; https://www.mayoclinic.org/healthy-lifestyle/fitness/in-depth/stretching/art-20546848; https://www.nhs.uk/live-well/exercise/flexibility-exercises/; https://www.acefitness.org/resources/everyone/exercise-library/,"1) Stand near a wall and place the working hand, forearm, foot, or back against it as needed. 2) Set up in couch stretch and gently tuck the pelvis under. 3) Shift your hips slowly until you feel a gentle stretch in the front, side, or back of the hip. 4) Keep the breath slow and avoid forcing the end range. 5) Ease out carefully and repeat on the other side.","1) Keep the pelvis controlled and adjust the angle until the stretch is specific and comfortable. 2) Keep the stretch gentle and slow. 3) Do not bounce or force the end range. 4) Breathe steadily and aim for a mild pull rather than pain. 5) Use only a stable surface that will not slide, tip, or open unexpectedly. 6) Warm up first or do these after activity if holding a longer static stretch.","Neutral setup | Adult demonstrating Couch Stretch with Posterior Tilt at the neutral setup step: upright torso and neutral pelvis. | https://imagedelivery.net/TDuhqfLDl0Fb8RGwGw6mYw/2fe66a03-2afb-4c1d-a585-17dd83374600/public ;; Posterior tilt | Adult demonstrating Couch Stretch with Posterior Tilt at the posterior tilt step: ribs stacked, low back slightly flatter, no deeper lunge. | https://imagedelivery.net/TDuhqfLDl0Fb8RGwGw6mYw/93a87a98-76da-44d8-aa08-d9bca2087600/public"
Stretch/Mobility,ST648,Low Lunge with Quad Reach,Hips & Glutes,"Hip flexors, quads, trunk",Intermediate,None,Low lunge,Static stretch,Variant,"From low lunge, reach back toward the rear foot if comfortable.",https://www.mayoclinic.org/healthy-lifestyle/fitness/in-depth/stretching/art-20047931; https://www.mayoclinic.org/healthy-lifestyle/fitness/in-depth/stretching/art-20546848; https://www.nhs.uk/live-well/exercise/flexibility-exercises/; https://www.acefitness.org/resources/everyone/exercise-library/,"1) Step into a low lunge with the front foot planted and the back knee supported or hovering comfortably. 2) From low lunge, reach back toward the rear foot if comfortable. 3) Shift your hips slowly until you feel a gentle stretch in the front, side, or back of the hip. 4) Keep the breath slow and avoid forcing the end range. 5) Ease out carefully and repeat on the other side.",1) Keep the pelvis controlled and adjust the angle until the stretch is specific and comfortable. 2) Keep the stretch gentle and slow. 3) Do not bounce or force the end range. 4) Breathe steadily and aim for a mild pull rather than pain. 5) Warm up first or do these after activity if holding a longer static stretch.,
Stretch/Mobility,ST649,Low Lunge with Hamstring Shift,Hips & Glutes,"Hip flexors, hamstrings",Beginner,None,Low lunge,Dynamic stretch,Common,Shift from low lunge back into a hamstring stretch and return.,https://www.mayoclinic.org/healthy-lifestyle/fitness/in-depth/stretching/art-20047931; https://www.mayoclinic.org/healthy-lifestyle/fitness/in-depth/stretching/art-20546848; https://www.nhs.uk/live-well/exercise/flexibility-exercises/; https://www.acefitness.org/resources/everyone/exercise-library/,"1) Step into a low lunge with the front foot planted and the back knee supported or hovering comfortably. 2) Shift from low lunge back into a hamstring stretch and return. 3) Shift your hips slowly until you feel a gentle stretch in the front, side, or back of the hip. 4) Keep the breath slow and avoid forcing the end range. 5) Ease out carefully and repeat on the other side.",1) Keep the pelvis controlled and adjust the angle until the stretch is specific and comfortable. 2) Keep the stretch gentle and slow. 3) Do not bounce or force the end range. 4) Breathe steadily and aim for a mild pull rather than pain. 5) Warm up first or do these after activity if holding a longer static stretch.,Low lunge | Adult demonstrating Low Lunge with Hamstring Shift at the low lunge step: controlled low lunge with long torso. | https://imagedelivery.net/TDuhqfLDl0Fb8RGwGw6mYw/92f7d376-bd5f-4df0-813e-ac4c0f253000/public ;; Hamstring shift | Adult demonstrating Low Lunge with Hamstring Shift at the hamstring shift step: half-split hamstring stretch. | https://imagedelivery.net/TDuhqfLDl0Fb8RGwGw6mYw/49df0605-1349-4573-8b1a-9e354b5b7800/public
Stretch/Mobility,ST650,Runner’s Lunge Elbow Drop,Hips & Glutes,"Hip flexors, adductors",Intermediate,None,Low lunge,Static stretch,Common,"From runner’s lunge, lower one or both elbows toward the floor.",https://www.mayoclinic.org/healthy-lifestyle/fitness/in-depth/stretching/art-20047931; https://www.mayoclinic.org/healthy-lifestyle/fitness/in-depth/stretching/art-20546848; https://www.nhs.uk/live-well/exercise/flexibility-exercises/; https://www.acefitness.org/resources/everyone/exercise-library/,"1) Step into a low lunge with the front foot planted and the back knee supported or hovering comfortably. 2) From runner’s lunge, lower one or both elbows toward the floor. 3) Shift your hips slowly until you feel a gentle stretch in the front, side, or back of the hip. 4) Keep the breath slow and avoid forcing the end range. 5) Ease out carefully and repeat on the other side.",1) Keep the pelvis controlled and adjust the angle until the stretch is specific and comfortable. 2) Keep the stretch gentle and slow. 3) Do not bounce or force the end range. 4) Breathe steadily and aim for a mild pull rather than pain. 5) Warm up first or do these after activity if holding a longer static stretch.,Runner's-lunge setup | Adult demonstrating Runner’s Lunge Elbow Drop at the runner's-lunge setup step: hips remain low and controlled. | https://imagedelivery.net/TDuhqfLDl0Fb8RGwGw6mYw/3543c94d-7f50-4a47-0bd5-2984a6a82f00/public ;; Elbow-drop stretch | Adult demonstrating Runner’s Lunge Elbow Drop at the elbow-drop stretch step: hips stay low without forcing range. | https://imagedelivery.net/TDuhqfLDl0Fb8RGwGw6mYw/3b7072b9-0c98-4ffe-d2d7-a3c29dca0300/public
Stretch/Mobility,ST651,Runner’s Lunge T-Spine Twist,Hips & Glutes,"Hip flexors, upper back",Intermediate,None,Low lunge,Mobility,Common,"From runner’s lunge, rotate the chest toward the front leg.",https://www.mayoclinic.org/healthy-lifestyle/fitness/in-depth/stretching/art-20047931; https://www.mayoclinic.org/healthy-lifestyle/fitness/in-depth/stretching/art-20546848; https://www.nhs.uk/live-well/exercise/flexibility-exercises/; https://www.acefitness.org/resources/everyone/exercise-library/,"1) Step into a low lunge with the front foot planted and the back knee supported or hovering comfortably. 2) From runner’s lunge, rotate the chest toward the front leg. 3) Shift your hips slowly until you feel a gentle stretch in the front, side, or back of the hip. 4) Keep the breath slow and avoid forcing the end range. 5) Ease out carefully and repeat on the other side.",1) Keep the pelvis controlled and adjust the angle until the stretch is specific and comfortable. 2) Keep the stretch gentle and slow. 3) Do not bounce or force the end range. 4) Breathe steadily and aim for a mild pull rather than pain. 5) Warm up first or do these after activity if holding a longer static stretch.,"Runner’s lunge | Adult demonstrating Runner’s Lunge T-Spine Twist at the runner’s lunge step: front knee over ankle, long back leg and hips low. | https://imagedelivery.net/TDuhqfLDl0Fb8RGwGw6mYw/2386af78-64dd-42e1-8e59-bf4337930800/public ;; T-spine twist | Adult demonstrating Runner’s Lunge T-Spine Twist at the t-spine twist step: shoulders stack vertically, hips stay low and head follows raised hand. | https://imagedelivery.net/TDuhqfLDl0Fb8RGwGw6mYw/92bb2246-e6be-4b72-f97a-975712528700/public"
Stretch/Mobility,ST652,Lizard Stretch with Rock Back,Hips & Glutes,"Hip flexors, adductors, hamstrings",Intermediate,None,Low lunge,Dynamic stretch,Variant,Move from lizard position back toward a hamstring stretch.,https://www.mayoclinic.org/healthy-lifestyle/fitness/in-depth/stretching/art-20047931; https://www.mayoclinic.org/healthy-lifestyle/fitness/in-depth/stretching/art-20546848; https://www.nhs.uk/live-well/exercise/flexibility-exercises/; https://www.acefitness.org/resources/everyone/exercise-library/,"1) Step into a low lunge with the front foot planted and the back knee supported or hovering comfortably. 2) Move from lizard position back toward a hamstring stretch. 3) Shift your hips slowly until you feel a gentle stretch in the front, side, or back of the hip. 4) Keep the breath slow and avoid forcing the end range. 5) Ease out carefully and repeat on the other side.",1) Keep the pelvis controlled and adjust the angle until the stretch is specific and comfortable. 2) Keep the stretch gentle and slow. 3) Do not bounce or force the end range. 4) Breathe steadily and aim for a mild pull rather than pain. 5) Warm up first or do these after activity if holding a longer static stretch.,
Stretch/Mobility,ST653,Lizard Stretch with Shoulder Drop,Hips & Glutes,"Hip flexors, adductors, chest",Intermediate,None,Low lunge,Static stretch,Variant,"In lizard, drop one shoulder slightly toward the front knee.",https://www.mayoclinic.org/healthy-lifestyle/fitness/in-depth/stretching/art-20047931; https://www.mayoclinic.org/healthy-lifestyle/fitness/in-depth/stretching/art-20546848; https://www.nhs.uk/live-well/exercise/flexibility-exercises/; https://www.acefitness.org/resources/everyone/exercise-library/,"1) Step into a low lunge with the front foot planted and the back knee supported or hovering comfortably. 2) In lizard, drop one shoulder slightly toward the front knee. 3) Shift your hips slowly until you feel a gentle stretch in the front, side, or back of the hip. 4) Keep the breath slow and avoid forcing the end range. 5) Ease out carefully and repeat on the other side.",1) Keep the pelvis controlled and adjust the angle until the stretch is specific and comfortable. 2) Keep the stretch gentle and slow. 3) Do not bounce or force the end range. 4) Breathe steadily and aim for a mild pull rather than pain. 5) Warm up first or do these after activity if holding a longer static stretch.,
Stretch/Mobility,ST654,Pigeon Pose with Side Bend,Hips & Glutes,"Glutes, outer hip, side body",Intermediate,None,Floor,Static stretch,Variant,"In pigeon, reach one arm overhead and side bend away from the front leg.",https://www.mayoclinic.org/healthy-lifestyle/fitness/in-depth/stretching/art-20047931; https://www.mayoclinic.org/healthy-lifestyle/fitness/in-depth/stretching/art-20546848; https://www.nhs.uk/live-well/exercise/flexibility-exercises/; https://www.acefitness.org/resources/everyone/exercise-library/,"1) Set the front shin on the floor for pigeon pose and support the hip with a pillow if needed. 2) In pigeon, reach one arm overhead and side bend away from the front leg. 3) Shift your hips slowly until you feel a gentle stretch in the front, side, or back of the hip. 4) Keep the breath slow and avoid forcing the end range. 5) Ease out carefully and repeat on the other side.",1) Keep the pelvis controlled and adjust the angle until the stretch is specific and comfortable. 2) Keep the stretch gentle and slow. 3) Do not bounce or force the end range. 4) Breathe steadily and aim for a mild pull rather than pain. 5) Warm up first or do these after activity if holding a longer static stretch.,
Stretch/Mobility,ST655,Pigeon Pose with Shin Angle Adjust,Hips & Glutes,"Glutes, outer hip",Intermediate,None,Floor,Static stretch,Variant,Adjust the front shin angle until the stretch is comfortable and specific.,https://www.mayoclinic.org/healthy-lifestyle/fitness/in-depth/stretching/art-20047931; https://www.mayoclinic.org/healthy-lifestyle/fitness/in-depth/stretching/art-20546848; https://www.nhs.uk/live-well/exercise/flexibility-exercises/; https://www.acefitness.org/resources/everyone/exercise-library/,"1) Set the front shin on the floor for pigeon pose and support the hip with a pillow if needed. 2) Adjust the front shin angle until the stretch is comfortable and specific. 3) Shift your hips slowly until you feel a gentle stretch in the front, side, or back of the hip. 4) Keep the breath slow and avoid forcing the end range. 5) Ease out carefully and repeat on the other side.",1) Keep the pelvis controlled and adjust the angle until the stretch is specific and comfortable. 2) Keep the stretch gentle and slow. 3) Do not bounce or force the end range. 4) Breathe steadily and aim for a mild pull rather than pain. 5) Warm up first or do these after activity if holding a longer static stretch.,
Stretch/Mobility,ST656,Reclined Figure-Four with Foot on Wall,Hips & Glutes,"Glutes, piriformis",Beginner,Wall,Supine,Static stretch,Common,Place one foot on a wall and cross the other ankle over the knee.,https://www.mayoclinic.org/healthy-lifestyle/fitness/in-depth/stretching/art-20047931; https://www.mayoclinic.org/healthy-lifestyle/fitness/in-depth/stretching/art-20546848; https://www.nhs.uk/live-well/exercise/flexibility-exercises/; https://www.acefitness.org/resources/everyone/exercise-library/,"1) Stand near a wall and place the working hand, forearm, foot, or back against it as needed. 2) Place one foot on a wall and cross the other ankle over the knee. 3) Shift your hips slowly until you feel a gentle stretch in the front, side, or back of the hip. 4) Keep the breath slow and avoid forcing the end range. 5) Ease out carefully and repeat on the other side.","1) Keep the pelvis controlled and adjust the angle until the stretch is specific and comfortable. 2) Keep the stretch gentle and slow. 3) Do not bounce or force the end range. 4) Breathe steadily and aim for a mild pull rather than pain. 5) Stand close enough to control the movement without jamming your wrists, shoulders, or back. 6) Warm up first or do these after activity if holding a longer static stretch.","Wall-foot setup | Adult demonstrating Reclined Figure-Four with Foot on Wall at the wall-foot setup step: LEFT sole flat on wall; LEFT knee bent and aligned; RIGHT foot on mat; pelvis and shoulders grounded; no ankle crossing yet. Must not show both feet on wall, leg straight, hips lifted, sitting, ankle already crossed, foot on ceiling, missing wall contact. | https://imagedelivery.net/TDuhqfLDl0Fb8RGwGw6mYw/4d3ae7b7-23b4-4b70-6237-97a4d4468000/public ;; Figure-four | Adult demonstrating Reclined Figure-Four with Foot on Wall at the figure-four step: LEFT foot remains flat on wall; RIGHT ankle rests above LEFT knee on thigh, not on kneecap; RIGHT foot flexed; RIGHT knee opens; sacrum and shoulders grounded. Must not show ankle on kneecap, crossed thighs, both feet on wall, hands forcing knee, hips lifted, foot pointed, missing wall. | https://imagedelivery.net/TDuhqfLDl0Fb8RGwGw6mYw/0e94b948-eac7-446c-8370-c841ee0b9900/public"
Stretch/Mobility,ST657,Figure-Four Rocking Stretch,Hips & Glutes,"Glutes, outer hip",Beginner,None,Supine,Dynamic stretch,Common,Hold a reclined figure-four and gently rock side to side.,https://www.mayoclinic.org/healthy-lifestyle/fitness/in-depth/stretching/art-20047931; https://www.mayoclinic.org/healthy-lifestyle/fitness/in-depth/stretching/art-20546848; https://www.nhs.uk/live-well/exercise/flexibility-exercises/; https://www.acefitness.org/resources/everyone/exercise-library/,"1) Lie on your back with knees bent or legs positioned comfortably. 2) Hold a reclined figure-four and gently rock side to side. 3) Shift your hips slowly until you feel a gentle stretch in the front, side, or back of the hip. 4) Keep the breath slow and avoid forcing the end range. 5) Ease out carefully and repeat on the other side.",1) Keep the pelvis controlled and adjust the angle until the stretch is specific and comfortable. 2) Keep the stretch gentle and slow. 3) Do not bounce or force the end range. 4) Breathe steadily and aim for a mild pull rather than pain. 5) Warm up first or do these after activity if holding a longer static stretch.,figure-four-setup | Adult demonstrating Figure-Four Rocking Stretch at the figure-four-setup step: Supine; right ankle rests across left thigh above knee; left foot stays planted; pelvis level and shoulders relaxed. | https://imagedelivery.net/TDuhqfLDl0Fb8RGwGw6mYw/733266a1-95de-461f-91f0-e932bf196300/public ;; gentle-rock | Adult demonstrating Figure-Four Rocking Stretch at the gentle-rock step: Maintain the right-ankle-over-left-thigh figure-four while pelvis and bent legs make a small shift to the subject's right; shoulders remain broad on mat and left foot grounded. | https://imagedelivery.net/TDuhqfLDl0Fb8RGwGw6mYw/c099bc8f-d4ad-4d6e-6cd6-2353a3191000/public
Stretch/Mobility,ST658,Seated Figure-Four Hip Hinge,Hips & Glutes,"Glutes, outer hip",Beginner,Chair,Seated,Static stretch,Common,Cross ankle over knee and hinge forward from the hips.,https://www.mayoclinic.org/healthy-lifestyle/fitness/in-depth/stretching/art-20047931; https://www.mayoclinic.org/healthy-lifestyle/fitness/in-depth/stretching/art-20546848; https://www.nhs.uk/live-well/exercise/flexibility-exercises/; https://www.acefitness.org/resources/everyone/exercise-library/,"1) Sit tall on a sturdy chair with feet flat and the working limb positioned comfortably. 2) Cross ankle over knee and hinge forward from the hips. 3) Shift your hips slowly until you feel a gentle stretch in the front, side, or back of the hip. 4) Keep the breath slow and avoid forcing the end range. 5) Ease out carefully and repeat on the other side.","1) Keep the pelvis controlled and adjust the angle until the stretch is specific and comfortable. 2) Keep the stretch gentle and slow. 3) Do not bounce or force the end range. 4) Breathe steadily and aim for a mild pull rather than pain. 5) Use only a stable surface that will not slide, tip, or open unexpectedly. 6) Warm up first or do these after activity if holding a longer static stretch.",upright-setup | Adult demonstrating Seated Figure-Four Hip Hinge at the upright-setup step: Seated tall near the chair front; subject's right ankle crosses over subject's left thigh just above the knee; left foot fully planted under left knee; right knee opens outward; pelvis level; hands rest gently on shin and ankle. | https://imagedelivery.net/TDuhqfLDl0Fb8RGwGw6mYw/fe1debe7-74f2-4940-117b-b2bfee6efb00/public ;; hip-hinge | Adult demonstrating Seated Figure-Four Hip Hinge at the hip-hinge step: Right ankle remains over left thigh; left foot planted; right knee open; pelvis folds forward from hip creases with long neutral spine; hands rest lightly without pushing. | https://imagedelivery.net/TDuhqfLDl0Fb8RGwGw6mYw/274f56d7-6f58-4794-1b35-60366a1d1500/public
Stretch/Mobility,ST659,Standing Figure-Four on Table,Hips & Glutes,"Glutes, outer hip",Beginner,Table,Standing,Static stretch,Variant,Place the shin on a table or counter and hinge forward gently.,https://www.mayoclinic.org/healthy-lifestyle/fitness/in-depth/stretching/art-20047931; https://www.mayoclinic.org/healthy-lifestyle/fitness/in-depth/stretching/art-20546848; https://www.nhs.uk/live-well/exercise/flexibility-exercises/; https://www.acefitness.org/resources/everyone/exercise-library/,"1) Use a stable table or desk and place the hand, forearm, or leg on it with light pressure. 2) Place the shin on a table or counter and hinge forward gently. 3) Shift your hips slowly until you feel a gentle stretch in the front, side, or back of the hip. 4) Keep the breath slow and avoid forcing the end range. 5) Ease out carefully and repeat on the other side.",1) Keep the pelvis controlled and adjust the angle until the stretch is specific and comfortable. 2) Keep the stretch gentle and slow. 3) Do not bounce or force the end range. 4) Breathe steadily and aim for a mild pull rather than pain. 5) Warm up first or do these after activity if holding a longer static stretch.,
Stretch/Mobility,ST660,Wall Figure-Four Stretch,Hips & Glutes,"Glutes, outer hip",Beginner,Wall,Supine,Static stretch,Common,Use the wall to support the bottom foot during a reclined figure-four.,https://www.mayoclinic.org/healthy-lifestyle/fitness/in-depth/stretching/art-20047931; https://www.mayoclinic.org/healthy-lifestyle/fitness/in-depth/stretching/art-20546848; https://www.nhs.uk/live-well/exercise/flexibility-exercises/; https://www.acefitness.org/resources/everyone/exercise-library/,"1) Stand near a wall and place the working hand, forearm, foot, or back against it as needed. 2) Use the wall to support the bottom foot during a reclined figure-four. 3) Shift your hips slowly until you feel a gentle stretch in the front, side, or back of the hip. 4) Keep the breath slow and avoid forcing the end range. 5) Ease out carefully and repeat on the other side.","1) Keep the pelvis controlled and adjust the angle until the stretch is specific and comfortable. 2) Keep the stretch gentle and slow. 3) Do not bounce or force the end range. 4) Breathe steadily and aim for a mild pull rather than pain. 5) Stand close enough to control the movement without jamming your wrists, shoulders, or back. 6) Warm up first or do these after activity if holding a longer static stretch.","wall-setup | Adult demonstrating Wall Figure-Four Stretch at the wall-setup step: Supine with both feet flat on the wall, hips and knees near 90 degrees, pelvis neutral, arms relaxed; no ankle crossed yet. | https://imagedelivery.net/TDuhqfLDl0Fb8RGwGw6mYw/d64601d6-0050-42c4-a03a-24ffbbad2c00/public ;; figure-four | Adult demonstrating Wall Figure-Four Stretch at the figure-four step: Left foot stays flat on wall; right ankle crosses over left thigh above knee; right knee opens outward; exactly two legs and feet; pelvis level. | https://imagedelivery.net/TDuhqfLDl0Fb8RGwGw6mYw/b39e9b24-1d77-4a15-4135-5b2804970700/public"
Stretch/Mobility,ST661,Supine Cross-Body Glute Pull,Hips & Glutes,"Glutes, outer hip",Beginner,None,Supine,Static stretch,Common,Pull one knee gently across the body toward the opposite shoulder.,https://www.mayoclinic.org/healthy-lifestyle/fitness/in-depth/stretching/art-20047931; https://www.mayoclinic.org/healthy-lifestyle/fitness/in-depth/stretching/art-20546848; https://www.nhs.uk/live-well/exercise/flexibility-exercises/; https://www.acefitness.org/resources/everyone/exercise-library/,"1) Lie on your back with knees bent or legs positioned comfortably. 2) Pull one knee gently across the body toward the opposite shoulder. 3) Shift your hips slowly until you feel a gentle stretch in the front, side, or back of the hip. 4) Keep the breath slow and avoid forcing the end range. 5) Ease out carefully and repeat on the other side.",1) Keep the pelvis controlled and adjust the angle until the stretch is specific and comfortable. 2) Keep the stretch gentle and slow. 3) Do not bounce or force the end range. 4) Breathe steadily and aim for a mild pull rather than pain. 5) Warm up first or do these after activity if holding a longer static stretch.,knee-lift-setup | Adult demonstrating Supine Cross-Body Glute Pull at the knee-lift-setup step: head supported and shoulders relaxed. | https://imagedelivery.net/TDuhqfLDl0Fb8RGwGw6mYw/c0ce8f7e-a285-42cd-99d5-5b30e211c300/public ;; cross-body-pull | Adult demonstrating Supine Cross-Body Glute Pull at the cross-body-pull step: gentle diagonal pull without a full spinal twist. | https://imagedelivery.net/TDuhqfLDl0Fb8RGwGw6mYw/2215eafa-2a10-4394-ad3f-21acaec6c000/public
Stretch/Mobility,ST662,Seated Cross-Leg Forward Fold,Hips & Glutes,"Glutes, low back",Beginner,None,Seated,Static stretch,Common,Sit cross-legged and fold forward with a long spine.,https://www.mayoclinic.org/healthy-lifestyle/fitness/in-depth/stretching/art-20047931; https://www.mayoclinic.org/healthy-lifestyle/fitness/in-depth/stretching/art-20546848; https://www.nhs.uk/live-well/exercise/flexibility-exercises/; https://www.acefitness.org/resources/everyone/exercise-library/,"1) Sit tall on the floor or a chair with the pelvis supported. 2) Sit cross-legged and fold forward with a long spine. 3) Shift your hips slowly until you feel a gentle stretch in the front, side, or back of the hip. 4) Keep the breath slow and avoid forcing the end range. 5) Ease out carefully and repeat on the other side.",1) Keep the pelvis controlled and adjust the angle until the stretch is specific and comfortable. 2) Keep the stretch gentle and slow. 3) Do not bounce or force the end range. 4) Breathe steadily and aim for a mild pull rather than pain. 5) Warm up first or do these after activity if holding a longer static stretch.,cross-leg-setup | Adult demonstrating Seated Cross-Leg Forward Fold at the cross-leg-setup step: spine tall and shoulders relaxed. | https://imagedelivery.net/TDuhqfLDl0Fb8RGwGw6mYw/d4ce7749-7b1a-4cdb-c5c9-5f1634819500/public ;; forward-fold | Adult demonstrating Seated Cross-Leg Forward Fold at the forward-fold step: long spine and relaxed neck. | https://imagedelivery.net/TDuhqfLDl0Fb8RGwGw6mYw/fb877891-a4d8-4b47-01ec-40bba4f3d900/public
Stretch/Mobility,ST663,Half Lotus Prep Stretch,Hips & Glutes,"Glutes, hips",Intermediate,None,Seated,Static stretch,Variant,Place one foot high on the opposite thigh only as far as comfortable.,https://www.mayoclinic.org/healthy-lifestyle/fitness/in-depth/stretching/art-20047931; https://www.mayoclinic.org/healthy-lifestyle/fitness/in-depth/stretching/art-20546848; https://www.nhs.uk/live-well/exercise/flexibility-exercises/; https://www.acefitness.org/resources/everyone/exercise-library/,"1) Sit tall on the floor or a chair with the pelvis supported. 2) Place one foot high on the opposite thigh only as far as comfortable. 3) Shift your hips slowly until you feel a gentle stretch in the front, side, or back of the hip. 4) Keep the breath slow and avoid forcing the end range. 5) Ease out carefully and repeat on the other side.",1) Keep the pelvis controlled and adjust the angle until the stretch is specific and comfortable. 2) Keep the stretch gentle and slow. 3) Do not bounce or force the end range. 4) Breathe steadily and aim for a mild pull rather than pain. 5) Warm up first or do these after activity if holding a longer static stretch.,
Stretch/Mobility,ST664,Frog Stretch with Hip Shift,Hips & Glutes,"Adductors, hips",Intermediate,None,Quadruped,Static stretch,Common,Set up in frog stretch and shift hips gently left and right.,https://www.mayoclinic.org/healthy-lifestyle/fitness/in-depth/stretching/art-20047931; https://www.mayoclinic.org/healthy-lifestyle/fitness/in-depth/stretching/art-20546848; https://www.nhs.uk/live-well/exercise/flexibility-exercises/; https://www.acefitness.org/resources/everyone/exercise-library/,"1) Start on hands and knees with hands under shoulders and knees under hips. 2) Set up in frog stretch and shift hips gently left and right. 3) Shift your hips slowly until you feel a gentle stretch in the front, side, or back of the hip. 4) Keep the breath slow and avoid forcing the end range. 5) Ease out carefully and repeat on the other side.",1) Keep the pelvis controlled and adjust the angle until the stretch is specific and comfortable. 2) Keep the stretch gentle and slow. 3) Do not bounce or force the end range. 4) Breathe steadily and aim for a mild pull rather than pain. 5) Warm up first or do these after activity if holding a longer static stretch.,"centered-frog | Adult demonstrating Frog Stretch with Hip Shift at the centered-frog step: Wide-knee frog base; hands/forearms planted; hips centered; spine neutral; lower legs out. | https://imagedelivery.net/TDuhqfLDl0Fb8RGwGw6mYw/36607789-cbba-4c16-f28d-5a82ddb3df00/public ;; shift-right | Adult demonstrating Frog Stretch with Hip Shift at the shift-right step: Same frog base; pelvis shifts subject-right/image-left; knees, shins, feet, hands stay planted. | https://imagedelivery.net/TDuhqfLDl0Fb8RGwGw6mYw/cc5c1dbd-764b-4406-fc38-aa6c853c4300/public ;; shift-left | Adult demonstrating Frog Stretch with Hip Shift at the shift-left step: Same frog base; pelvis shifts subject-left/image-right; supports stay planted; camera remains rear-right. | https://imagedelivery.net/TDuhqfLDl0Fb8RGwGw6mYw/430c28cd-9131-41f0-6153-a54b61ad6300/public"
Stretch/Mobility,ST665,Frog Stretch with Feet Against Wall,Hips & Glutes,"Adductors, hips",Intermediate,Wall,Floor,Static stretch,Variant,Place the feet against a wall in frog to help keep the ankles supported.,https://www.mayoclinic.org/healthy-lifestyle/fitness/in-depth/stretching/art-20047931; https://www.mayoclinic.org/healthy-lifestyle/fitness/in-depth/stretching/art-20546848; https://www.nhs.uk/live-well/exercise/flexibility-exercises/; https://www.acefitness.org/resources/everyone/exercise-library/,"1) Stand near a wall and place the working hand, forearm, foot, or back against it as needed. 2) Place the feet against a wall in frog to help keep the ankles supported. 3) Shift your hips slowly until you feel a gentle stretch in the front, side, or back of the hip. 4) Keep the breath slow and avoid forcing the end range. 5) Ease out carefully and repeat on the other side.","1) Keep the pelvis controlled and adjust the angle until the stretch is specific and comfortable. 2) Keep the stretch gentle and slow. 3) Do not bounce or force the end range. 4) Breathe steadily and aim for a mild pull rather than pain. 5) Stand close enough to control the movement without jamming your wrists, shoulders, or back. 6) Warm up first or do these after activity if holding a longer static stretch.",
Stretch/Mobility,ST666,Adductor Rock Back with Toes Out,Hips & Glutes,"Adductors, hips",Beginner,None,Quadruped,Mobility,Common,Extend one leg to the side with toes turned out and rock hips back.,https://www.mayoclinic.org/healthy-lifestyle/fitness/in-depth/stretching/art-20047931; https://www.mayoclinic.org/healthy-lifestyle/fitness/in-depth/stretching/art-20546848; https://www.nhs.uk/live-well/exercise/flexibility-exercises/; https://www.acefitness.org/resources/everyone/exercise-library/,"1) Start on hands and knees with hands under shoulders and knees under hips. 2) Extend one leg to the side with toes turned out and rock hips back. 3) Shift your hips slowly until you feel a gentle stretch in the front, side, or back of the hip. 4) Keep the breath slow and avoid forcing the end range. 5) Ease out carefully and repeat on the other side.",1) Keep the pelvis controlled and adjust the angle until the stretch is specific and comfortable. 2) Keep the stretch gentle and slow. 3) Do not bounce or force the end range. 4) Breathe steadily and aim for a mild pull rather than pain. 5) Warm up first or do these after activity if holding a longer static stretch.,side-leg-setup | Adult demonstrating Adductor Rock Back with Toes Out at the side-leg-setup step: side leg long before the rock back. | https://imagedelivery.net/TDuhqfLDl0Fb8RGwGw6mYw/cfed83c8-82d0-4e87-4fa5-0a68c698fb00/public ;; rock-back | Adult demonstrating Adductor Rock Back with Toes Out at the rock-back step: clear backward hip shift without collapsing the spine. | https://imagedelivery.net/TDuhqfLDl0Fb8RGwGw6mYw/f617c801-8777-42e5-255f-f6a71ddf5800/public
Stretch/Mobility,ST667,Adductor Rock Back with Heel Down,Hips & Glutes,"Adductors, hamstrings",Beginner,None,Quadruped,Mobility,Variant,Extend one leg to the side and keep the heel grounded as you rock back.,https://www.mayoclinic.org/healthy-lifestyle/fitness/in-depth/stretching/art-20047931; https://www.mayoclinic.org/healthy-lifestyle/fitness/in-depth/stretching/art-20546848; https://www.nhs.uk/live-well/exercise/flexibility-exercises/; https://www.acefitness.org/resources/everyone/exercise-library/,"1) Start on hands and knees with hands under shoulders and knees under hips. 2) Extend one leg to the side and keep the heel grounded as you rock back. 3) Shift your hips slowly until you feel a gentle stretch in the front, side, or back of the hip. 4) Keep the breath slow and avoid forcing the end range. 5) Ease out carefully and repeat on the other side.",1) Keep the pelvis controlled and adjust the angle until the stretch is specific and comfortable. 2) Keep the stretch gentle and slow. 3) Do not bounce or force the end range. 4) Breathe steadily and aim for a mild pull rather than pain. 5) Warm up first or do these after activity if holding a longer static stretch.,
Stretch/Mobility,ST668,Half-Kneeling Adductor with Reach,Hips & Glutes,"Adductors, side body",Beginner,None,Half-kneeling,Static stretch,Variant,Place one leg out to the side and reach overhead as hips shift back.,https://www.mayoclinic.org/healthy-lifestyle/fitness/in-depth/stretching/art-20047931; https://www.mayoclinic.org/healthy-lifestyle/fitness/in-depth/stretching/art-20546848; https://www.nhs.uk/live-well/exercise/flexibility-exercises/; https://www.acefitness.org/resources/everyone/exercise-library/,"1) Kneel on a mat or cushion and place the knees in a comfortable stance. 2) Place one leg out to the side and reach overhead as hips shift back. 3) Shift your hips slowly until you feel a gentle stretch in the front, side, or back of the hip. 4) Keep the breath slow and avoid forcing the end range. 5) Ease out carefully and repeat on the other side.",1) Keep the pelvis controlled and adjust the angle until the stretch is specific and comfortable. 2) Keep the stretch gentle and slow. 3) Do not bounce or force the end range. 4) Breathe steadily and aim for a mild pull rather than pain. 5) Warm up first or do these after activity if holding a longer static stretch.,
Stretch/Mobility,ST669,Side-Lying Hip Flexor Stretch,Hips & Glutes,"Hip flexors, quads",Beginner,None,Side-lying,Static stretch,Common,Lie on your side and draw the top thigh slightly behind the body.,https://www.mayoclinic.org/healthy-lifestyle/fitness/in-depth/stretching/art-20047931; https://www.mayoclinic.org/healthy-lifestyle/fitness/in-depth/stretching/art-20546848; https://www.nhs.uk/live-well/exercise/flexibility-exercises/; https://www.acefitness.org/resources/everyone/exercise-library/,"1) Lie on your side with hips and shoulders stacked or supported by a pillow. 2) Lie on your side and draw the top thigh slightly behind the body. 3) Shift your hips slowly until you feel a gentle stretch in the front, side, or back of the hip. 4) Keep the breath slow and avoid forcing the end range. 5) Ease out carefully and repeat on the other side.",1) Keep the pelvis controlled and adjust the angle until the stretch is specific and comfortable. 2) Keep the stretch gentle and slow. 3) Do not bounce or force the end range. 4) Breathe steadily and aim for a mild pull rather than pain. 5) Warm up first or do these after activity if holding a longer static stretch.,side-lying-setup | Adult demonstrating Side-Lying Hip Flexor Stretch at the side-lying-setup step: neutral pelvis before drawing thigh back. | https://imagedelivery.net/TDuhqfLDl0Fb8RGwGw6mYw/c9c4e520-0cd0-42c9-199f-c051310a9e00/public ;; thigh-drawn-back | Adult demonstrating Side-Lying Hip Flexor Stretch at the thigh-drawn-back step: gentle front-of-hip stretch without lumbar arch. | https://imagedelivery.net/TDuhqfLDl0Fb8RGwGw6mYw/66a30843-f8e2-467d-ec44-e36ca8658a00/public
Stretch/Mobility,ST670,Standing Hip Flexor Wall Stretch,Hips & Glutes,"Hip flexors, quads",Beginner,Wall,Standing,Static stretch,Common,Stand in a split stance near a wall and tuck the pelvis to stretch the back hip.,https://www.mayoclinic.org/healthy-lifestyle/fitness/in-depth/stretching/art-20047931; https://www.mayoclinic.org/healthy-lifestyle/fitness/in-depth/stretching/art-20546848; https://www.nhs.uk/live-well/exercise/flexibility-exercises/; https://www.acefitness.org/resources/everyone/exercise-library/,"1) Stand near a wall and place the working hand, forearm, foot, or back against it as needed. 2) Stand in a split stance near a wall and tuck the pelvis to stretch the back hip. 3) Shift your hips slowly until you feel a gentle stretch in the front, side, or back of the hip. 4) Keep the breath slow and avoid forcing the end range. 5) Ease out carefully and repeat on the other side.","1) Keep the pelvis controlled and adjust the angle until the stretch is specific and comfortable. 2) Keep the stretch gentle and slow. 3) Do not bounce or force the end range. 4) Breathe steadily and aim for a mild pull rather than pain. 5) Stand close enough to control the movement without jamming your wrists, shoulders, or back. 6) Warm up first or do these after activity if holding a longer static stretch.","split-stance | Adult demonstrating Standing Hip Flexor Wall Stretch at the split-stance step: Left foot forward, right foot back; left palm supports on wall; torso upright; back knee soft. | https://imagedelivery.net/TDuhqfLDl0Fb8RGwGw6mYw/f7f69aa6-983c-41cf-aee7-fe75079a6b00/public ;; pelvic-tuck | Adult demonstrating Standing Hip Flexor Wall Stretch at the pelvic-tuck step: Same split stance and wall support; front knee bends; pelvis shifts slightly forward with tailbone tucked; torso vertical. | https://imagedelivery.net/TDuhqfLDl0Fb8RGwGw6mYw/252ac6f9-fd72-4d88-4b2a-977887a45b00/public"
Stretch/Mobility,ST671,Standing Adductor Wall Rock,Hips & Glutes,"Adductors, hips",Beginner,Wall,Standing,Mobility,Variant,Place one foot wide and rock toward a wall-supported side lunge.,https://www.mayoclinic.org/healthy-lifestyle/fitness/in-depth/stretching/art-20047931; https://www.mayoclinic.org/healthy-lifestyle/fitness/in-depth/stretching/art-20546848; https://www.nhs.uk/live-well/exercise/flexibility-exercises/; https://www.acefitness.org/resources/everyone/exercise-library/,"1) Stand near a wall and place the working hand, forearm, foot, or back against it as needed. 2) Place one foot wide and rock toward a wall-supported side lunge. 3) Shift your hips slowly until you feel a gentle stretch in the front, side, or back of the hip. 4) Keep the breath slow and avoid forcing the end range. 5) Ease out carefully and repeat on the other side.","1) Keep the pelvis controlled and adjust the angle until the stretch is specific and comfortable. 2) Keep the stretch gentle and slow. 3) Do not bounce or force the end range. 4) Breathe steadily and aim for a mild pull rather than pain. 5) Stand close enough to control the movement without jamming your wrists, shoulders, or back. 6) Warm up first or do these after activity if holding a longer static stretch.",
Stretch/Mobility,ST672,Deep Squat Ankle-Hip Pry,Hips & Glutes,"Hips, adductors, ankles",Intermediate,None,Deep squat,Mobility,Common,Hold a deep squat and use elbows to gently guide the knees outward.,https://www.mayoclinic.org/healthy-lifestyle/fitness/in-depth/stretching/art-20047931; https://www.mayoclinic.org/healthy-lifestyle/fitness/in-depth/stretching/art-20546848; https://www.nhs.uk/live-well/exercise/flexibility-exercises/; https://www.acefitness.org/resources/everyone/exercise-library/,"1) Set up in a comfortable deep squat or supported squat with feet grounded. 2) Hold a deep squat and use elbows to gently guide the knees outward. 3) Shift your hips slowly until you feel a gentle stretch in the front, side, or back of the hip. 4) Keep the breath slow and avoid forcing the end range. 5) Ease out carefully and repeat on the other side.",1) Keep the pelvis controlled and adjust the angle until the stretch is specific and comfortable. 2) Keep the stretch gentle and slow. 3) Do not bounce or force the end range. 4) Breathe steadily and aim for a mild pull rather than pain. 5) Warm up first or do these after activity if holding a longer static stretch.,deep-squat | Adult demonstrating Deep Squat Ankle-Hip Pry at the deep-squat step: stable balanced base. | https://imagedelivery.net/TDuhqfLDl0Fb8RGwGw6mYw/b76ce6d8-cba7-41be-c667-a8a2f3691800/public ;; gentle-pry | Adult demonstrating Deep Squat Ankle-Hip Pry at the gentle-pry step: mild outward pressure aligned with toes. | https://imagedelivery.net/TDuhqfLDl0Fb8RGwGw6mYw/a1053e70-fd91-45ad-9f74-04bc85362300/public
Stretch/Mobility,ST673,Supported Squat Hip Shift,Hips & Glutes,"Hips, ankles, adductors",Beginner,Chair or counter,Squat,Mobility,Common,Hold support in a squat and shift hips side to side.,https://www.mayoclinic.org/healthy-lifestyle/fitness/in-depth/stretching/art-20047931; https://www.mayoclinic.org/healthy-lifestyle/fitness/in-depth/stretching/art-20546848; https://www.nhs.uk/live-well/exercise/flexibility-exercises/; https://www.acefitness.org/resources/everyone/exercise-library/,"1) Set up in a comfortable deep squat or supported squat with feet grounded. 2) Hold support in a squat and shift hips side to side. 3) Shift your hips slowly until you feel a gentle stretch in the front, side, or back of the hip. 4) Keep the breath slow and avoid forcing the end range. 5) Ease out carefully and repeat on the other side.","1) Keep the pelvis controlled and adjust the angle until the stretch is specific and comfortable. 2) Keep the stretch gentle and slow. 3) Do not bounce or force the end range. 4) Breathe steadily and aim for a mild pull rather than pain. 5) Use only a stable surface that will not slide, tip, or open unexpectedly. 6) Warm up first or do these after activity if holding a longer static stretch.",centered-squat | Adult demonstrating Supported Squat Hip Shift at the centered-squat step: Both hands hold the counter; feet wide with toes turned slightly out; heels grounded; hips centered in a comfortable squat. | https://imagedelivery.net/TDuhqfLDl0Fb8RGwGw6mYw/a2a0fb54-9264-431b-96b5-58da03c0b800/public ;; shift-right | Adult demonstrating Supported Squat Hip Shift at the shift-right step: Hands and both feet stay planted; pelvis shifts over the right hip; right knee bends more while the left leg lengthens slightly. | https://imagedelivery.net/TDuhqfLDl0Fb8RGwGw6mYw/293faf1e-7674-4450-ecea-c8a89f738100/public ;; shift-left | Adult demonstrating Supported Squat Hip Shift at the shift-left step: Hands and both feet stay planted; pelvis shifts over the left hip; left knee bends more while the right leg lengthens slightly. | https://imagedelivery.net/TDuhqfLDl0Fb8RGwGw6mYw/f508ea89-7081-40d4-a5b0-ef05feb19200/public
Stretch/Mobility,ST674,Cossack Hold with Heel Down,Hips & Glutes,"Adductors, hips, ankles",Intermediate,None,Standing side lunge,Static stretch,Variant,Hold a side squat while keeping the straight-leg heel down.,https://www.mayoclinic.org/healthy-lifestyle/fitness/in-depth/stretching/art-20047931; https://www.mayoclinic.org/healthy-lifestyle/fitness/in-depth/stretching/art-20546848; https://www.nhs.uk/live-well/exercise/flexibility-exercises/; https://www.acefitness.org/resources/everyone/exercise-library/,"1) Lie on your side with hips and shoulders stacked or supported by a pillow. 2) Hold a side squat while keeping the straight-leg heel down. 3) Shift your hips slowly until you feel a gentle stretch in the front, side, or back of the hip. 4) Keep the breath slow and avoid forcing the end range. 5) Ease out carefully and repeat on the other side.",1) Keep the pelvis controlled and adjust the angle until the stretch is specific and comfortable. 2) Keep the stretch gentle and slow. 3) Do not bounce or force the end range. 4) Breathe steadily and aim for a mild pull rather than pain. 5) Warm up first or do these after activity if holding a longer static stretch.,
Stretch/Mobility,ST675,Cossack Hold with Toe Up,Hips & Glutes,"Adductors, hamstrings, hips",Intermediate,None,Standing side lunge,Static stretch,Variant,Hold a side squat with the straight-leg toes pointing upward.,https://www.mayoclinic.org/healthy-lifestyle/fitness/in-depth/stretching/art-20047931; https://www.mayoclinic.org/healthy-lifestyle/fitness/in-depth/stretching/art-20546848; https://www.nhs.uk/live-well/exercise/flexibility-exercises/; https://www.acefitness.org/resources/everyone/exercise-library/,"1) Lie on your side with hips and shoulders stacked or supported by a pillow. 2) Hold a side squat with the straight-leg toes pointing upward. 3) Shift your hips slowly until you feel a gentle stretch in the front, side, or back of the hip. 4) Keep the breath slow and avoid forcing the end range. 5) Ease out carefully and repeat on the other side.",1) Keep the pelvis controlled and adjust the angle until the stretch is specific and comfortable. 2) Keep the stretch gentle and slow. 3) Do not bounce or force the end range. 4) Breathe steadily and aim for a mild pull rather than pain. 5) Warm up first or do these after activity if holding a longer static stretch.,
Stretch/Mobility,ST676,Seated Butterfly with Forward Hinge,Hips & Glutes,"Adductors, hips",Beginner,None,Seated,Static stretch,Common,Sit in butterfly and hinge forward from the hips.,https://www.mayoclinic.org/healthy-lifestyle/fitness/in-depth/stretching/art-20047931; https://www.mayoclinic.org/healthy-lifestyle/fitness/in-depth/stretching/art-20546848; https://www.nhs.uk/live-well/exercise/flexibility-exercises/; https://www.acefitness.org/resources/everyone/exercise-library/,"1) Sit tall on the floor or a chair with the pelvis supported. 2) Sit in butterfly and hinge forward from the hips. 3) Shift your hips slowly until you feel a gentle stretch in the front, side, or back of the hip. 4) Keep the breath slow and avoid forcing the end range. 5) Ease out carefully and repeat on the other side.",1) Keep the pelvis controlled and adjust the angle until the stretch is specific and comfortable. 2) Keep the stretch gentle and slow. 3) Do not bounce or force the end range. 4) Breathe steadily and aim for a mild pull rather than pain. 5) Warm up first or do these after activity if holding a longer static stretch.,upright-butterfly | Adult demonstrating Seated Butterfly with Forward Hinge at the upright-butterfly step: tall relaxed butterfly start. | https://imagedelivery.net/TDuhqfLDl0Fb8RGwGw6mYw/44685d63-bb51-4937-1fb4-39c38094a400/public ;; forward-hinge | Adult demonstrating Seated Butterfly with Forward Hinge at the forward-hinge step: forward reach without spinal rounding. | https://imagedelivery.net/TDuhqfLDl0Fb8RGwGw6mYw/7bc7789c-f7ba-4e75-4b71-9abd44a44600/public
Stretch/Mobility,ST677,Butterfly with Wall Support,Hips & Glutes,"Adductors, hips, posture",Beginner,Wall,Seated,Static stretch,Common,Sit with the back against a wall in butterfly to stay upright.,https://www.mayoclinic.org/healthy-lifestyle/fitness/in-depth/stretching/art-20047931; https://www.mayoclinic.org/healthy-lifestyle/fitness/in-depth/stretching/art-20546848; https://www.nhs.uk/live-well/exercise/flexibility-exercises/; https://www.acefitness.org/resources/everyone/exercise-library/,"1) Stand near a wall and place the working hand, forearm, foot, or back against it as needed. 2) Sit with the back against a wall in butterfly to stay upright. 3) Shift your hips slowly until you feel a gentle stretch in the front, side, or back of the hip. 4) Keep the breath slow and avoid forcing the end range. 5) Ease out carefully and repeat on the other side.","1) Keep the pelvis controlled and adjust the angle until the stretch is specific and comfortable. 2) Keep the stretch gentle and slow. 3) Do not bounce or force the end range. 4) Breathe steadily and aim for a mild pull rather than pain. 5) Stand close enough to control the movement without jamming your wrists, shoulders, or back. 6) Warm up first or do these after activity if holding a longer static stretch.",wall-setup | Adult demonstrating Butterfly with Wall Support at the wall-setup step: upright supported butterfly base. | https://imagedelivery.net/TDuhqfLDl0Fb8RGwGw6mYw/31b41afa-efdf-4638-bbdb-5b6737632c00/public ;; supported-hold | Adult demonstrating Butterfly with Wall Support at the supported-hold step: relaxed breathing hold with no forced range. | https://imagedelivery.net/TDuhqfLDl0Fb8RGwGw6mYw/fc79bfa8-3f51-4605-8a7d-e567bab66900/public
Stretch/Mobility,ST678,Reclined Bound Angle,Hips & Glutes,"Adductors, hips, chest",Beginner,Pillows optional,Supine,Static stretch,Common,Lie on your back with soles of feet together and knees supported if needed.,https://www.mayoclinic.org/healthy-lifestyle/fitness/in-depth/stretching/art-20047931; https://www.mayoclinic.org/healthy-lifestyle/fitness/in-depth/stretching/art-20546848; https://www.nhs.uk/live-well/exercise/flexibility-exercises/; https://www.acefitness.org/resources/everyone/exercise-library/,"1) Lie on your back with knees bent or legs positioned comfortably. 2) Lie on your back with soles of feet together and knees supported if needed. 3) Shift your hips slowly until you feel a gentle stretch in the front, side, or back of the hip. 4) Keep the breath slow and avoid forcing the end range. 5) Ease out carefully and repeat on the other side.",1) Keep the pelvis controlled and adjust the angle until the stretch is specific and comfortable. 2) Keep the stretch gentle and slow. 3) Do not bounce or force the end range. 4) Breathe steadily and aim for a mild pull rather than pain. 5) Warm up first or do these after activity if holding a longer static stretch.,
Stretch/Mobility,ST679,Happy Baby Rock,Hips & Glutes,"Hips, adductors, low back",Beginner,None,Supine,Dynamic stretch,Common,Hold happy baby and gently rock side to side.,https://www.mayoclinic.org/healthy-lifestyle/fitness/in-depth/stretching/art-20047931; https://www.mayoclinic.org/healthy-lifestyle/fitness/in-depth/stretching/art-20546848; https://www.nhs.uk/live-well/exercise/flexibility-exercises/; https://www.acefitness.org/resources/everyone/exercise-library/,"1) Lie on your back with knees bent or legs positioned comfortably. 2) Hold happy baby and gently rock side to side. 3) Shift your hips slowly until you feel a gentle stretch in the front, side, or back of the hip. 4) Keep the breath slow and avoid forcing the end range. 5) Ease out carefully and repeat on the other side.",1) Keep the pelvis controlled and adjust the angle until the stretch is specific and comfortable. 2) Keep the stretch gentle and slow. 3) Do not bounce or force the end range. 4) Breathe steadily and aim for a mild pull rather than pain. 5) Warm up first or do these after activity if holding a longer static stretch.,
Stretch/Mobility,ST680,Kneeling Hip Internal Rotation Stretch,Hips & Glutes,Hip internal rotators,Intermediate,None,Kneeling,Mobility,Variant,Kneel with one foot out to the side and rotate the hip gently inward.,https://www.mayoclinic.org/healthy-lifestyle/fitness/in-depth/stretching/art-20047931; https://www.mayoclinic.org/healthy-lifestyle/fitness/in-depth/stretching/art-20546848; https://www.nhs.uk/live-well/exercise/flexibility-exercises/; https://www.acefitness.org/resources/everyone/exercise-library/,"1) Kneel on a mat or cushion and place the knees in a comfortable stance. 2) Kneel with one foot out to the side and rotate the hip gently inward. 3) Shift your hips slowly until you feel a gentle stretch in the front, side, or back of the hip. 4) Keep the breath slow and avoid forcing the end range. 5) Ease out carefully and repeat on the other side.",1) Keep the pelvis controlled and adjust the angle until the stretch is specific and comfortable. 2) Keep the stretch gentle and slow. 3) Do not bounce or force the end range. 4) Breathe steadily and aim for a mild pull rather than pain. 5) Warm up first or do these after activity if holding a longer static stretch.,
Stretch/Mobility,ST681,Supine Hamstring Stretch with Knee Bend,Legs & Feet,Hamstrings,Beginner,Strap or towel,Supine,Static stretch,Common,Hold the thigh or strap and gently bend and straighten the knee.,https://www.mayoclinic.org/healthy-lifestyle/fitness/in-depth/stretching/art-20047931; https://www.mayoclinic.org/healthy-lifestyle/fitness/in-depth/stretching/art-20546848; https://www.nhs.uk/live-well/exercise/flexibility-exercises/; https://www.acefitness.org/resources/everyone/exercise-library/,"1) Set up in the supine position with the target leg supported or planted. 2) Hold the thigh or strap and gently bend and straighten the knee. 3) Move until you feel a gentle stretch through the thigh, hamstring, calf, shin, or foot. 4) Hold or move through the range slowly while breathing. 5) Release gradually and switch sides when needed.",1) Keep the knee and foot aligned and avoid twisting into discomfort. 2) Keep the stretch gentle and slow. 3) Do not bounce or force the end range. 4) Breathe steadily and aim for a mild pull rather than pain. 5) Keep the towel loose enough to guide the stretch or tension without forcing the joint. 6) Warm up first or do these after activity if holding a longer static stretch.,
Stretch/Mobility,ST682,Supine Hamstring Stretch with Ankle Pump,Legs & Feet,"Hamstrings, calves",Beginner,Strap or towel,Supine,Mobility,Common,Hold the leg up and slowly point and flex the ankle.,https://www.mayoclinic.org/healthy-lifestyle/fitness/in-depth/stretching/art-20047931; https://www.mayoclinic.org/healthy-lifestyle/fitness/in-depth/stretching/art-20546848; https://www.nhs.uk/live-well/exercise/flexibility-exercises/; https://www.acefitness.org/resources/everyone/exercise-library/,"1) Set up in the supine position with the target leg supported or planted. 2) Hold the leg up and slowly point and flex the ankle. 3) Move until you feel a gentle stretch through the thigh, hamstring, calf, shin, or foot. 4) Hold or move through the range slowly while breathing. 5) Release gradually and switch sides when needed.",1) Keep the knee and foot aligned and avoid twisting into discomfort. 2) Keep the stretch gentle and slow. 3) Do not bounce or force the end range. 4) Breathe steadily and aim for a mild pull rather than pain. 5) Keep the towel loose enough to guide the stretch or tension without forcing the joint. 6) Warm up first or do these after activity if holding a longer static stretch.,
Stretch/Mobility,ST683,Supine Hamstring Strap Floss,Legs & Feet,"Hamstrings, calves",Beginner,Strap or towel,Supine,Dynamic stretch,Common,Use a strap to guide the leg up and down through a gentle hamstring range.,https://www.mayoclinic.org/healthy-lifestyle/fitness/in-depth/stretching/art-20047931; https://www.mayoclinic.org/healthy-lifestyle/fitness/in-depth/stretching/art-20546848; https://www.nhs.uk/live-well/exercise/flexibility-exercises/; https://www.acefitness.org/resources/everyone/exercise-library/,"1) Set up in the supine position with the target leg supported or planted. 2) Use a strap to guide the leg up and down through a gentle hamstring range. 3) Move until you feel a gentle stretch through the thigh, hamstring, calf, shin, or foot. 4) Hold or move through the range slowly while breathing. 5) Release gradually and switch sides when needed.",1) Keep the knee and foot aligned and avoid twisting into discomfort. 2) Keep the stretch gentle and slow. 3) Do not bounce or force the end range. 4) Breathe steadily and aim for a mild pull rather than pain. 5) Keep the towel loose enough to guide the stretch or tension without forcing the joint. 6) Warm up first or do these after activity if holding a longer static stretch.,
Stretch/Mobility,ST684,Standing Hamstring Stretch on Step,Legs & Feet,"Hamstrings, calves",Beginner,Low step,Standing,Static stretch,Common,Place one heel on a step and hinge forward with a long spine.,https://www.mayoclinic.org/healthy-lifestyle/fitness/in-depth/stretching/art-20047931; https://www.mayoclinic.org/healthy-lifestyle/fitness/in-depth/stretching/art-20546848; https://www.nhs.uk/live-well/exercise/flexibility-exercises/; https://www.acefitness.org/resources/everyone/exercise-library/,"1) Set up in the standing position with the target leg supported or planted. 2) Place one heel on a step and hinge forward with a long spine. 3) Move until you feel a gentle stretch through the thigh, hamstring, calf, shin, or foot. 4) Hold or move through the range slowly while breathing. 5) Release gradually and switch sides when needed.","1) Keep the knee and foot aligned and avoid twisting into discomfort. 2) Keep the stretch gentle and slow. 3) Do not bounce or force the end range. 4) Breathe steadily and aim for a mild pull rather than pain. 5) Use only a stable surface that will not slide, tip, or open unexpectedly. 6) Warm up first or do these after activity if holding a longer static stretch.",
Stretch/Mobility,ST685,Standing Hamstring Stretch with Toe Turn In,Legs & Feet,"Outer hamstrings, calf",Beginner,None,Standing,Static stretch,Variant,Set one heel forward and turn the toes slightly inward before hinging.,https://www.mayoclinic.org/healthy-lifestyle/fitness/in-depth/stretching/art-20047931; https://www.mayoclinic.org/healthy-lifestyle/fitness/in-depth/stretching/art-20546848; https://www.nhs.uk/live-well/exercise/flexibility-exercises/; https://www.acefitness.org/resources/everyone/exercise-library/,"1) Set up in the standing position with the target leg supported or planted. 2) Set one heel forward and turn the toes slightly inward before hinging. 3) Move until you feel a gentle stretch through the thigh, hamstring, calf, shin, or foot. 4) Hold or move through the range slowly while breathing. 5) Release gradually and switch sides when needed.",1) Keep the knee and foot aligned and avoid twisting into discomfort. 2) Keep the stretch gentle and slow. 3) Do not bounce or force the end range. 4) Breathe steadily and aim for a mild pull rather than pain. 5) Warm up first or do these after activity if holding a longer static stretch.,
Stretch/Mobility,ST686,Standing Hamstring Stretch with Toe Turn Out,Legs & Feet,"Inner hamstrings, adductors",Beginner,None,Standing,Static stretch,Variant,Set one heel forward and turn the toes slightly outward before hinging.,https://www.mayoclinic.org/healthy-lifestyle/fitness/in-depth/stretching/art-20047931; https://www.mayoclinic.org/healthy-lifestyle/fitness/in-depth/stretching/art-20546848; https://www.nhs.uk/live-well/exercise/flexibility-exercises/; https://www.acefitness.org/resources/everyone/exercise-library/,"1) Set up in the standing position with the target leg supported or planted. 2) Set one heel forward and turn the toes slightly outward before hinging. 3) Move until you feel a gentle stretch through the thigh, hamstring, calf, shin, or foot. 4) Hold or move through the range slowly while breathing. 5) Release gradually and switch sides when needed.",1) Keep the knee and foot aligned and avoid twisting into discomfort. 2) Keep the stretch gentle and slow. 3) Do not bounce or force the end range. 4) Breathe steadily and aim for a mild pull rather than pain. 5) Warm up first or do these after activity if holding a longer static stretch.,
Stretch/Mobility,ST687,Seated Hamstring Stretch with Strap,Legs & Feet,"Hamstrings, calves",Beginner,Strap or towel,Seated,Static stretch,Common,Sit tall with a strap around the foot and hinge forward gently.,https://www.mayoclinic.org/healthy-lifestyle/fitness/in-depth/stretching/art-20047931; https://www.mayoclinic.org/healthy-lifestyle/fitness/in-depth/stretching/art-20546848; https://www.nhs.uk/live-well/exercise/flexibility-exercises/; https://www.acefitness.org/resources/everyone/exercise-library/,"1) Set up in the seated position with the target leg supported or planted. 2) Sit tall with a strap around the foot and hinge forward gently. 3) Move until you feel a gentle stretch through the thigh, hamstring, calf, shin, or foot. 4) Hold or move through the range slowly while breathing. 5) Release gradually and switch sides when needed.",1) Keep the knee and foot aligned and avoid twisting into discomfort. 2) Keep the stretch gentle and slow. 3) Do not bounce or force the end range. 4) Breathe steadily and aim for a mild pull rather than pain. 5) Keep the towel loose enough to guide the stretch or tension without forcing the joint. 6) Warm up first or do these after activity if holding a longer static stretch.,
Stretch/Mobility,ST688,Seated Hamstring Stretch with Tall Spine,Legs & Feet,Hamstrings,Beginner,None,Seated,Static stretch,Common,Keep the spine tall and hinge forward only as far as you can maintain posture.,https://www.mayoclinic.org/healthy-lifestyle/fitness/in-depth/stretching/art-20047931; https://www.mayoclinic.org/healthy-lifestyle/fitness/in-depth/stretching/art-20546848; https://www.nhs.uk/live-well/exercise/flexibility-exercises/; https://www.acefitness.org/resources/everyone/exercise-library/,"1) Set up in the seated position with the target leg supported or planted. 2) Keep the spine tall and hinge forward only as far as you can maintain posture. 3) Move until you feel a gentle stretch through the thigh, hamstring, calf, shin, or foot. 4) Hold or move through the range slowly while breathing. 5) Release gradually and switch sides when needed.",1) Keep the knee and foot aligned and avoid twisting into discomfort. 2) Keep the stretch gentle and slow. 3) Do not bounce or force the end range. 4) Breathe steadily and aim for a mild pull rather than pain. 5) Warm up first or do these after activity if holding a longer static stretch.,
Stretch/Mobility,ST689,Kneeling Hamstring Stretch with Toe Lift,Legs & Feet,"Hamstrings, calves",Beginner,None,Half-kneeling,Static stretch,Common,Straighten the front leg and lift the toes while hinging back.,https://www.mayoclinic.org/healthy-lifestyle/fitness/in-depth/stretching/art-20047931; https://www.mayoclinic.org/healthy-lifestyle/fitness/in-depth/stretching/art-20546848; https://www.nhs.uk/live-well/exercise/flexibility-exercises/; https://www.acefitness.org/resources/everyone/exercise-library/,"1) Set up in the half-kneeling position with the target leg supported or planted. 2) Straighten the front leg and lift the toes while hinging back. 3) Move until you feel a gentle stretch through the thigh, hamstring, calf, shin, or foot. 4) Hold or move through the range slowly while breathing. 5) Release gradually and switch sides when needed.",1) Keep the knee and foot aligned and avoid twisting into discomfort. 2) Keep the stretch gentle and slow. 3) Do not bounce or force the end range. 4) Breathe steadily and aim for a mild pull rather than pain. 5) Warm up first or do these after activity if holding a longer static stretch.,
Stretch/Mobility,ST690,Half Split with Foot Point-Flex,Legs & Feet,"Hamstrings, calves, ankle",Beginner,None,Half-kneeling,Mobility,Common,Hold a half split and alternate pointing and flexing the front foot.,https://www.mayoclinic.org/healthy-lifestyle/fitness/in-depth/stretching/art-20047931; https://www.mayoclinic.org/healthy-lifestyle/fitness/in-depth/stretching/art-20546848; https://www.nhs.uk/live-well/exercise/flexibility-exercises/; https://www.acefitness.org/resources/everyone/exercise-library/,"1) Set up in the half-kneeling position with the target leg supported or planted. 2) Hold a half split and alternate pointing and flexing the front foot. 3) Move until you feel a gentle stretch through the thigh, hamstring, calf, shin, or foot. 4) Hold or move through the range slowly while breathing. 5) Release gradually and switch sides when needed.",1) Keep the knee and foot aligned and avoid twisting into discomfort. 2) Keep the stretch gentle and slow. 3) Do not bounce or force the end range. 4) Breathe steadily and aim for a mild pull rather than pain. 5) Warm up first or do these after activity if holding a longer static stretch.,
Stretch/Mobility,ST691,Dynamic Half Split Rock,Legs & Feet,"Hamstrings, hip flexors",Beginner,None,Half-kneeling,Dynamic stretch,Common,Rock from a low lunge back into a half split and forward again.,https://www.mayoclinic.org/healthy-lifestyle/fitness/in-depth/stretching/art-20047931; https://www.mayoclinic.org/healthy-lifestyle/fitness/in-depth/stretching/art-20546848; https://www.nhs.uk/live-well/exercise/flexibility-exercises/; https://www.acefitness.org/resources/everyone/exercise-library/,"1) Set up in the half-kneeling position with the target leg supported or planted. 2) Rock from a low lunge back into a half split and forward again. 3) Move until you feel a gentle stretch through the thigh, hamstring, calf, shin, or foot. 4) Hold or move through the range slowly while breathing. 5) Release gradually and switch sides when needed.",1) Keep the knee and foot aligned and avoid twisting into discomfort. 2) Keep the stretch gentle and slow. 3) Do not bounce or force the end range. 4) Breathe steadily and aim for a mild pull rather than pain. 5) Warm up first or do these after activity if holding a longer static stretch.,
Stretch/Mobility,ST692,Pyramid Stretch with Blocks,Legs & Feet,"Hamstrings, calves, hips",Beginner,Yoga blocks or books,Standing,Static stretch,Common,Use blocks or books under the hands while folding over the front leg.,https://www.mayoclinic.org/healthy-lifestyle/fitness/in-depth/stretching/art-20047931; https://www.mayoclinic.org/healthy-lifestyle/fitness/in-depth/stretching/art-20546848; https://www.nhs.uk/live-well/exercise/flexibility-exercises/; https://www.acefitness.org/resources/everyone/exercise-library/,"1) Set up in the standing position with the target leg supported or planted. 2) Use blocks or books under the hands while folding over the front leg. 3) Move until you feel a gentle stretch through the thigh, hamstring, calf, shin, or foot. 4) Hold or move through the range slowly while breathing. 5) Release gradually and switch sides when needed.",1) Keep the knee and foot aligned and avoid twisting into discomfort. 2) Keep the stretch gentle and slow. 3) Do not bounce or force the end range. 4) Breathe steadily and aim for a mild pull rather than pain. 5) Warm up first or do these after activity if holding a longer static stretch.,
Stretch/Mobility,ST693,Forward Fold with Bent Knees,Legs & Feet,"Hamstrings, back",Beginner,None,Standing,Static stretch,Common,Fold forward with knees bent enough to relax the low back.,https://www.mayoclinic.org/healthy-lifestyle/fitness/in-depth/stretching/art-20047931; https://www.mayoclinic.org/healthy-lifestyle/fitness/in-depth/stretching/art-20546848; https://www.nhs.uk/live-well/exercise/flexibility-exercises/; https://www.acefitness.org/resources/everyone/exercise-library/,"1) Set up in the standing position with the target leg supported or planted. 2) Fold forward with knees bent enough to relax the low back. 3) Move until you feel a gentle stretch through the thigh, hamstring, calf, shin, or foot. 4) Hold or move through the range slowly while breathing. 5) Release gradually and switch sides when needed.",1) Keep the knee and foot aligned and avoid twisting into discomfort. 2) Keep the stretch gentle and slow. 3) Do not bounce or force the end range. 4) Breathe steadily and aim for a mild pull rather than pain. 5) Warm up first or do these after activity if holding a longer static stretch.,
Stretch/Mobility,ST694,Forward Fold with Calf Grab,Legs & Feet,"Hamstrings, calves, back",Beginner,None,Standing,Static stretch,Variant,Fold forward and lightly hold the calves or ankles.,https://www.mayoclinic.org/healthy-lifestyle/fitness/in-depth/stretching/art-20047931; https://www.mayoclinic.org/healthy-lifestyle/fitness/in-depth/stretching/art-20546848; https://www.nhs.uk/live-well/exercise/flexibility-exercises/; https://www.acefitness.org/resources/everyone/exercise-library/,"1) Set up in the standing position with the target leg supported or planted. 2) Fold forward and lightly hold the calves or ankles. 3) Move until you feel a gentle stretch through the thigh, hamstring, calf, shin, or foot. 4) Hold or move through the range slowly while breathing. 5) Release gradually and switch sides when needed.",1) Keep the knee and foot aligned and avoid twisting into discomfort. 2) Keep the stretch gentle and slow. 3) Do not bounce or force the end range. 4) Breathe steadily and aim for a mild pull rather than pain. 5) Warm up first or do these after activity if holding a longer static stretch.,
Stretch/Mobility,ST695,Wall Hamstring Stretch with Hip Shift,Legs & Feet,"Hamstrings, hips",Beginner,Wall,Supine,Static stretch,Variant,Place one leg on the wall and shift the hips slightly to adjust the stretch.,https://www.mayoclinic.org/healthy-lifestyle/fitness/in-depth/stretching/art-20047931; https://www.mayoclinic.org/healthy-lifestyle/fitness/in-depth/stretching/art-20546848; https://www.nhs.uk/live-well/exercise/flexibility-exercises/; https://www.acefitness.org/resources/everyone/exercise-library/,"1) Set up in the supine position with the target leg supported or planted. 2) Place one leg on the wall and shift the hips slightly to adjust the stretch. 3) Move until you feel a gentle stretch through the thigh, hamstring, calf, shin, or foot. 4) Hold or move through the range slowly while breathing. 5) Release gradually and switch sides when needed.","1) Keep the knee and foot aligned and avoid twisting into discomfort. 2) Keep the stretch gentle and slow. 3) Do not bounce or force the end range. 4) Breathe steadily and aim for a mild pull rather than pain. 5) Stand close enough to control the movement without jamming your wrists, shoulders, or back. 6) Warm up first or do these after activity if holding a longer static stretch.",
Stretch/Mobility,ST696,Doorway Hamstring Stretch with Ankle Circles,Legs & Feet,"Hamstrings, calves, ankles",Beginner,Doorway,Supine,Mobility,Variant,Rest one leg in a doorway stretch and draw small ankle circles.,https://www.mayoclinic.org/healthy-lifestyle/fitness/in-depth/stretching/art-20047931; https://www.mayoclinic.org/healthy-lifestyle/fitness/in-depth/stretching/art-20546848; https://www.nhs.uk/live-well/exercise/flexibility-exercises/; https://www.acefitness.org/resources/everyone/exercise-library/,"1) Set up in the supine position with the target leg supported or planted. 2) Rest one leg in a doorway stretch and draw small ankle circles. 3) Move until you feel a gentle stretch through the thigh, hamstring, calf, shin, or foot. 4) Hold or move through the range slowly while breathing. 5) Release gradually and switch sides when needed.",1) Keep the knee and foot aligned and avoid twisting into discomfort. 2) Keep the stretch gentle and slow. 3) Do not bounce or force the end range. 4) Breathe steadily and aim for a mild pull rather than pain. 5) Warm up first or do these after activity if holding a longer static stretch.,
Stretch/Mobility,ST697,Standing Quad Stretch with Wall Support,Legs & Feet,"Quads, hip flexors",Beginner,Wall,Standing,Static stretch,Common,Hold a wall and draw one heel toward the glutes.,https://www.mayoclinic.org/healthy-lifestyle/fitness/in-depth/stretching/art-20047931; https://www.mayoclinic.org/healthy-lifestyle/fitness/in-depth/stretching/art-20546848; https://www.nhs.uk/live-well/exercise/flexibility-exercises/; https://www.acefitness.org/resources/everyone/exercise-library/,"1) Set up in the standing position with the target leg supported or planted. 2) Hold a wall and draw one heel toward the glutes. 3) Move until you feel a gentle stretch through the thigh, hamstring, calf, shin, or foot. 4) Hold or move through the range slowly while breathing. 5) Release gradually and switch sides when needed.","1) Keep the knee and foot aligned and avoid twisting into discomfort. 2) Keep the stretch gentle and slow. 3) Do not bounce or force the end range. 4) Breathe steadily and aim for a mild pull rather than pain. 5) Stand close enough to control the movement without jamming your wrists, shoulders, or back. 6) Warm up first or do these after activity if holding a longer static stretch.",
Stretch/Mobility,ST698,Standing Quad Stretch with Knee Back,Legs & Feet,"Quads, hip flexors",Beginner,Wall optional,Standing,Static stretch,Variant,Hold the ankle and gently move the knee slightly behind the hip.,https://www.mayoclinic.org/healthy-lifestyle/fitness/in-depth/stretching/art-20047931; https://www.mayoclinic.org/healthy-lifestyle/fitness/in-depth/stretching/art-20546848; https://www.nhs.uk/live-well/exercise/flexibility-exercises/; https://www.acefitness.org/resources/everyone/exercise-library/,"1) Set up in the standing position with the target leg supported or planted. 2) Hold the ankle and gently move the knee slightly behind the hip. 3) Move until you feel a gentle stretch through the thigh, hamstring, calf, shin, or foot. 4) Hold or move through the range slowly while breathing. 5) Release gradually and switch sides when needed.","1) Keep the knee and foot aligned and avoid twisting into discomfort. 2) Keep the stretch gentle and slow. 3) Do not bounce or force the end range. 4) Breathe steadily and aim for a mild pull rather than pain. 5) Stand close enough to control the movement without jamming your wrists, shoulders, or back. 6) Warm up first or do these after activity if holding a longer static stretch.",
Stretch/Mobility,ST699,Side-Lying Quad Stretch with Strap,Legs & Feet,"Quads, hip flexors",Beginner,Strap or towel,Side-lying,Static stretch,Common,Use a strap to guide the top foot toward the glutes while lying on your side.,https://www.mayoclinic.org/healthy-lifestyle/fitness/in-depth/stretching/art-20047931; https://www.mayoclinic.org/healthy-lifestyle/fitness/in-depth/stretching/art-20546848; https://www.nhs.uk/live-well/exercise/flexibility-exercises/; https://www.acefitness.org/resources/everyone/exercise-library/,"1) Set up in the side-lying position with the target leg supported or planted. 2) Use a strap to guide the top foot toward the glutes while lying on your side. 3) Move until you feel a gentle stretch through the thigh, hamstring, calf, shin, or foot. 4) Hold or move through the range slowly while breathing. 5) Release gradually and switch sides when needed.",1) Keep the knee and foot aligned and avoid twisting into discomfort. 2) Keep the stretch gentle and slow. 3) Do not bounce or force the end range. 4) Breathe steadily and aim for a mild pull rather than pain. 5) Keep the towel loose enough to guide the stretch or tension without forcing the joint. 6) Warm up first or do these after activity if holding a longer static stretch.,
Stretch/Mobility,ST700,Prone Quad Stretch with Pillow Under Thigh,Legs & Feet,"Quads, hip flexors",Beginner,Pillow and strap optional,Prone,Static stretch,Variant,Lie face down with a pillow under the thigh and bend the knee gently.,https://www.mayoclinic.org/healthy-lifestyle/fitness/in-depth/stretching/art-20047931; https://www.mayoclinic.org/healthy-lifestyle/fitness/in-depth/stretching/art-20546848; https://www.nhs.uk/live-well/exercise/flexibility-exercises/; https://www.acefitness.org/resources/everyone/exercise-library/,"1) Set up in the prone position with the target leg supported or planted. 2) Lie face down with a pillow under the thigh and bend the knee gently. 3) Move until you feel a gentle stretch through the thigh, hamstring, calf, shin, or foot. 4) Hold or move through the range slowly while breathing. 5) Release gradually and switch sides when needed.",1) Keep the knee and foot aligned and avoid twisting into discomfort. 2) Keep the stretch gentle and slow. 3) Do not bounce or force the end range. 4) Breathe steadily and aim for a mild pull rather than pain. 5) Warm up first or do these after activity if holding a longer static stretch.,
Stretch/Mobility,ST701,Half-Kneeling Quad Stretch with Wall,Legs & Feet,"Quads, hip flexors",Intermediate,Wall,Half-kneeling,Static stretch,Common,Place the back foot on the wall and tuck the pelvis gently.,https://www.mayoclinic.org/healthy-lifestyle/fitness/in-depth/stretching/art-20047931; https://www.mayoclinic.org/healthy-lifestyle/fitness/in-depth/stretching/art-20546848; https://www.nhs.uk/live-well/exercise/flexibility-exercises/; https://www.acefitness.org/resources/everyone/exercise-library/,"1) Set up in the half-kneeling position with the target leg supported or planted. 2) Place the back foot on the wall and tuck the pelvis gently. 3) Move until you feel a gentle stretch through the thigh, hamstring, calf, shin, or foot. 4) Hold or move through the range slowly while breathing. 5) Release gradually and switch sides when needed.","1) Keep the knee and foot aligned and avoid twisting into discomfort. 2) Keep the stretch gentle and slow. 3) Do not bounce or force the end range. 4) Breathe steadily and aim for a mild pull rather than pain. 5) Stand close enough to control the movement without jamming your wrists, shoulders, or back. 6) Warm up first or do these after activity if holding a longer static stretch.",
Stretch/Mobility,ST702,Hero Pose Toe Tucked,Legs & Feet,"Quads, shins, feet",Intermediate,None,Kneeling,Static stretch,Variant,Sit back toward the heels with toes tucked under.,https://www.mayoclinic.org/healthy-lifestyle/fitness/in-depth/stretching/art-20047931; https://www.mayoclinic.org/healthy-lifestyle/fitness/in-depth/stretching/art-20546848; https://www.nhs.uk/live-well/exercise/flexibility-exercises/; https://www.acefitness.org/resources/everyone/exercise-library/,"1) Kneel on a mat or cushion and place the knees in a comfortable stance. 2) Sit back toward the heels with toes tucked under. 3) Move only through a comfortable range in the toes, arch, ankle, or shin. 4) Pause briefly or breathe through a light hold. 5) Return to neutral and repeat on the other side if needed.",1) Keep the knee and foot aligned and avoid twisting into discomfort. 2) Keep the stretch gentle and slow. 3) Do not bounce or force the end range. 4) Breathe steadily and aim for a mild pull rather than pain. 5) Warm up first or do these after activity if holding a longer static stretch.,
Stretch/Mobility,ST703,Hero Pose Lean-Back Prep,Legs & Feet,"Quads, shins",Intermediate,Pillow optional,Kneeling,Static stretch,Variant,"From hero pose, lean back slightly only as far as knees feel comfortable.",https://www.mayoclinic.org/healthy-lifestyle/fitness/in-depth/stretching/art-20047931; https://www.mayoclinic.org/healthy-lifestyle/fitness/in-depth/stretching/art-20546848; https://www.nhs.uk/live-well/exercise/flexibility-exercises/; https://www.acefitness.org/resources/everyone/exercise-library/,"1) Set up in the kneeling position with the target leg supported or planted. 2) From hero pose, lean back slightly only as far as knees feel comfortable. 3) Move until you feel a gentle stretch through the thigh, hamstring, calf, shin, or foot. 4) Hold or move through the range slowly while breathing. 5) Release gradually and switch sides when needed.",1) Keep the knee and foot aligned and avoid twisting into discomfort. 2) Keep the stretch gentle and slow. 3) Do not bounce or force the end range. 4) Breathe steadily and aim for a mild pull rather than pain. 5) Warm up first or do these after activity if holding a longer static stretch.,
Stretch/Mobility,ST704,Calf Stretch with Heel Drop on Book,Legs & Feet,"Calves, Achilles",Beginner,Book or low step,Standing,Static stretch,Common,Place the ball of the foot on a book and let the heel drop gently.,https://www.mayoclinic.org/healthy-lifestyle/fitness/in-depth/stretching/art-20047931; https://www.mayoclinic.org/healthy-lifestyle/fitness/in-depth/stretching/art-20546848; https://www.nhs.uk/live-well/exercise/flexibility-exercises/; https://www.acefitness.org/resources/everyone/exercise-library/,"1) Stand tall with feet grounded and use a wall or chair if balance is needed. 2) Place the ball of the foot on a book and let the heel drop gently. 3) Move only through a comfortable range in the toes, arch, ankle, or shin. 4) Pause briefly or breathe through a light hold. 5) Return to neutral and repeat on the other side if needed.","1) Keep the knee and foot aligned and avoid twisting into discomfort. 2) Keep the stretch gentle and slow. 3) Do not bounce or force the end range. 4) Breathe steadily and aim for a mild pull rather than pain. 5) Use only a stable surface that will not slide, tip, or open unexpectedly. 6) Warm up first or do these after activity if holding a longer static stretch.",
Stretch/Mobility,ST705,Calf Stretch with Toe on Wall,Legs & Feet,"Calves, plantar fascia",Beginner,Wall,Standing,Static stretch,Common,Place toes up the wall and lean the body forward slightly.,https://www.mayoclinic.org/healthy-lifestyle/fitness/in-depth/stretching/art-20047931; https://www.mayoclinic.org/healthy-lifestyle/fitness/in-depth/stretching/art-20546848; https://www.nhs.uk/live-well/exercise/flexibility-exercises/; https://www.acefitness.org/resources/everyone/exercise-library/,"1) Stand near a wall and place the working hand, forearm, foot, or back against it as needed. 2) Place toes up the wall and lean the body forward slightly. 3) Move only through a comfortable range in the toes, arch, ankle, or shin. 4) Pause briefly or breathe through a light hold. 5) Return to neutral and repeat on the other side if needed.","1) Keep the knee and foot aligned and avoid twisting into discomfort. 2) Keep the stretch gentle and slow. 3) Do not bounce or force the end range. 4) Breathe steadily and aim for a mild pull rather than pain. 5) Stand close enough to control the movement without jamming your wrists, shoulders, or back. 6) Warm up first or do these after activity if holding a longer static stretch.",
Stretch/Mobility,ST706,Soleus Stretch with Wall Support,Legs & Feet,"Soleus, Achilles",Beginner,Wall,Standing,Static stretch,Common,Bend the back knee while keeping the heel down near a wall.,https://www.mayoclinic.org/healthy-lifestyle/fitness/in-depth/stretching/art-20047931; https://www.mayoclinic.org/healthy-lifestyle/fitness/in-depth/stretching/art-20546848; https://www.nhs.uk/live-well/exercise/flexibility-exercises/; https://www.acefitness.org/resources/everyone/exercise-library/,"1) Stand near a wall and place the working hand, forearm, foot, or back against it as needed. 2) Bend the back knee while keeping the heel down near a wall. 3) Move only through a comfortable range in the toes, arch, ankle, or shin. 4) Pause briefly or breathe through a light hold. 5) Return to neutral and repeat on the other side if needed.","1) Keep the knee and foot aligned and avoid twisting into discomfort. 2) Keep the stretch gentle and slow. 3) Do not bounce or force the end range. 4) Breathe steadily and aim for a mild pull rather than pain. 5) Stand close enough to control the movement without jamming your wrists, shoulders, or back. 6) Warm up first or do these after activity if holding a longer static stretch.",
Stretch/Mobility,ST707,Soleus Stretch on Step,Legs & Feet,"Soleus, Achilles",Beginner,Step,Standing,Static stretch,Variant,Stand on a step and bend the knee slightly as the heel lowers.,https://www.mayoclinic.org/healthy-lifestyle/fitness/in-depth/stretching/art-20047931; https://www.mayoclinic.org/healthy-lifestyle/fitness/in-depth/stretching/art-20546848; https://www.nhs.uk/live-well/exercise/flexibility-exercises/; https://www.acefitness.org/resources/everyone/exercise-library/,"1) Stand tall with feet grounded and use a wall or chair if balance is needed. 2) Stand on a step and bend the knee slightly as the heel lowers. 3) Move only through a comfortable range in the toes, arch, ankle, or shin. 4) Pause briefly or breathe through a light hold. 5) Return to neutral and repeat on the other side if needed.","1) Keep the knee and foot aligned and avoid twisting into discomfort. 2) Keep the stretch gentle and slow. 3) Do not bounce or force the end range. 4) Breathe steadily and aim for a mild pull rather than pain. 5) Use only a stable surface that will not slide, tip, or open unexpectedly. 6) Warm up first or do these after activity if holding a longer static stretch.",
Stretch/Mobility,ST708,Down Dog Calf Pedal Slow,Legs & Feet,"Calves, hamstrings",Beginner,None,Downward dog,Dynamic stretch,Common,"In downward dog, bend one knee and press the opposite heel down slowly.",https://www.mayoclinic.org/healthy-lifestyle/fitness/in-depth/stretching/art-20047931; https://www.mayoclinic.org/healthy-lifestyle/fitness/in-depth/stretching/art-20546848; https://www.nhs.uk/live-well/exercise/flexibility-exercises/; https://www.acefitness.org/resources/everyone/exercise-library/,"1) Set up in the downward dog position with the target leg supported or planted. 2) In downward dog, bend one knee and press the opposite heel down slowly. 3) Move until you feel a gentle stretch through the thigh, hamstring, calf, shin, or foot. 4) Hold or move through the range slowly while breathing. 5) Release gradually and switch sides when needed.",1) Keep the knee and foot aligned and avoid twisting into discomfort. 2) Keep the stretch gentle and slow. 3) Do not bounce or force the end range. 4) Breathe steadily and aim for a mild pull rather than pain. 5) Warm up first or do these after activity if holding a longer static stretch.,
Stretch/Mobility,ST709,Down Dog Bent-Knee Calf Hold,Legs & Feet,"Calves, ankles",Beginner,None,Downward dog,Static stretch,Variant,Keep one knee bent and gently press the other heel toward the floor.,https://www.mayoclinic.org/healthy-lifestyle/fitness/in-depth/stretching/art-20047931; https://www.mayoclinic.org/healthy-lifestyle/fitness/in-depth/stretching/art-20546848; https://www.nhs.uk/live-well/exercise/flexibility-exercises/; https://www.acefitness.org/resources/everyone/exercise-library/,"1) Set up in the downward dog position with the target leg supported or planted. 2) Keep one knee bent and gently press the other heel toward the floor. 3) Move until you feel a gentle stretch through the thigh, hamstring, calf, shin, or foot. 4) Hold or move through the range slowly while breathing. 5) Release gradually and switch sides when needed.",1) Keep the knee and foot aligned and avoid twisting into discomfort. 2) Keep the stretch gentle and slow. 3) Do not bounce or force the end range. 4) Breathe steadily and aim for a mild pull rather than pain. 5) Warm up first or do these after activity if holding a longer static stretch.,
Stretch/Mobility,ST710,Half-Kneeling Ankle Dorsiflexion with Band,Legs & Feet,"Ankles, calves",Intermediate,Resistance band,Half-kneeling,Mobility,Variant,Use a light band around the ankle while driving the knee forward.,https://www.mayoclinic.org/healthy-lifestyle/fitness/in-depth/stretching/art-20047931; https://www.mayoclinic.org/healthy-lifestyle/fitness/in-depth/stretching/art-20546848; https://www.nhs.uk/live-well/exercise/flexibility-exercises/; https://www.acefitness.org/resources/everyone/exercise-library/,"1) Hold the towel, strap, or band with a relaxed grip and set it around the limb being stretched. 2) Use a light band around the ankle while driving the knee forward. 3) Move only through a comfortable range in the toes, arch, ankle, or shin. 4) Pause briefly or breathe through a light hold. 5) Return to neutral and repeat on the other side if needed.",1) Keep the knee and foot aligned and avoid twisting into discomfort. 2) Keep the stretch gentle and slow. 3) Do not bounce or force the end range. 4) Breathe steadily and aim for a mild pull rather than pain. 5) Use a light band first and make sure it is anchored or held securely before adding tension. 6) Warm up first or do these after activity if holding a longer static stretch.,
Stretch/Mobility,ST711,Ankle Rock with Heel Down,Legs & Feet,"Ankles, calves",Beginner,None,Half-kneeling,Mobility,Common,Drive the knee forward while keeping the front heel on the floor.,https://www.mayoclinic.org/healthy-lifestyle/fitness/in-depth/stretching/art-20047931; https://www.mayoclinic.org/healthy-lifestyle/fitness/in-depth/stretching/art-20546848; https://www.nhs.uk/live-well/exercise/flexibility-exercises/; https://www.acefitness.org/resources/everyone/exercise-library/,"1) Kneel on a mat or cushion and place the knees in a comfortable stance. 2) Drive the knee forward while keeping the front heel on the floor. 3) Move only through a comfortable range in the toes, arch, ankle, or shin. 4) Pause briefly or breathe through a light hold. 5) Return to neutral and repeat on the other side if needed.",1) Keep the knee and foot aligned and avoid twisting into discomfort. 2) Keep the stretch gentle and slow. 3) Do not bounce or force the end range. 4) Breathe steadily and aim for a mild pull rather than pain. 5) Warm up first or do these after activity if holding a longer static stretch.,
Stretch/Mobility,ST712,Ankle Rock with Foot Turned In,Legs & Feet,"Ankles, calves",Beginner,None,Half-kneeling,Mobility,Variant,Turn the front foot slightly inward and rock the knee forward.,https://www.mayoclinic.org/healthy-lifestyle/fitness/in-depth/stretching/art-20047931; https://www.mayoclinic.org/healthy-lifestyle/fitness/in-depth/stretching/art-20546848; https://www.nhs.uk/live-well/exercise/flexibility-exercises/; https://www.acefitness.org/resources/everyone/exercise-library/,"1) Kneel on a mat or cushion and place the knees in a comfortable stance. 2) Turn the front foot slightly inward and rock the knee forward. 3) Move only through a comfortable range in the toes, arch, ankle, or shin. 4) Pause briefly or breathe through a light hold. 5) Return to neutral and repeat on the other side if needed.",1) Keep the knee and foot aligned and avoid twisting into discomfort. 2) Keep the stretch gentle and slow. 3) Do not bounce or force the end range. 4) Breathe steadily and aim for a mild pull rather than pain. 5) Warm up first or do these after activity if holding a longer static stretch.,
Stretch/Mobility,ST713,Ankle Rock with Foot Turned Out,Legs & Feet,"Ankles, calves",Beginner,None,Half-kneeling,Mobility,Variant,Turn the front foot slightly outward and rock the knee forward.,https://www.mayoclinic.org/healthy-lifestyle/fitness/in-depth/stretching/art-20047931; https://www.mayoclinic.org/healthy-lifestyle/fitness/in-depth/stretching/art-20546848; https://www.nhs.uk/live-well/exercise/flexibility-exercises/; https://www.acefitness.org/resources/everyone/exercise-library/,"1) Kneel on a mat or cushion and place the knees in a comfortable stance. 2) Turn the front foot slightly outward and rock the knee forward. 3) Move only through a comfortable range in the toes, arch, ankle, or shin. 4) Pause briefly or breathe through a light hold. 5) Return to neutral and repeat on the other side if needed.",1) Keep the knee and foot aligned and avoid twisting into discomfort. 2) Keep the stretch gentle and slow. 3) Do not bounce or force the end range. 4) Breathe steadily and aim for a mild pull rather than pain. 5) Warm up first or do these after activity if holding a longer static stretch.,
Stretch/Mobility,ST714,Seated Toe Lift and Spread,Legs & Feet,"Toes, arches, shins",Beginner,Chair,Seated,Mobility,Common,"Lift the toes, spread them, then lower them with control.",https://www.mayoclinic.org/healthy-lifestyle/fitness/in-depth/stretching/art-20047931; https://www.mayoclinic.org/healthy-lifestyle/fitness/in-depth/stretching/art-20546848; https://www.nhs.uk/live-well/exercise/flexibility-exercises/; https://www.acefitness.org/resources/everyone/exercise-library/,"1) Sit tall on a sturdy chair with feet flat and the working limb positioned comfortably. 2) Lift the toes, spread them, then lower them with control. 3) Move only through a comfortable range in the toes, arch, ankle, or shin. 4) Pause briefly or breathe through a light hold. 5) Return to neutral and repeat on the other side if needed.","1) Keep the knee and foot aligned and avoid twisting into discomfort. 2) Keep the stretch gentle and slow. 3) Do not bounce or force the end range. 4) Breathe steadily and aim for a mild pull rather than pain. 5) Use only a stable surface that will not slide, tip, or open unexpectedly. 6) Warm up first or do these after activity if holding a longer static stretch.",
Stretch/Mobility,ST715,Seated Toe Curl Stretch,Legs & Feet,"Toes, arches",Beginner,Chair,Seated,Mobility,Common,"Curl the toes under lightly, then extend them open.",https://www.mayoclinic.org/healthy-lifestyle/fitness/in-depth/stretching/art-20047931; https://www.mayoclinic.org/healthy-lifestyle/fitness/in-depth/stretching/art-20546848; https://www.nhs.uk/live-well/exercise/flexibility-exercises/; https://www.acefitness.org/resources/everyone/exercise-library/,"1) Sit tall on a sturdy chair with feet flat and the working limb positioned comfortably. 2) Curl the toes under lightly, then extend them open. 3) Move only through a comfortable range in the toes, arch, ankle, or shin. 4) Pause briefly or breathe through a light hold. 5) Return to neutral and repeat on the other side if needed.","1) Keep the knee and foot aligned and avoid twisting into discomfort. 2) Keep the stretch gentle and slow. 3) Do not bounce or force the end range. 4) Breathe steadily and aim for a mild pull rather than pain. 5) Use only a stable surface that will not slide, tip, or open unexpectedly. 6) Warm up first or do these after activity if holding a longer static stretch.",
Stretch/Mobility,ST716,Kneeling Toe Tuck Stretch,Legs & Feet,"Toes, plantar fascia",Beginner,None,Kneeling,Static stretch,Common,Tuck the toes under and sit back only as far as comfortable.,https://www.mayoclinic.org/healthy-lifestyle/fitness/in-depth/stretching/art-20047931; https://www.mayoclinic.org/healthy-lifestyle/fitness/in-depth/stretching/art-20546848; https://www.nhs.uk/live-well/exercise/flexibility-exercises/; https://www.acefitness.org/resources/everyone/exercise-library/,"1) Kneel on a mat or cushion and place the knees in a comfortable stance. 2) Tuck the toes under and sit back only as far as comfortable. 3) Move only through a comfortable range in the toes, arch, ankle, or shin. 4) Pause briefly or breathe through a light hold. 5) Return to neutral and repeat on the other side if needed.",1) Keep the knee and foot aligned and avoid twisting into discomfort. 2) Keep the stretch gentle and slow. 3) Do not bounce or force the end range. 4) Breathe steadily and aim for a mild pull rather than pain. 5) Warm up first or do these after activity if holding a longer static stretch.,
Stretch/Mobility,ST717,Kneeling Toe Untuck Stretch,Legs & Feet,"Tops of feet, shins",Beginner,None,Kneeling,Static stretch,Common,Point the toes back and sit toward the heels gently.,https://www.mayoclinic.org/healthy-lifestyle/fitness/in-depth/stretching/art-20047931; https://www.mayoclinic.org/healthy-lifestyle/fitness/in-depth/stretching/art-20546848; https://www.nhs.uk/live-well/exercise/flexibility-exercises/; https://www.acefitness.org/resources/everyone/exercise-library/,"1) Kneel on a mat or cushion and place the knees in a comfortable stance. 2) Point the toes back and sit toward the heels gently. 3) Move only through a comfortable range in the toes, arch, ankle, or shin. 4) Pause briefly or breathe through a light hold. 5) Return to neutral and repeat on the other side if needed.",1) Keep the knee and foot aligned and avoid twisting into discomfort. 2) Keep the stretch gentle and slow. 3) Do not bounce or force the end range. 4) Breathe steadily and aim for a mild pull rather than pain. 5) Warm up first or do these after activity if holding a longer static stretch.,
Stretch/Mobility,ST718,Big Toe Stretch on Wall with Knee Bend,Legs & Feet,"Big toe, arch, calf",Beginner,Wall,Standing,Static stretch,Variant,Place the big toe up the wall and bend the knee slightly.,https://www.mayoclinic.org/healthy-lifestyle/fitness/in-depth/stretching/art-20047931; https://www.mayoclinic.org/healthy-lifestyle/fitness/in-depth/stretching/art-20546848; https://www.nhs.uk/live-well/exercise/flexibility-exercises/; https://www.acefitness.org/resources/everyone/exercise-library/,"1) Stand near a wall and place the working hand, forearm, foot, or back against it as needed. 2) Place the big toe up the wall and bend the knee slightly. 3) Move only through a comfortable range in the toes, arch, ankle, or shin. 4) Pause briefly or breathe through a light hold. 5) Return to neutral and repeat on the other side if needed.","1) Keep the knee and foot aligned and avoid twisting into discomfort. 2) Keep the stretch gentle and slow. 3) Do not bounce or force the end range. 4) Breathe steadily and aim for a mild pull rather than pain. 5) Stand close enough to control the movement without jamming your wrists, shoulders, or back. 6) Warm up first or do these after activity if holding a longer static stretch.",
Stretch/Mobility,ST719,Plantar Fascia Ball Roll,Legs & Feet,"Arch, plantar fascia",Beginner,Small ball,Standing or seated,Recovery,Common,Roll the bottom of the foot over a small ball with light pressure.,https://www.mayoclinic.org/healthy-lifestyle/fitness/in-depth/stretching/art-20047931; https://www.mayoclinic.org/healthy-lifestyle/fitness/in-depth/stretching/art-20546848; https://www.nhs.uk/live-well/exercise/flexibility-exercises/; https://www.acefitness.org/resources/everyone/exercise-library/,"1) Sit tall on the floor or a chair with the pelvis supported. 2) Roll the bottom of the foot over a small ball with light pressure. 3) Move only through a comfortable range in the toes, arch, ankle, or shin. 4) Pause briefly or breathe through a light hold. 5) Return to neutral and repeat on the other side if needed.","1) Keep the knee and foot aligned and avoid twisting into discomfort. 2) Keep the stretch gentle and slow. 3) Do not bounce or force the end range. 4) Breathe steadily and aim for a mild pull rather than pain. 5) Use moderate pressure and avoid rolling directly on sharp, bony, or painful spots. 6) Warm up first or do these after activity if holding a longer static stretch.",
Stretch/Mobility,ST720,Arch Roll with Bottle,Legs & Feet,"Arch, plantar fascia",Beginner,Water bottle,Seated,Recovery,Common,Roll the arch over a water bottle with gentle pressure.,https://www.mayoclinic.org/healthy-lifestyle/fitness/in-depth/stretching/art-20047931; https://www.mayoclinic.org/healthy-lifestyle/fitness/in-depth/stretching/art-20546848; https://www.nhs.uk/live-well/exercise/flexibility-exercises/; https://www.acefitness.org/resources/everyone/exercise-library/,"1) Sit tall on the floor or a chair with the pelvis supported. 2) Roll the arch over a water bottle with gentle pressure. 3) Move only through a comfortable range in the toes, arch, ankle, or shin. 4) Pause briefly or breathe through a light hold. 5) Return to neutral and repeat on the other side if needed.","1) Keep the knee and foot aligned and avoid twisting into discomfort. 2) Keep the stretch gentle and slow. 3) Do not bounce or force the end range. 4) Breathe steadily and aim for a mild pull rather than pain. 5) Choose a light load first and make sure lids, straps, and zippers are secure. 6) Warm up first or do these after activity if holding a longer static stretch.",
Stretch/Mobility,ST721,Heel Cord Stretch on Stair,Legs & Feet,"Calves, Achilles",Beginner,Stair,Standing,Static stretch,Common,Stand with the ball of one foot on a stair and lower the heel gently.,https://www.mayoclinic.org/healthy-lifestyle/fitness/in-depth/stretching/art-20047931; https://www.mayoclinic.org/healthy-lifestyle/fitness/in-depth/stretching/art-20546848; https://www.nhs.uk/live-well/exercise/flexibility-exercises/; https://www.acefitness.org/resources/everyone/exercise-library/,"1) Stand tall with feet grounded and use a wall or chair if balance is needed. 2) Stand with the ball of one foot on a stair and lower the heel gently. 3) Move only through a comfortable range in the toes, arch, ankle, or shin. 4) Pause briefly or breathe through a light hold. 5) Return to neutral and repeat on the other side if needed.","1) Keep the knee and foot aligned and avoid twisting into discomfort. 2) Keep the stretch gentle and slow. 3) Do not bounce or force the end range. 4) Breathe steadily and aim for a mild pull rather than pain. 5) Use only a stable surface that will not slide, tip, or open unexpectedly. 6) Warm up first or do these after activity if holding a longer static stretch.",
Stretch/Mobility,ST722,Tibialis Stretch with Toe Point,Legs & Feet,"Shins, ankles",Beginner,Chair optional,Standing,Static stretch,Common,Point one foot behind you and gently press the top of the foot toward the floor.,https://www.mayoclinic.org/healthy-lifestyle/fitness/in-depth/stretching/art-20047931; https://www.mayoclinic.org/healthy-lifestyle/fitness/in-depth/stretching/art-20546848; https://www.nhs.uk/live-well/exercise/flexibility-exercises/; https://www.acefitness.org/resources/everyone/exercise-library/,"1) Face a sturdy chair and place hands, elbows, or feet on it for light support. 2) Point one foot behind you and gently press the top of the foot toward the floor. 3) Move only through a comfortable range in the toes, arch, ankle, or shin. 4) Pause briefly or breathe through a light hold. 5) Return to neutral and repeat on the other side if needed.","1) Keep the knee and foot aligned and avoid twisting into discomfort. 2) Keep the stretch gentle and slow. 3) Do not bounce or force the end range. 4) Breathe steadily and aim for a mild pull rather than pain. 5) Use only a stable surface that will not slide, tip, or open unexpectedly. 6) Warm up first or do these after activity if holding a longer static stretch.",
Stretch/Mobility,ST723,Seated Shin Box Ankle Stretch,Legs & Feet,"Ankles, shins, hips",Intermediate,None,Seated,Static stretch,Variant,Sit in shin box and adjust the rear foot to stretch the ankle gently.,https://www.mayoclinic.org/healthy-lifestyle/fitness/in-depth/stretching/art-20047931; https://www.mayoclinic.org/healthy-lifestyle/fitness/in-depth/stretching/art-20546848; https://www.nhs.uk/live-well/exercise/flexibility-exercises/; https://www.acefitness.org/resources/everyone/exercise-library/,"1) Sit tall on the floor or a chair with the pelvis supported. 2) Sit in shin box and adjust the rear foot to stretch the ankle gently. 3) Move only through a comfortable range in the toes, arch, ankle, or shin. 4) Pause briefly or breathe through a light hold. 5) Return to neutral and repeat on the other side if needed.",1) Keep the knee and foot aligned and avoid twisting into discomfort. 2) Keep the stretch gentle and slow. 3) Do not bounce or force the end range. 4) Breathe steadily and aim for a mild pull rather than pain. 5) Warm up first or do these after activity if holding a longer static stretch.,
Stretch/Mobility,ST724,Knee Extension Floss with Towel,Legs & Feet,"Hamstrings, knee mobility",Beginner,Towel and chair,Seated,Mobility,Common,Loop a towel behind the thigh and slowly straighten and bend the knee.,https://www.mayoclinic.org/healthy-lifestyle/fitness/in-depth/stretching/art-20047931; https://www.mayoclinic.org/healthy-lifestyle/fitness/in-depth/stretching/art-20546848; https://www.nhs.uk/live-well/exercise/flexibility-exercises/; https://www.acefitness.org/resources/everyone/exercise-library/,"1) Set up in the seated position with the target leg supported or planted. 2) Loop a towel behind the thigh and slowly straighten and bend the knee. 3) Move until you feel a gentle stretch through the thigh, hamstring, calf, shin, or foot. 4) Hold or move through the range slowly while breathing. 5) Release gradually and switch sides when needed.","1) Keep the knee and foot aligned and avoid twisting into discomfort. 2) Keep the stretch gentle and slow. 3) Do not bounce or force the end range. 4) Breathe steadily and aim for a mild pull rather than pain. 5) Use only a stable surface that will not slide, tip, or open unexpectedly. 6) Warm up first or do these after activity if holding a longer static stretch.",
Stretch/Mobility,ST725,Standing Knee Flexion Mobility,Legs & Feet,"Quads, knees",Beginner,Chair optional,Standing,Mobility,Common,"Bend one knee to bring the heel toward the glutes, then lower slowly.",https://www.mayoclinic.org/healthy-lifestyle/fitness/in-depth/stretching/art-20047931; https://www.mayoclinic.org/healthy-lifestyle/fitness/in-depth/stretching/art-20546848; https://www.nhs.uk/live-well/exercise/flexibility-exercises/; https://www.acefitness.org/resources/everyone/exercise-library/,"1) Set up in the standing position with the target leg supported or planted. 2) Bend one knee to bring the heel toward the glutes, then lower slowly. 3) Move until you feel a gentle stretch through the thigh, hamstring, calf, shin, or foot. 4) Hold or move through the range slowly while breathing. 5) Release gradually and switch sides when needed.","1) Keep the knee and foot aligned and avoid twisting into discomfort. 2) Keep the stretch gentle and slow. 3) Do not bounce or force the end range. 4) Breathe steadily and aim for a mild pull rather than pain. 5) Use only a stable surface that will not slide, tip, or open unexpectedly. 6) Warm up first or do these after activity if holding a longer static stretch.",
Stretch/Mobility,ST726,Seated Knee CAR,Legs & Feet,"Knee joint, quads, hamstrings",Beginner,Chair,Seated,Mobility,Variant,"Slowly straighten, rotate gently, and bend the knee in a controlled circle.",https://www.mayoclinic.org/healthy-lifestyle/fitness/in-depth/stretching/art-20047931; https://www.mayoclinic.org/healthy-lifestyle/fitness/in-depth/stretching/art-20546848; https://www.nhs.uk/live-well/exercise/flexibility-exercises/; https://www.acefitness.org/resources/everyone/exercise-library/,"1) Set up in the seated position with the target leg supported or planted. 2) Slowly straighten, rotate gently, and bend the knee in a controlled circle. 3) Move until you feel a gentle stretch through the thigh, hamstring, calf, shin, or foot. 4) Hold or move through the range slowly while breathing. 5) Release gradually and switch sides when needed.","1) Keep the knee and foot aligned and avoid twisting into discomfort. 2) Keep the stretch gentle and slow. 3) Do not bounce or force the end range. 4) Breathe steadily and aim for a mild pull rather than pain. 5) Use only a stable surface that will not slide, tip, or open unexpectedly. 6) Warm up first or do these after activity if holding a longer static stretch.",
Stretch/Mobility,ST727,Lateral Hamstring Stretch on Step,Legs & Feet,"Outer hamstrings, calf",Beginner,Low step,Standing,Static stretch,Variant,Place the heel on a step and angle the torso slightly to the outside of the leg.,https://www.mayoclinic.org/healthy-lifestyle/fitness/in-depth/stretching/art-20047931; https://www.mayoclinic.org/healthy-lifestyle/fitness/in-depth/stretching/art-20546848; https://www.nhs.uk/live-well/exercise/flexibility-exercises/; https://www.acefitness.org/resources/everyone/exercise-library/,"1) Set up in the standing position with the target leg supported or planted. 2) Place the heel on a step and angle the torso slightly to the outside of the leg. 3) Move until you feel a gentle stretch through the thigh, hamstring, calf, shin, or foot. 4) Hold or move through the range slowly while breathing. 5) Release gradually and switch sides when needed.","1) Keep the knee and foot aligned and avoid twisting into discomfort. 2) Keep the stretch gentle and slow. 3) Do not bounce or force the end range. 4) Breathe steadily and aim for a mild pull rather than pain. 5) Use only a stable surface that will not slide, tip, or open unexpectedly. 6) Warm up first or do these after activity if holding a longer static stretch.",
Stretch/Mobility,ST728,Medial Hamstring Stretch on Step,Legs & Feet,"Inner hamstrings, adductors",Beginner,Low step,Standing,Static stretch,Variant,Place the heel on a step and angle the torso slightly to the inside of the leg.,https://www.mayoclinic.org/healthy-lifestyle/fitness/in-depth/stretching/art-20047931; https://www.mayoclinic.org/healthy-lifestyle/fitness/in-depth/stretching/art-20546848; https://www.nhs.uk/live-well/exercise/flexibility-exercises/; https://www.acefitness.org/resources/everyone/exercise-library/,"1) Set up in the standing position with the target leg supported or planted. 2) Place the heel on a step and angle the torso slightly to the inside of the leg. 3) Move until you feel a gentle stretch through the thigh, hamstring, calf, shin, or foot. 4) Hold or move through the range slowly while breathing. 5) Release gradually and switch sides when needed.","1) Keep the knee and foot aligned and avoid twisting into discomfort. 2) Keep the stretch gentle and slow. 3) Do not bounce or force the end range. 4) Breathe steadily and aim for a mild pull rather than pain. 5) Use only a stable surface that will not slide, tip, or open unexpectedly. 6) Warm up first or do these after activity if holding a longer static stretch.",
Stretch/Mobility,ST729,Outer Hip-to-Hamstring Cross Stretch,Legs & Feet,"Outer hip, hamstrings",Beginner,None,Standing,Static stretch,Variant,Cross one foot behind the other and fold slightly toward the front leg.,https://www.mayoclinic.org/healthy-lifestyle/fitness/in-depth/stretching/art-20047931; https://www.mayoclinic.org/healthy-lifestyle/fitness/in-depth/stretching/art-20546848; https://www.nhs.uk/live-well/exercise/flexibility-exercises/; https://www.acefitness.org/resources/everyone/exercise-library/,"1) Set up in the standing position with the target leg supported or planted. 2) Cross one foot behind the other and fold slightly toward the front leg. 3) Move until you feel a gentle stretch through the thigh, hamstring, calf, shin, or foot. 4) Hold or move through the range slowly while breathing. 5) Release gradually and switch sides when needed.",1) Keep the knee and foot aligned and avoid twisting into discomfort. 2) Keep the stretch gentle and slow. 3) Do not bounce or force the end range. 4) Breathe steadily and aim for a mild pull rather than pain. 5) Warm up first or do these after activity if holding a longer static stretch.,
Stretch/Mobility,ST730,Sun Salutation A Slow Flow,Full-Body Mobility & Recovery,"Full body, spine, hips, shoulders",Beginner,None,Standing to floor,Flow,Common,Move through a slower version of sun salutation with pauses in each shape.,https://www.mayoclinic.org/healthy-lifestyle/fitness/in-depth/stretching/art-20047931; https://www.mayoclinic.org/healthy-lifestyle/fitness/in-depth/stretching/art-20546848; https://www.nhs.uk/live-well/exercise/flexibility-exercises/; https://www.acefitness.org/resources/everyone/exercise-library/,1) Start in the first standing to floor position with slow breathing. 2) Move through a slower version of sun salutation with pauses in each shape. 3) Move through each position in order without rushing. 4) Pause briefly in any area that feels tight but not painful. 5) Return to a comfortable resting position and repeat the flow if desired.,1) Move at a pace where each position is clear and controlled. 2) Keep the stretch gentle and slow. 3) Do not bounce or force the end range. 4) Breathe steadily and aim for a mild pull rather than pain. 5) Warm up first or do these after activity if holding a longer static stretch.,
Stretch/Mobility,ST731,Sun Salutation A Chair Flow,Full-Body Mobility & Recovery,"Full body, shoulders, hips",Beginner,Chair,Standing,Flow,Variant,Use a chair for support while moving through a gentle sun-salutation-inspired flow.,https://www.mayoclinic.org/healthy-lifestyle/fitness/in-depth/stretching/art-20047931; https://www.mayoclinic.org/healthy-lifestyle/fitness/in-depth/stretching/art-20546848; https://www.nhs.uk/live-well/exercise/flexibility-exercises/; https://www.acefitness.org/resources/everyone/exercise-library/,1) Start in the first standing position with slow breathing. 2) Use a chair for support while moving through a gentle sun-salutation-inspired flow. 3) Move through each position in order without rushing. 4) Pause briefly in any area that feels tight but not painful. 5) Return to a comfortable resting position and repeat the flow if desired.,"1) Move at a pace where each position is clear and controlled. 2) Keep the stretch gentle and slow. 3) Do not bounce or force the end range. 4) Breathe steadily and aim for a mild pull rather than pain. 5) Use only a stable surface that will not slide, tip, or open unexpectedly. 6) Warm up first or do these after activity if holding a longer static stretch.",
Stretch/Mobility,ST732,Chair Cat-Cow to Side Reach,Full-Body Mobility & Recovery,"Spine, ribs, shoulders",Beginner,Chair,Seated,Flow,Common,Flow from seated cat-cow into a side reach on each side.,https://www.mayoclinic.org/healthy-lifestyle/fitness/in-depth/stretching/art-20047931; https://www.mayoclinic.org/healthy-lifestyle/fitness/in-depth/stretching/art-20546848; https://www.nhs.uk/live-well/exercise/flexibility-exercises/; https://www.acefitness.org/resources/everyone/exercise-library/,1) Start in the first seated position with slow breathing. 2) Flow from seated cat-cow into a side reach on each side. 3) Move through each position in order without rushing. 4) Pause briefly in any area that feels tight but not painful. 5) Return to a comfortable resting position and repeat the flow if desired.,"1) Move at a pace where each position is clear and controlled. 2) Keep the stretch gentle and slow. 3) Do not bounce or force the end range. 4) Breathe steadily and aim for a mild pull rather than pain. 5) Use only a stable surface that will not slide, tip, or open unexpectedly. 6) Warm up first or do these after activity if holding a longer static stretch.",
Stretch/Mobility,ST733,Desk Shoulder-Hip Reset,Full-Body Mobility & Recovery,"Shoulders, hips, spine",Beginner,Desk or counter,Standing,Flow,Common,"Use a desk for a short sequence of shoulder, hip, and back mobility.",https://www.mayoclinic.org/healthy-lifestyle/fitness/in-depth/stretching/art-20047931; https://www.mayoclinic.org/healthy-lifestyle/fitness/in-depth/stretching/art-20546848; https://www.nhs.uk/live-well/exercise/flexibility-exercises/; https://www.acefitness.org/resources/everyone/exercise-library/,"1) Start in the first standing position with slow breathing. 2) Use a desk for a short sequence of shoulder, hip, and back mobility. 3) Move through each position in order without rushing. 4) Pause briefly in any area that feels tight but not painful. 5) Return to a comfortable resting position and repeat the flow if desired.",1) Move at a pace where each position is clear and controlled. 2) Keep the stretch gentle and slow. 3) Do not bounce or force the end range. 4) Breathe steadily and aim for a mild pull rather than pain. 5) Warm up first or do these after activity if holding a longer static stretch.,
Stretch/Mobility,ST734,Morning Floor Mobility Flow,Full-Body Mobility & Recovery,Full body,Beginner,None,Floor,Flow,Common,"Move through gentle floor positions to wake up hips, spine, and shoulders.",https://www.mayoclinic.org/healthy-lifestyle/fitness/in-depth/stretching/art-20047931; https://www.mayoclinic.org/healthy-lifestyle/fitness/in-depth/stretching/art-20546848; https://www.nhs.uk/live-well/exercise/flexibility-exercises/; https://www.acefitness.org/resources/everyone/exercise-library/,"1) Start in the first floor position with slow breathing. 2) Move through gentle floor positions to wake up hips, spine, and shoulders. 3) Move through each position in order without rushing. 4) Pause briefly in any area that feels tight but not painful. 5) Return to a comfortable resting position and repeat the flow if desired.",1) Move at a pace where each position is clear and controlled. 2) Keep the stretch gentle and slow. 3) Do not bounce or force the end range. 4) Breathe steadily and aim for a mild pull rather than pain. 5) Warm up first or do these after activity if holding a longer static stretch.,
Stretch/Mobility,ST735,Bedtime Supine Mobility Flow,Full-Body Mobility & Recovery,"Back, hips, shoulders",Beginner,None,Supine,Flow,Common,Move through easy lying stretches before bed with slow breathing.,https://www.mayoclinic.org/healthy-lifestyle/fitness/in-depth/stretching/art-20047931; https://www.mayoclinic.org/healthy-lifestyle/fitness/in-depth/stretching/art-20546848; https://www.nhs.uk/live-well/exercise/flexibility-exercises/; https://www.acefitness.org/resources/everyone/exercise-library/,1) Start in the first supine position with slow breathing. 2) Move through easy lying stretches before bed with slow breathing. 3) Move through each position in order without rushing. 4) Pause briefly in any area that feels tight but not painful. 5) Return to a comfortable resting position and repeat the flow if desired.,1) Move at a pace where each position is clear and controlled. 2) Keep the stretch gentle and slow. 3) Do not bounce or force the end range. 4) Breathe steadily and aim for a mild pull rather than pain. 5) Warm up first or do these after activity if holding a longer static stretch.,
Stretch/Mobility,ST736,Low Lunge to Pigeon Flow,Full-Body Mobility & Recovery,"Hip flexors, glutes",Intermediate,None,Floor,Flow,Variant,Flow from low lunge into pigeon or figure-four style hip stretch.,https://www.mayoclinic.org/healthy-lifestyle/fitness/in-depth/stretching/art-20047931; https://www.mayoclinic.org/healthy-lifestyle/fitness/in-depth/stretching/art-20546848; https://www.nhs.uk/live-well/exercise/flexibility-exercises/; https://www.acefitness.org/resources/everyone/exercise-library/,1) Start in the first floor position with slow breathing. 2) Flow from low lunge into pigeon or figure-four style hip stretch. 3) Move through each position in order without rushing. 4) Pause briefly in any area that feels tight but not painful. 5) Return to a comfortable resting position and repeat the flow if desired.,1) Move at a pace where each position is clear and controlled. 2) Keep the stretch gentle and slow. 3) Do not bounce or force the end range. 4) Breathe steadily and aim for a mild pull rather than pain. 5) Warm up first or do these after activity if holding a longer static stretch.,
Stretch/Mobility,ST737,Squat-to-Lunge Mobility Flow,Full-Body Mobility & Recovery,"Hips, ankles, spine",Intermediate,None,Standing to floor,Flow,Variant,Alternate between a supported squat and low lunge mobility position.,https://www.mayoclinic.org/healthy-lifestyle/fitness/in-depth/stretching/art-20047931; https://www.mayoclinic.org/healthy-lifestyle/fitness/in-depth/stretching/art-20546848; https://www.nhs.uk/live-well/exercise/flexibility-exercises/; https://www.acefitness.org/resources/everyone/exercise-library/,1) Start in the first standing to floor position with slow breathing. 2) Alternate between a supported squat and low lunge mobility position. 3) Move through each position in order without rushing. 4) Pause briefly in any area that feels tight but not painful. 5) Return to a comfortable resting position and repeat the flow if desired.,1) Move at a pace where each position is clear and controlled. 2) Keep the stretch gentle and slow. 3) Do not bounce or force the end range. 4) Breathe steadily and aim for a mild pull rather than pain. 5) Warm up first or do these after activity if holding a longer static stretch.,
Stretch/Mobility,ST738,Spinal Wave to Forward Fold,Full-Body Mobility & Recovery,"Spine, hamstrings",Beginner,None,Standing,Flow,Common,Wave the spine through extension and flexion before folding forward.,https://www.mayoclinic.org/healthy-lifestyle/fitness/in-depth/stretching/art-20047931; https://www.mayoclinic.org/healthy-lifestyle/fitness/in-depth/stretching/art-20546848; https://www.nhs.uk/live-well/exercise/flexibility-exercises/; https://www.acefitness.org/resources/everyone/exercise-library/,1) Start in the first standing position with slow breathing. 2) Wave the spine through extension and flexion before folding forward. 3) Move through each position in order without rushing. 4) Pause briefly in any area that feels tight but not painful. 5) Return to a comfortable resting position and repeat the flow if desired.,1) Move at a pace where each position is clear and controlled. 2) Keep the stretch gentle and slow. 3) Do not bounce or force the end range. 4) Breathe steadily and aim for a mild pull rather than pain. 5) Warm up first or do these after activity if holding a longer static stretch.,
Stretch/Mobility,ST739,Standing Reach-Rotate-Fold Flow,Full-Body Mobility & Recovery,"Shoulders, spine, hamstrings",Beginner,None,Standing,Flow,Common,"Reach up, rotate gently, then fold forward with soft knees.",https://www.mayoclinic.org/healthy-lifestyle/fitness/in-depth/stretching/art-20047931; https://www.mayoclinic.org/healthy-lifestyle/fitness/in-depth/stretching/art-20546848; https://www.nhs.uk/live-well/exercise/flexibility-exercises/; https://www.acefitness.org/resources/everyone/exercise-library/,"1) Start in the first standing position with slow breathing. 2) Reach up, rotate gently, then fold forward with soft knees. 3) Move through each position in order without rushing. 4) Pause briefly in any area that feels tight but not painful. 5) Return to a comfortable resting position and repeat the flow if desired.",1) Move at a pace where each position is clear and controlled. 2) Keep the stretch gentle and slow. 3) Do not bounce or force the end range. 4) Breathe steadily and aim for a mild pull rather than pain. 5) Warm up first or do these after activity if holding a longer static stretch.,
Stretch/Mobility,ST740,Wall-Assisted Full-Body Opener,Full-Body Mobility & Recovery,"Chest, lats, hips, calves",Beginner,Wall,Standing,Flow,Common,"Use a wall to move through chest, lat, hip, and calf openers.",https://www.mayoclinic.org/healthy-lifestyle/fitness/in-depth/stretching/art-20047931; https://www.mayoclinic.org/healthy-lifestyle/fitness/in-depth/stretching/art-20546848; https://www.nhs.uk/live-well/exercise/flexibility-exercises/; https://www.acefitness.org/resources/everyone/exercise-library/,"1) Start in the first standing position with slow breathing. 2) Use a wall to move through chest, lat, hip, and calf openers. 3) Move through each position in order without rushing. 4) Pause briefly in any area that feels tight but not painful. 5) Return to a comfortable resting position and repeat the flow if desired.","1) Move at a pace where each position is clear and controlled. 2) Keep the stretch gentle and slow. 3) Do not bounce or force the end range. 4) Breathe steadily and aim for a mild pull rather than pain. 5) Stand close enough to control the movement without jamming your wrists, shoulders, or back. 6) Warm up first or do these after activity if holding a longer static stretch.",
Stretch/Mobility,ST741,Couch Hip-and-Chest Reset,Full-Body Mobility & Recovery,"Hip flexors, chest, shoulders",Beginner,Couch,Standing/kneeling,Flow,Common,Use a couch for a gentle hip flexor stretch and chest opener sequence.,https://www.mayoclinic.org/healthy-lifestyle/fitness/in-depth/stretching/art-20047931; https://www.mayoclinic.org/healthy-lifestyle/fitness/in-depth/stretching/art-20546848; https://www.nhs.uk/live-well/exercise/flexibility-exercises/; https://www.acefitness.org/resources/everyone/exercise-library/,1) Start in the first standing/kneeling position with slow breathing. 2) Use a couch for a gentle hip flexor stretch and chest opener sequence. 3) Move through each position in order without rushing. 4) Pause briefly in any area that feels tight but not painful. 5) Return to a comfortable resting position and repeat the flow if desired.,"1) Move at a pace where each position is clear and controlled. 2) Keep the stretch gentle and slow. 3) Do not bounce or force the end range. 4) Breathe steadily and aim for a mild pull rather than pain. 5) Use only a stable surface that will not slide, tip, or open unexpectedly. 6) Warm up first or do these after activity if holding a longer static stretch.",
Stretch/Mobility,ST742,Half-Kneeling Side-Body Flow,Full-Body Mobility & Recovery,"Hip flexors, ribs, lats",Beginner,None,Half-kneeling,Flow,Common,Move from half-kneeling hip flexor stretch into side-body reaches.,https://www.mayoclinic.org/healthy-lifestyle/fitness/in-depth/stretching/art-20047931; https://www.mayoclinic.org/healthy-lifestyle/fitness/in-depth/stretching/art-20546848; https://www.nhs.uk/live-well/exercise/flexibility-exercises/; https://www.acefitness.org/resources/everyone/exercise-library/,1) Start in the first half-kneeling position with slow breathing. 2) Move from half-kneeling hip flexor stretch into side-body reaches. 3) Move through each position in order without rushing. 4) Pause briefly in any area that feels tight but not painful. 5) Return to a comfortable resting position and repeat the flow if desired.,1) Move at a pace where each position is clear and controlled. 2) Keep the stretch gentle and slow. 3) Do not bounce or force the end range. 4) Breathe steadily and aim for a mild pull rather than pain. 5) Warm up first or do these after activity if holding a longer static stretch.,
Stretch/Mobility,ST743,Quadruped Rock-to-Lunge Flow,Full-Body Mobility & Recovery,"Hips, ankles, spine",Beginner,None,Quadruped to lunge,Flow,Common,"Rock back on all fours, then step forward into a lunge stretch.",https://www.mayoclinic.org/healthy-lifestyle/fitness/in-depth/stretching/art-20047931; https://www.mayoclinic.org/healthy-lifestyle/fitness/in-depth/stretching/art-20546848; https://www.nhs.uk/live-well/exercise/flexibility-exercises/; https://www.acefitness.org/resources/everyone/exercise-library/,"1) Start in the first quadruped to lunge position with slow breathing. 2) Rock back on all fours, then step forward into a lunge stretch. 3) Move through each position in order without rushing. 4) Pause briefly in any area that feels tight but not painful. 5) Return to a comfortable resting position and repeat the flow if desired.",1) Move at a pace where each position is clear and controlled. 2) Keep the stretch gentle and slow. 3) Do not bounce or force the end range. 4) Breathe steadily and aim for a mild pull rather than pain. 5) Warm up first or do these after activity if holding a longer static stretch.,
Stretch/Mobility,ST744,Down Dog to Low Lunge Flow,Full-Body Mobility & Recovery,"Hamstrings, calves, hip flexors",Intermediate,None,Floor,Flow,Common,Flow between downward dog and low lunge on each side.,https://www.mayoclinic.org/healthy-lifestyle/fitness/in-depth/stretching/art-20047931; https://www.mayoclinic.org/healthy-lifestyle/fitness/in-depth/stretching/art-20546848; https://www.nhs.uk/live-well/exercise/flexibility-exercises/; https://www.acefitness.org/resources/everyone/exercise-library/,1) Start in the first floor position with slow breathing. 2) Flow between downward dog and low lunge on each side. 3) Move through each position in order without rushing. 4) Pause briefly in any area that feels tight but not painful. 5) Return to a comfortable resting position and repeat the flow if desired.,1) Move at a pace where each position is clear and controlled. 2) Keep the stretch gentle and slow. 3) Do not bounce or force the end range. 4) Breathe steadily and aim for a mild pull rather than pain. 5) Warm up first or do these after activity if holding a longer static stretch.,
Stretch/Mobility,ST745,Child's Pose to Cobra Wave,Full-Body Mobility & Recovery,"Spine, hips, chest",Beginner,None,Floor,Flow,Common,Move from child’s pose forward into a gentle cobra and back.,https://www.mayoclinic.org/healthy-lifestyle/fitness/in-depth/stretching/art-20047931; https://www.mayoclinic.org/healthy-lifestyle/fitness/in-depth/stretching/art-20546848; https://www.nhs.uk/live-well/exercise/flexibility-exercises/; https://www.acefitness.org/resources/everyone/exercise-library/,1) Start in the first floor position with slow breathing. 2) Move from child’s pose forward into a gentle cobra and back. 3) Move through each position in order without rushing. 4) Pause briefly in any area that feels tight but not painful. 5) Return to a comfortable resting position and repeat the flow if desired.,1) Move at a pace where each position is clear and controlled. 2) Keep the stretch gentle and slow. 3) Do not bounce or force the end range. 4) Breathe steadily and aim for a mild pull rather than pain. 5) Warm up first or do these after activity if holding a longer static stretch.,
Stretch/Mobility,ST746,Seated Neck-Shoulder-Wrist Flow,Full-Body Mobility & Recovery,"Neck, shoulders, wrists",Beginner,Chair,Seated,Flow,Common,"Combine easy neck turns, shoulder rolls, and wrist circles while seated.",https://www.mayoclinic.org/healthy-lifestyle/fitness/in-depth/stretching/art-20047931; https://www.mayoclinic.org/healthy-lifestyle/fitness/in-depth/stretching/art-20546848; https://www.nhs.uk/live-well/exercise/flexibility-exercises/; https://www.acefitness.org/resources/everyone/exercise-library/,"1) Start in the first seated position with slow breathing. 2) Combine easy neck turns, shoulder rolls, and wrist circles while seated. 3) Move through each position in order without rushing. 4) Pause briefly in any area that feels tight but not painful. 5) Return to a comfortable resting position and repeat the flow if desired.","1) Move at a pace where each position is clear and controlled. 2) Keep the stretch gentle and slow. 3) Do not bounce or force the end range. 4) Breathe steadily and aim for a mild pull rather than pain. 5) Use only a stable surface that will not slide, tip, or open unexpectedly. 6) Warm up first or do these after activity if holding a longer static stretch.",
Stretch/Mobility,ST747,Standing Ankles-Hips-Spine Flow,Full-Body Mobility & Recovery,"Ankles, hips, spine",Beginner,None,Standing,Flow,Common,"Move through ankle rocks, hip circles, and spinal rotations while standing.",https://www.mayoclinic.org/healthy-lifestyle/fitness/in-depth/stretching/art-20047931; https://www.mayoclinic.org/healthy-lifestyle/fitness/in-depth/stretching/art-20546848; https://www.nhs.uk/live-well/exercise/flexibility-exercises/; https://www.acefitness.org/resources/everyone/exercise-library/,"1) Start in the first standing position with slow breathing. 2) Move through ankle rocks, hip circles, and spinal rotations while standing. 3) Move through each position in order without rushing. 4) Pause briefly in any area that feels tight but not painful. 5) Return to a comfortable resting position and repeat the flow if desired.",1) Move at a pace where each position is clear and controlled. 2) Keep the stretch gentle and slow. 3) Do not bounce or force the end range. 4) Breathe steadily and aim for a mild pull rather than pain. 5) Warm up first or do these after activity if holding a longer static stretch.,
Stretch/Mobility,ST748,Post-Sitting Reset Flow,Full-Body Mobility & Recovery,"Hips, back, chest",Beginner,Chair or wall,Standing,Flow,Common,"Use a short standing sequence to open hips, back, and chest after sitting.",https://www.mayoclinic.org/healthy-lifestyle/fitness/in-depth/stretching/art-20047931; https://www.mayoclinic.org/healthy-lifestyle/fitness/in-depth/stretching/art-20546848; https://www.nhs.uk/live-well/exercise/flexibility-exercises/; https://www.acefitness.org/resources/everyone/exercise-library/,"1) Start in the first standing position with slow breathing. 2) Use a short standing sequence to open hips, back, and chest after sitting. 3) Move through each position in order without rushing. 4) Pause briefly in any area that feels tight but not painful. 5) Return to a comfortable resting position and repeat the flow if desired.","1) Move at a pace where each position is clear and controlled. 2) Keep the stretch gentle and slow. 3) Do not bounce or force the end range. 4) Breathe steadily and aim for a mild pull rather than pain. 5) Use only a stable surface that will not slide, tip, or open unexpectedly. 6) Warm up first or do these after activity if holding a longer static stretch.",
Stretch/Mobility,ST749,Gentle Full-Body Mobility Scan,Full-Body Mobility & Recovery,Full body awareness,Beginner,None,Standing or floor,Recovery,Common,Move slowly through major joints and notice where you feel stiff or restricted.,https://www.mayoclinic.org/healthy-lifestyle/fitness/in-depth/stretching/art-20047931; https://www.mayoclinic.org/healthy-lifestyle/fitness/in-depth/stretching/art-20546848; https://www.nhs.uk/live-well/exercise/flexibility-exercises/; https://www.acefitness.org/resources/everyone/exercise-library/,1) Start in the first standing or floor position with slow breathing. 2) Move slowly through major joints and notice where you feel stiff or restricted. 3) Move through each position in order without rushing. 4) Pause briefly in any area that feels tight but not painful. 5) Return to a comfortable resting position and repeat the flow if desired.,1) Move at a pace where each position is clear and controlled. 2) Keep the stretch gentle and slow. 3) Do not bounce or force the end range. 4) Breathe steadily and aim for a mild pull rather than pain. 5) Warm up first or do these after activity if holding a longer static stretch.,
Stretch/Mobility,ST750,Seated Ankle Inversion-Eversion with Toe Spread,Legs & Feet,"Ankles, toes, shins",Beginner,Chair,Seated,Mobility,Variant,"Move the sole inward and outward, then spread the toes before relaxing.",https://www.mayoclinic.org/healthy-lifestyle/fitness/in-depth/stretching/art-20047931; https://www.mayoclinic.org/healthy-lifestyle/fitness/in-depth/stretching/art-20546848; https://www.nhs.uk/live-well/exercise/flexibility-exercises/; https://www.acefitness.org/resources/everyone/exercise-library/,"1) Sit tall on a sturdy chair with feet flat and the working limb positioned comfortably. 2) Move the sole inward and outward, then spread the toes before relaxing. 3) Move only through a comfortable range in the toes, arch, ankle, or shin. 4) Pause briefly or breathe through a light hold. 5) Return to neutral and repeat on the other side if needed.","1) Keep the knee and foot aligned and avoid twisting into discomfort. 2) Keep the stretch gentle and slow. 3) Do not bounce or force the end range. 4) Breathe steadily and aim for a mild pull rather than pain. 5) Use only a stable surface that will not slide, tip, or open unexpectedly. 6) Warm up first or do these after activity if holding a longer static stretch.",
